Date,MonthYear,Institution,Population
Jan-18,01-2018,ASP,4157
Jan-18,01-2018,CAC,2401
Jan-18,01-2018,CAL,3699
Jan-18,01-2018,CCC,4443
Jan-18,01-2018,CCI,3381
Jan-18,01-2018,CCWF,2941
Jan-18,01-2018,CEN,3346
Jan-18,01-2018,CHCF,2480
Jan-18,01-2018,CIM,3503
Jan-18,01-2018,CIW,1837
Jan-18,01-2018,CMC,3936
Jan-18,01-2018,CMF,2475
Jan-18,01-2018,COR,3069
Jan-18,01-2018,CRC,2547
Jan-18,01-2018,CTF,5139
Jan-18,01-2018,CVSP,2885
Jan-18,01-2018,DVI,2166
Jan-18,01-2018,FOL,2804
Jan-18,01-2018,HDSP,3415
Jan-18,01-2018,ISP,2805
Jan-18,01-2018,KVSP,3592
Jan-18,01-2018,LAC,3344
Jan-18,01-2018,MCSP,4082
Jan-18,01-2018,NKSP,4320
Jan-18,01-2018,PBSP,2617
Jan-18,01-2018,PVSP,2867
Jan-18,01-2018,RJD,3874
Jan-18,01-2018,SAC,2122
Jan-18,01-2018,SATF,5621
Jan-18,01-2018,SCC,4275
Jan-18,01-2018,SOL,3765
Jan-18,01-2018,SQ,3837
Jan-18,01-2018,SVSP,3547
Jan-18,01-2018,VSP,3565
Jan-18,01-2018,WSP,4971
Feb-18,02-2018,ASP,4237
Feb-18,02-2018,CAC,2297
Feb-18,02-2018,CAL,3685
Feb-18,02-2018,CCC,4468
Feb-18,02-2018,CCI,3350
Feb-18,02-2018,CCWF,2927
Feb-18,02-2018,CEN,3318
Feb-18,02-2018,CHCF,2562
Feb-18,02-2018,CIM,3547
Feb-18,02-2018,CIW,1819
Feb-18,02-2018,CMC,3894
Feb-18,02-2018,CMF,2400
Feb-18,02-2018,COR,3112
Feb-18,02-2018,CRC,2502
Feb-18,02-2018,CTF,5235
Feb-18,02-2018,CVSP,2902
Feb-18,02-2018,DVI,2219
Feb-18,02-2018,FOL,2795
Feb-18,02-2018,HDSP,3477
Feb-18,02-2018,ISP,2822
Feb-18,02-2018,KVSP,3439
Feb-18,02-2018,LAC,3273
Feb-18,02-2018,MCSP,4127
Feb-18,02-2018,NKSP,4261
Feb-18,02-2018,PBSP,2657
Feb-18,02-2018,PVSP,2887
Feb-18,02-2018,RJD,3885
Feb-18,02-2018,SAC,2163
Feb-18,02-2018,SATF,5743
Feb-18,02-2018,SCC,4269
Feb-18,02-2018,SOL,3766
Feb-18,02-2018,SQ,3746
Feb-18,02-2018,SVSP,3490
Feb-18,02-2018,VSP,3517
Feb-18,02-2018,WSP,4969
Mar-18,03-2018,ASP,4281
Mar-18,03-2018,CAC,2262
Mar-18,03-2018,CAL,3659
Mar-18,03-2018,CCC,4530
Mar-18,03-2018,CCI,3292
Mar-18,03-2018,CCWF,2944
Mar-18,03-2018,CEN,3377
Mar-18,03-2018,CHCF,2616
Mar-18,03-2018,CIM,3608
Mar-18,03-2018,CIW,1802
Mar-18,03-2018,CMC,3845
Mar-18,03-2018,CMF,2365
Mar-18,03-2018,COR,3140
Mar-18,03-2018,CRC,2502
Mar-18,03-2018,CTF,5333
Mar-18,03-2018,CVSP,3009
Mar-18,03-2018,DVI,2244
Mar-18,03-2018,FOL,2807
Mar-18,03-2018,HDSP,3480
Mar-18,03-2018,ISP,2825
Mar-18,03-2018,KVSP,3416
Mar-18,03-2018,LAC,3234
Mar-18,03-2018,MCSP,4185
Mar-18,03-2018,NKSP,4230
Mar-18,03-2018,PBSP,2682
Mar-18,03-2018,PVSP,2877
Mar-18,03-2018,RJD,3905
Mar-18,03-2018,SAC,2169
Mar-18,03-2018,SATF,5842
Mar-18,03-2018,SCC,4289
Mar-18,03-2018,SOL,3865
Mar-18,03-2018,SQ,3619
Mar-18,03-2018,SVSP,3439
Mar-18,03-2018,VSP,3500
Mar-18,03-2018,WSP,5090
Apr-18,04-2018,ASP,4251
Apr-18,04-2018,CAC,2269
Apr-18,04-2018,CAL,3637
Apr-18,04-2018,CCC,4536
Apr-18,04-2018,CCI,3232
Apr-18,04-2018,CCWF,2876
Apr-18,04-2018,CEN,3388
Apr-18,04-2018,CHCF,2631
Apr-18,04-2018,CIM,3492
Apr-18,04-2018,CIW,1849
Apr-18,04-2018,CMC,3807
Apr-18,04-2018,CMF,2401
Apr-18,04-2018,COR,3172
Apr-18,04-2018,CRC,2452
Apr-18,04-2018,CTF,5289
Apr-18,04-2018,CVSP,3018
Apr-18,04-2018,DVI,2319
Apr-18,04-2018,FOL,2795
Apr-18,04-2018,HDSP,3460
Apr-18,04-2018,ISP,2887
Apr-18,04-2018,KVSP,3394
Apr-18,04-2018,LAC,3206
Apr-18,04-2018,MCSP,4223
Apr-18,04-2018,NKSP,4546
Apr-18,04-2018,PBSP,2678
Apr-18,04-2018,PVSP,2889
Apr-18,04-2018,RJD,3903
Apr-18,04-2018,SAC,2148
Apr-18,04-2018,SATF,5980
Apr-18,04-2018,SCC,4207
Apr-18,04-2018,SOL,3929
Apr-18,04-2018,SQ,3543
Apr-18,04-2018,SVSP,3353
Apr-18,04-2018,VSP,3511
Apr-18,04-2018,WSP,4848
May-18,05-2018,ASP,4321
May-18,05-2018,CAC,2246
May-18,05-2018,CAL,3629
May-18,05-2018,CCC,4608
May-18,05-2018,CCI,3252
May-18,05-2018,CCWF,2904
May-18,05-2018,CEN,3398
May-18,05-2018,CHCF,2664
May-18,05-2018,CIM,3580
May-18,05-2018,CIW,1824
May-18,05-2018,CMC,3807
May-18,05-2018,CMF,2450
May-18,05-2018,COR,3152
May-18,05-2018,CRC,2391
May-18,05-2018,CTF,5306
May-18,05-2018,CVSP,2980
May-18,05-2018,DVI,2198
May-18,05-2018,FOL,2765
May-18,05-2018,HDSP,3429
May-18,05-2018,ISP,2944
May-18,05-2018,KVSP,3445
May-18,05-2018,LAC,3205
May-18,05-2018,MCSP,4256
May-18,05-2018,NKSP,4511
May-18,05-2018,PBSP,2664
May-18,05-2018,PVSP,2898
May-18,05-2018,RJD,3873
May-18,05-2018,SAC,2182
May-18,05-2018,SATF,6006
May-18,05-2018,SCC,4266
May-18,05-2018,SOL,3952
May-18,05-2018,SQ,3905
May-18,05-2018,SVSP,3264
May-18,05-2018,VSP,3507
May-18,05-2018,WSP,4938
Jun-18,06-2018,ASP,4326
Jun-18,06-2018,CAC,2222
Jun-18,06-2018,CAL,3618
Jun-18,06-2018,CCC,4711
Jun-18,06-2018,CCI,3331
Jun-18,06-2018,CCWF,2911
Jun-18,06-2018,CEN,3379
Jun-18,06-2018,CHCF,2683
Jun-18,06-2018,CIM,3633
Jun-18,06-2018,CIW,1828
Jun-18,06-2018,CMC,3911
Jun-18,06-2018,CMF,2448
Jun-18,06-2018,COR,3199
Jun-18,06-2018,CRC,2420
Jun-18,06-2018,CTF,5310
Jun-18,06-2018,CVSP,2946
Jun-18,06-2018,DVI,2206
Jun-18,06-2018,FOL,2733
Jun-18,06-2018,HDSP,3420
Jun-18,06-2018,ISP,2904
Jun-18,06-2018,KVSP,3526
Jun-18,06-2018,LAC,3122
Jun-18,06-2018,MCSP,4301
Jun-18,06-2018,NKSP,4310
Jun-18,06-2018,PBSP,2641
Jun-18,06-2018,PVSP,2966
Jun-18,06-2018,RJD,3915
Jun-18,06-2018,SAC,2155
Jun-18,06-2018,SATF,5926
Jun-18,06-2018,SCC,4252
Jun-18,06-2018,SOL,3993
Jun-18,06-2018,SQ,4134
Jun-18,06-2018,SVSP,3190
Jun-18,06-2018,VSP,3487
Jun-18,06-2018,WSP,5030
Jul-18,07-2018,ASP,4326
Jul-18,07-2018,CAC,2150
Jul-18,07-2018,CAL,3566
Jul-18,07-2018,CCC,4727
Jul-18,07-2018,CCI,3339
Jul-18,07-2018,CCWF,2886
Jul-18,07-2018,CEN,3346
Jul-18,07-2018,CHCF,2719
Jul-18,07-2018,CIM,3730
Jul-18,07-2018,CIW,1840
Jul-18,07-2018,CMC,3894
Jul-18,07-2018,CMF,2400
Jul-18,07-2018,COR,3232
Jul-18,07-2018,CRC,2469
Jul-18,07-2018,CTF,5335
Jul-18,07-2018,CVSP,2904
Jul-18,07-2018,DVI,2037
Jul-18,07-2018,FOL,2819
Jul-18,07-2018,HDSP,3464
Jul-18,07-2018,ISP,3065
Jul-18,07-2018,KVSP,3555
Jul-18,07-2018,LAC,3172
Jul-18,07-2018,MCSP,4208
Jul-18,07-2018,NKSP,4378
Jul-18,07-2018,PBSP,2624
Jul-18,07-2018,PVSP,3028
Jul-18,07-2018,RJD,3895
Jul-18,07-2018,SAC,2156
Jul-18,07-2018,SATF,5853
Jul-18,07-2018,SCC,4253
Jul-18,07-2018,SOL,4044
Jul-18,07-2018,SQ,4408
Jul-18,07-2018,SVSP,3166
Jul-18,07-2018,VSP,3459
Jul-18,07-2018,WSP,4994
Aug-18,08-2018,ASP,4346
Aug-18,08-2018,CAC,2235
Aug-18,08-2018,CAL,3457
Aug-18,08-2018,CCC,4888
Aug-18,08-2018,CCI,3410
Aug-18,08-2018,CCWF,2890
Aug-18,08-2018,CEN,3354
Aug-18,08-2018,CHCF,2704
Aug-18,08-2018,CIM,3815
Aug-18,08-2018,CIW,1882
Aug-18,08-2018,CMC,4021
Aug-18,08-2018,CMF,2384
Aug-18,08-2018,COR,3171
Aug-18,08-2018,CRC,2491
Aug-18,08-2018,CTF,5287
Aug-18,08-2018,CVSP,2927
Aug-18,08-2018,DVI,1929
Aug-18,08-2018,FOL,2881
Aug-18,08-2018,HDSP,3396
Aug-18,08-2018,ISP,3114
Aug-18,08-2018,KVSP,3652
Aug-18,08-2018,LAC,3164
Aug-18,08-2018,MCSP,4161
Aug-18,08-2018,NKSP,4139
Aug-18,08-2018,PBSP,2611
Aug-18,08-2018,PVSP,3123
Aug-18,08-2018,RJD,3983
Aug-18,08-2018,SAC,2138
Aug-18,08-2018,SATF,5852
Aug-18,08-2018,SCC,4290
Aug-18,08-2018,SOL,4073
Aug-18,08-2018,SQ,4406
Aug-18,08-2018,SVSP,3244
Aug-18,08-2018,VSP,3572
Aug-18,08-2018,WSP,4804
Sep-18,09-2018,ASP,4294
Sep-18,09-2018,CAC,2380
Sep-18,09-2018,CAL,3447
Sep-18,09-2018,CCC,4886
Sep-18,09-2018,CCI,3600
Sep-18,09-2018,CCWF,2873
Sep-18,09-2018,CEN,3408
Sep-18,09-2018,CHCF,2700
Sep-18,09-2018,CIM,3781
Sep-18,09-2018,CIW,1886
Sep-18,09-2018,CMC,3948
Sep-18,09-2018,CMF,2393
Sep-18,09-2018,COR,3193
Sep-18,09-2018,CRC,2437
Sep-18,09-2018,CTF,5317
Sep-18,09-2018,CVSP,2910
Sep-18,09-2018,DVI,1847
Sep-18,09-2018,FOL,2953
Sep-18,09-2018,HDSP,3343
Sep-18,09-2018,ISP,3047
Sep-18,09-2018,KVSP,3653
Sep-18,09-2018,LAC,3162
Sep-18,09-2018,MCSP,4111
Sep-18,09-2018,NKSP,4003
Sep-18,09-2018,PBSP,2576
Sep-18,09-2018,PVSP,3249
Sep-18,09-2018,RJD,3951
Sep-18,09-2018,SAC,2075
Sep-18,09-2018,SATF,5819
Sep-18,09-2018,SCC,4291
Sep-18,09-2018,SOL,4110
Sep-18,09-2018,SQ,4365
Sep-18,09-2018,SVSP,3313
Sep-18,09-2018,VSP,3578
Sep-18,09-2018,WSP,4702
Oct-18,10-2018,ASP,4306
Oct-18,10-2018,CAC,2456
Oct-18,10-2018,CAL,3440
Oct-18,10-2018,CCC,4787
Oct-18,10-2018,CCI,3797
Oct-18,10-2018,CCWF,2888
Oct-18,10-2018,CEN,3420
Oct-18,10-2018,CHCF,2685
Oct-18,10-2018,CIM,3529
Oct-18,10-2018,CIW,1863
Oct-18,10-2018,CMC,3853
Oct-18,10-2018,CMF,2367
Oct-18,10-2018,COR,3231
Oct-18,10-2018,CRC,2113
Oct-18,10-2018,CTF,5329
Oct-18,10-2018,CVSP,2759
Oct-18,10-2018,DVI,1926
Oct-18,10-2018,FOL,3124
Oct-18,10-2018,HDSP,3301
Oct-18,10-2018,ISP,3062
Oct-18,10-2018,KVSP,3681
Oct-18,10-2018,LAC,3172
Oct-18,10-2018,MCSP,4025
Oct-18,10-2018,NKSP,4105
Oct-18,10-2018,PBSP,2548
Oct-18,10-2018,PVSP,3266
Oct-18,10-2018,RJD,3912
Oct-18,10-2018,SAC,2039
Oct-18,10-2018,SATF,5678
Oct-18,10-2018,SCC,4308
Oct-18,10-2018,SOL,4055
Oct-18,10-2018,SQ,4432
Oct-18,10-2018,SVSP,3328
Oct-18,10-2018,VSP,3481
Oct-18,10-2018,WSP,4982
Nov-18,11-2018,ASP,4247
Nov-18,11-2018,CAC,2446
Nov-18,11-2018,CAL,3490
Nov-18,11-2018,CCC,4607
Nov-18,11-2018,CCI,4000
Nov-18,11-2018,CCWF,2857
Nov-18,11-2018,CEN,3428
Nov-18,11-2018,CHCF,2667
Nov-18,11-2018,CIM,3572
Nov-18,11-2018,CIW,1910
Nov-18,11-2018,CMC,3731
Nov-18,11-2018,CMF,2357
Nov-18,11-2018,COR,3332
Nov-18,11-2018,CRC,2262
Nov-18,11-2018,CTF,5167
Nov-18,11-2018,CVSP,2732
Nov-18,11-2018,DVI,2102
Nov-18,11-2018,FOL,3252
Nov-18,11-2018,HDSP,3325
Nov-18,11-2018,ISP,2987
Nov-18,11-2018,KVSP,3703
Nov-18,11-2018,LAC,3150
Nov-18,11-2018,MCSP,3995
Nov-18,11-2018,NKSP,4066
Nov-18,11-2018,PBSP,2570
Nov-18,11-2018,PVSP,3232
Nov-18,11-2018,RJD,3917
Nov-18,11-2018,SAC,2051
Nov-18,11-2018,SATF,5631
Nov-18,11-2018,SCC,4255
Nov-18,11-2018,SOL,4159
Nov-18,11-2018,SQ,4247
Nov-18,11-2018,SVSP,3388
Nov-18,11-2018,VSP,3297
Nov-18,11-2018,WSP,4721
Dec-18,12-2018,ASP,4192
Dec-18,12-2018,CAC,2496
Dec-18,12-2018,CAL,3472
Dec-18,12-2018,CCC,4411
Dec-18,12-2018,CCI,4074
Dec-18,12-2018,CCWF,2814
Dec-18,12-2018,CEN,3374
Dec-18,12-2018,CHCF,2673
Dec-18,12-2018,CIM,3691
Dec-18,12-2018,CIW,1898
Dec-18,12-2018,CMC,3706
Dec-18,12-2018,CMF,2352
Dec-18,12-2018,COR,3241
Dec-18,12-2018,CRC,2420
Dec-18,12-2018,CTF,5155
Dec-18,12-2018,CVSP,2708
Dec-18,12-2018,DVI,2333
Dec-18,12-2018,FOL,3292
Dec-18,12-2018,HDSP,3328
Dec-18,12-2018,ISP,2838
Dec-18,12-2018,KVSP,3729
Dec-18,12-2018,LAC,3160
Dec-18,12-2018,MCSP,3963
Dec-18,12-2018,NKSP,4092
Dec-18,12-2018,PBSP,2555
Dec-18,12-2018,PVSP,3116
Dec-18,12-2018,RJD,3854
Dec-18,12-2018,SAC,2064
Dec-18,12-2018,SATF,5614
Dec-18,12-2018,SCC,4255
Dec-18,12-2018,SOL,4205
Dec-18,12-2018,SQ,4023
Dec-18,12-2018,SVSP,3362
Dec-18,12-2018,VSP,3238
Dec-18,12-2018,WSP,4735
Jan-19,01-2019,ASP,4110
Jan-19,01-2019,CAC,2474
Jan-19,01-2019,CAL,3490
Jan-19,01-2019,CCC,4197
Jan-19,01-2019,CCI,4059
Jan-19,01-2019,CCWF,2812
Jan-19,01-2019,CEN,3391
Jan-19,01-2019,CHCF,2656
Jan-19,01-2019,CIM,3662
Jan-19,01-2019,CIW,1848
Jan-19,01-2019,CMC,3665
Jan-19,01-2019,CMF,2330
Jan-19,01-2019,COR,3291
Jan-19,01-2019,CRC,2314
Jan-19,01-2019,CTF,5250
Jan-19,01-2019,CVSP,2733
Jan-19,01-2019,DVI,2491
Jan-19,01-2019,FOL,3375
Jan-19,01-2019,HDSP,3240
Jan-19,01-2019,ISP,2691
Jan-19,01-2019,KVSP,3703
Jan-19,01-2019,LAC,3131
Jan-19,01-2019,MCSP,3993
Jan-19,01-2019,NKSP,4130
Jan-19,01-2019,PBSP,2578
Jan-19,01-2019,PVSP,3129
Jan-19,01-2019,RJD,3841
Jan-19,01-2019,SAC,2108
Jan-19,01-2019,SATF,5586
Jan-19,01-2019,SCC,4167
Jan-19,01-2019,SOL,4223
Jan-19,01-2019,SQ,3977
Jan-19,01-2019,SVSP,3353
Jan-19,01-2019,VSP,3186
Jan-19,01-2019,WSP,4520
Feb-19,02-2019,ASP,4133
Feb-19,02-2019,CAC,2400
Feb-19,02-2019,CAL,3551
Feb-19,02-2019,CCC,4120
Feb-19,02-2019,CCI,4000
Feb-19,02-2019,CCWF,2835
Feb-19,02-2019,CEN,3450
Feb-19,02-2019,CHCF,2667
Feb-19,02-2019,CIM,3743
Feb-19,02-2019,CIW,1835
Feb-19,02-2019,CMC,3647
Feb-19,02-2019,CMF,2336
Feb-19,02-2019,COR,3346
Feb-19,02-2019,CRC,2445
Feb-19,02-2019,CTF,5426
Feb-19,02-2019,CVSP,2738
Feb-19,02-2019,DVI,2573
Feb-19,02-2019,FOL,3387
Feb-19,02-2019,HDSP,3179
Feb-19,02-2019,ISP,2584
Feb-19,02-2019,KVSP,3698
Feb-19,02-2019,LAC,3116
Feb-19,02-2019,MCSP,4021
Feb-19,02-2019,NKSP,4057
Feb-19,02-2019,PBSP,2559
Feb-19,02-2019,PVSP,3185
Feb-19,02-2019,RJD,3765
Feb-19,02-2019,SAC,2043
Feb-19,02-2019,SATF,5526
Feb-19,02-2019,SCC,4048
Feb-19,02-2019,SOL,4263
Feb-19,02-2019,SQ,3852
Feb-19,02-2019,SVSP,3429
Feb-19,02-2019,VSP,3124
Feb-19,02-2019,WSP,4501
Mar-19,03-2019,ASP,4043
Mar-19,03-2019,CAC,2419
Mar-19,03-2019,CAL,3546
Mar-19,03-2019,CCC,3984
Mar-19,03-2019,CCI,3930
Mar-19,03-2019,CCWF,2861
Mar-19,03-2019,CEN,3488
Mar-19,03-2019,CHCF,2646
Mar-19,03-2019,CIM,3766
Mar-19,03-2019,CIW,1796
Mar-19,03-2019,CMC,3524
Mar-19,03-2019,CMF,2350
Mar-19,03-2019,COR,3351
Mar-19,03-2019,CRC,2617
Mar-19,03-2019,CTF,5447
Mar-19,03-2019,CVSP,2755
Mar-19,03-2019,DVI,2569
Mar-19,03-2019,FOL,3430
Mar-19,03-2019,HDSP,3224
Mar-19,03-2019,ISP,2578
Mar-19,03-2019,KVSP,3716
Mar-19,03-2019,LAC,3136
Mar-19,03-2019,MCSP,4051
Mar-19,03-2019,NKSP,4148
Mar-19,03-2019,PBSP,2553
Mar-19,03-2019,PVSP,3260
Mar-19,03-2019,RJD,3763
Mar-19,03-2019,SAC,2057
Mar-19,03-2019,SATF,5508
Mar-19,03-2019,SCC,4014
Mar-19,03-2019,SOL,4294
Mar-19,03-2019,SQ,3886
Mar-19,03-2019,SVSP,3408
Mar-19,03-2019,VSP,3068
Mar-19,03-2019,WSP,4788
Apr-19,04-2019,ASP,3989
Apr-19,04-2019,CAC,2410
Apr-19,04-2019,CAL,3538
Apr-19,04-2019,CCC,4018
Apr-19,04-2019,CCI,3891
Apr-19,04-2019,CCWF,2894
Apr-19,04-2019,CEN,3513
Apr-19,04-2019,CHCF,2647
Apr-19,04-2019,CIM,3675
Apr-19,04-2019,CIW,1759
Apr-19,04-2019,CMC,3427
Apr-19,04-2019,CMF,2520
Apr-19,04-2019,COR,3235
Apr-19,04-2019,CRC,2753
Apr-19,04-2019,CTF,5551
Apr-19,04-2019,CVSP,2789
Apr-19,04-2019,DVI,2368
Apr-19,04-2019,FOL,3465
Apr-19,04-2019,HDSP,3187
Apr-19,04-2019,ISP,2642
Apr-19,04-2019,KVSP,3679
Apr-19,04-2019,LAC,3200
Apr-19,04-2019,MCSP,4088
Apr-19,04-2019,NKSP,3954
Apr-19,04-2019,PBSP,2588
Apr-19,04-2019,PVSP,3357
Apr-19,04-2019,RJD,3773
Apr-19,04-2019,SAC,2101
Apr-19,04-2019,SATF,5598
Apr-19,04-2019,SCC,4106
Apr-19,04-2019,SOL,4373
Apr-19,04-2019,SQ,3974
Apr-19,04-2019,SVSP,3337
Apr-19,04-2019,VSP,2962
Apr-19,04-2019,WSP,4992
May-19,05-2019,ASP,3775
May-19,05-2019,CAC,2449
May-19,05-2019,CAL,3506
May-19,05-2019,CCC,4050
May-19,05-2019,CCI,3858
May-19,05-2019,CCWF,2784
May-19,05-2019,CEN,3531
May-19,05-2019,CHCF,2675
May-19,05-2019,CIM,3663
May-19,05-2019,CIW,1782
May-19,05-2019,CMC,3463
May-19,05-2019,CMF,2561
May-19,05-2019,COR,3192
May-19,05-2019,CRC,2890
May-19,05-2019,CTF,5571
May-19,05-2019,CVSP,2746
May-19,05-2019,DVI,2343
May-19,05-2019,FOL,3460
May-19,05-2019,HDSP,3128
May-19,05-2019,ISP,2626
May-19,05-2019,KVSP,3644
May-19,05-2019,LAC,3193
May-19,05-2019,MCSP,4054
May-19,05-2019,NKSP,4033
May-19,05-2019,PBSP,2600
May-19,05-2019,PVSP,3460
May-19,05-2019,RJD,3876
May-19,05-2019,SAC,2100
May-19,05-2019,SATF,5498
May-19,05-2019,SCC,3851
May-19,05-2019,SOL,4478
May-19,05-2019,SQ,4089
May-19,05-2019,SVSP,3189
May-19,05-2019,VSP,2907
May-19,05-2019,WSP,5011
Jun-19,06-2019,ASP,3744
Jun-19,06-2019,CAC,2441
Jun-19,06-2019,CAL,3493
Jun-19,06-2019,CCC,3853
Jun-19,06-2019,CCI,3739
Jun-19,06-2019,CCWF,2781
Jun-19,06-2019,CEN,3515
Jun-19,06-2019,CHCF,2704
Jun-19,06-2019,CIM,3665
Jun-19,06-2019,CIW,1798
Jun-19,06-2019,CMC,3540
Jun-19,06-2019,CMF,2539
Jun-19,06-2019,COR,3179
Jun-19,06-2019,CRC,2933
Jun-19,06-2019,CTF,5492
Jun-19,06-2019,CVSP,2741
Jun-19,06-2019,DVI,2249
Jun-19,06-2019,FOL,3429
Jun-19,06-2019,HDSP,3127
Jun-19,06-2019,ISP,2693
Jun-19,06-2019,KVSP,3604
Jun-19,06-2019,LAC,3207
Jun-19,06-2019,MCSP,4035
Jun-19,06-2019,NKSP,4246
Jun-19,06-2019,PBSP,2663
Jun-19,06-2019,PVSP,3416
Jun-19,06-2019,RJD,3980
Jun-19,06-2019,SAC,2112
Jun-19,06-2019,SATF,5454
Jun-19,06-2019,SCC,3918
Jun-19,06-2019,SOL,4533
Jun-19,06-2019,SQ,4244
Jun-19,06-2019,SVSP,3148
Jun-19,06-2019,VSP,2885
Jun-19,06-2019,WSP,5023
Jul-19,07-2019,ASP,3751
Jul-19,07-2019,CAC,2346
Jul-19,07-2019,CAL,3474
Jul-19,07-2019,CCC,3964
Jul-19,07-2019,CCI,3678
Jul-19,07-2019,CCWF,2826
Jul-19,07-2019,CEN,3495
Jul-19,07-2019,CHCF,2784
Jul-19,07-2019,CIM,3644
Jul-19,07-2019,CIW,1752
Jul-19,07-2019,CMC,3682
Jul-19,07-2019,CMF,2556
Jul-19,07-2019,COR,3161
Jul-19,07-2019,CRC,2958
Jul-19,07-2019,CTF,5414
Jul-19,07-2019,CVSP,2709
Jul-19,07-2019,DVI,2169
Jul-19,07-2019,FOL,3448
Jul-19,07-2019,HDSP,3130
Jul-19,07-2019,ISP,2681
Jul-19,07-2019,KVSP,3568
Jul-19,07-2019,LAC,3175
Jul-19,07-2019,MCSP,3970
Jul-19,07-2019,NKSP,4195
Jul-19,07-2019,PBSP,2625
Jul-19,07-2019,PVSP,3332
Jul-19,07-2019,RJD,4099
Jul-19,07-2019,SAC,2126
Jul-19,07-2019,SATF,5516
Jul-19,07-2019,SCC,4066
Jul-19,07-2019,SOL,4575
Jul-19,07-2019,SQ,4330
Jul-19,07-2019,SVSP,3143
Jul-19,07-2019,VSP,2845
Jul-19,07-2019,WSP,4906
Aug-19,08-2019,ASP,3778
Aug-19,08-2019,CAC,2311
Aug-19,08-2019,CAL,3449
Aug-19,08-2019,CCC,3648
Aug-19,08-2019,CCI,3709
Aug-19,08-2019,CCWF,2752
Aug-19,08-2019,CEN,3530
Aug-19,08-2019,CHCF,2780
Aug-19,08-2019,CIM,3633
Aug-19,08-2019,CIW,1701
Aug-19,08-2019,CMC,3833
Aug-19,08-2019,CMF,2571
Aug-19,08-2019,COR,3182
Aug-19,08-2019,CRC,3054
Aug-19,08-2019,CTF,5329
Aug-19,08-2019,CVSP,2692
Aug-19,08-2019,DVI,2336
Aug-19,08-2019,FOL,3441
Aug-19,08-2019,HDSP,3321
Aug-19,08-2019,ISP,2740
Aug-19,08-2019,KVSP,3584
Aug-19,08-2019,LAC,3159
Aug-19,08-2019,MCSP,4008
Aug-19,08-2019,NKSP,4058
Aug-19,08-2019,PBSP,2616
Aug-19,08-2019,PVSP,3233
Aug-19,08-2019,RJD,4071
Aug-19,08-2019,SAC,2135
Aug-19,08-2019,SATF,5540
Aug-19,08-2019,SCC,4145
Aug-19,08-2019,SOL,4559
Aug-19,08-2019,SQ,4194
Aug-19,08-2019,SVSP,3051
Aug-19,08-2019,VSP,2855
Aug-19,08-2019,WSP,4979
Sep-19,09-2019,ASP,3885
Sep-19,09-2019,CAC,2368
Sep-19,09-2019,CAL,3442
Sep-19,09-2019,CCC,3640
Sep-19,09-2019,CCI,3779
Sep-19,09-2019,CCWF,2775
Sep-19,09-2019,CEN,3544
Sep-19,09-2019,CHCF,2819
Sep-19,09-2019,CIM,3605
Sep-19,09-2019,CIW,1684
Sep-19,09-2019,CMC,3836
Sep-19,09-2019,CMF,2626
Sep-19,09-2019,COR,3212
Sep-19,09-2019,CRC,3284
Sep-19,09-2019,CTF,5273
Sep-19,09-2019,CVSP,2716
Sep-19,09-2019,DVI,2511
Sep-19,09-2019,FOL,3351
Sep-19,09-2019,HDSP,3190
Sep-19,09-2019,ISP,2738
Sep-19,09-2019,KVSP,3554
Sep-19,09-2019,LAC,3118
Sep-19,09-2019,MCSP,4009
Sep-19,09-2019,NKSP,4317
Sep-19,09-2019,PBSP,2616
Sep-19,09-2019,PVSP,3143
Sep-19,09-2019,RJD,4015
Sep-19,09-2019,SAC,2131
Sep-19,09-2019,SATF,5477
Sep-19,09-2019,SCC,4077
Sep-19,09-2019,SOL,4538
Sep-19,09-2019,SQ,4235
Sep-19,09-2019,SVSP,3015
Sep-19,09-2019,VSP,2856
Sep-19,09-2019,WSP,4825
Oct-19,10-2019,ASP,3999
Oct-19,10-2019,CAC,2338
Oct-19,10-2019,CAL,3384
Oct-19,10-2019,CCC,3757
Oct-19,10-2019,CCI,3749
Oct-19,10-2019,CCWF,2832
Oct-19,10-2019,CEN,3566
Oct-19,10-2019,CHCF,2818
Oct-19,10-2019,CIM,3680
Oct-19,10-2019,CIW,1690
Oct-19,10-2019,CMC,3811
Oct-19,10-2019,CMF,2587
Oct-19,10-2019,COR,3225
Oct-19,10-2019,CRC,3481
Oct-19,10-2019,CTF,5215
Oct-19,10-2019,CVSP,2745
Oct-19,10-2019,DVI,2268
Oct-19,10-2019,FOL,3340
Oct-19,10-2019,HDSP,3201
Oct-19,10-2019,ISP,2839
Oct-19,10-2019,KVSP,3574
Oct-19,10-2019,LAC,3124
Oct-19,10-2019,MCSP,4051
Oct-19,10-2019,NKSP,4061
Oct-19,10-2019,PBSP,2644
Oct-19,10-2019,PVSP,3150
Oct-19,10-2019,RJD,3946
Oct-19,10-2019,SAC,2152
Oct-19,10-2019,SATF,5380
Oct-19,10-2019,SCC,4247
Oct-19,10-2019,SOL,4574
Oct-19,10-2019,SQ,4183
Oct-19,10-2019,SVSP,2931
Oct-19,10-2019,VSP,2867
Oct-19,10-2019,WSP,4818
Nov-19,11-2019,ASP,3990
Nov-19,11-2019,CAC,2244
Nov-19,11-2019,CAL,3292
Nov-19,11-2019,CCC,3831
Nov-19,11-2019,CCI,3720
Nov-19,11-2019,CCWF,2801
Nov-19,11-2019,CEN,3606
Nov-19,11-2019,CHCF,2840
Nov-19,11-2019,CIM,3656
Nov-19,11-2019,CIW,1672
Nov-19,11-2019,CMC,3813
Nov-19,11-2019,CMF,2548
Nov-19,11-2019,COR,3147
Nov-19,11-2019,CRC,3540
Nov-19,11-2019,CTF,5194
Nov-19,11-2019,CVSP,2763
Nov-19,11-2019,DVI,2209
Nov-19,11-2019,FOL,3305
Nov-19,11-2019,HDSP,3164
Nov-19,11-2019,ISP,2844
Nov-19,11-2019,KVSP,3619
Nov-19,11-2019,LAC,3138
Nov-19,11-2019,MCSP,4027
Nov-19,11-2019,NKSP,4002
Nov-19,11-2019,PBSP,2600
Nov-19,11-2019,PVSP,3159
Nov-19,11-2019,RJD,3925
Nov-19,11-2019,SAC,2214
Nov-19,11-2019,SATF,5362
Nov-19,11-2019,SCC,4334
Nov-19,11-2019,SOL,4457
Nov-19,11-2019,SQ,4217
Nov-19,11-2019,SVSP,2963
Nov-19,11-2019,VSP,2904
Nov-19,11-2019,WSP,4780
Dec-19,12-2019,ASP,4036
Dec-19,12-2019,CAC,2179
Dec-19,12-2019,CAL,3189
Dec-19,12-2019,CCC,3803
Dec-19,12-2019,CCI,3694
Dec-19,12-2019,CCWF,2779
Dec-19,12-2019,CEN,3550
Dec-19,12-2019,CHCF,2831
Dec-19,12-2019,CIM,3646
Dec-19,12-2019,CIW,1681
Dec-19,12-2019,CMC,3755
Dec-19,12-2019,CMF,2554
Dec-19,12-2019,COR,3141
Dec-19,12-2019,CRC,3573
Dec-19,12-2019,CTF,5095
Dec-19,12-2019,CVSP,2756
Dec-19,12-2019,DVI,2142
Dec-19,12-2019,FOL,3275
Dec-19,12-2019,HDSP,3110
Dec-19,12-2019,ISP,2840
Dec-19,12-2019,KVSP,3589
Dec-19,12-2019,LAC,3193
Dec-19,12-2019,MCSP,3989
Dec-19,12-2019,NKSP,4344
Dec-19,12-2019,PBSP,2598
Dec-19,12-2019,PVSP,3159
Dec-19,12-2019,RJD,3874
Dec-19,12-2019,SAC,2270
Dec-19,12-2019,SATF,5303
Dec-19,12-2019,SCC,4381
Dec-19,12-2019,SOL,4356
Dec-19,12-2019,SQ,4162
Dec-19,12-2019,SVSP,2946
Dec-19,12-2019,VSP,2951
Dec-19,12-2019,WSP,4828
Jan-20,01-2020,ASP,4205
Jan-20,01-2020,CAC,2140
Jan-20,01-2020,CAL,3113
Jan-20,01-2020,CCC,4054
Jan-20,01-2020,CCI,3700
Jan-20,01-2020,CCWF,2816
Jan-20,01-2020,CEN,3476
Jan-20,01-2020,CHCF,2848
Jan-20,01-2020,CIM,3627
Jan-20,01-2020,CIW,1620
Jan-20,01-2020,CMC,3764
Jan-20,01-2020,CMF,2507
Jan-20,01-2020,COR,3042
Jan-20,01-2020,CRC,3812
Jan-20,01-2020,CTF,5064
Jan-20,01-2020,CVSP,2771
Jan-20,01-2020,DVI,2053
Jan-20,01-2020,FOL,3287
Jan-20,01-2020,HDSP,3161
Jan-20,01-2020,ISP,2898
Jan-20,01-2020,KVSP,3553
Jan-20,01-2020,LAC,3219
Jan-20,01-2020,MCSP,4007
Jan-20,01-2020,NKSP,4356
Jan-20,01-2020,PBSP,2648
Jan-20,01-2020,PVSP,3131
Jan-20,01-2020,RJD,3845
Jan-20,01-2020,SAC,2354
Jan-20,01-2020,SATF,5296
Jan-20,01-2020,SCC,4396
Jan-20,01-2020,SOL,4308
Jan-20,01-2020,SQ,4033
Jan-20,01-2020,SVSP,2921
Jan-20,01-2020,VSP,3005
Jan-20,01-2020,WSP,4564
Feb-20,02-2020,ASP,4223
Feb-20,02-2020,CAC,2113
Feb-20,02-2020,CAL,2977
Feb-20,02-2020,CCC,4177
Feb-20,02-2020,CCI,3659
Feb-20,02-2020,CCWF,2760
Feb-20,02-2020,CEN,3405
Feb-20,02-2020,CHCF,2822
Feb-20,02-2020,CIM,3552
Feb-20,02-2020,CIW,1635
Feb-20,02-2020,CMC,3782
Feb-20,02-2020,CMF,2485
Feb-20,02-2020,COR,2915
Feb-20,02-2020,CRC,3937
Feb-20,02-2020,CTF,5073
Feb-20,02-2020,CVSP,2904
Feb-20,02-2020,DVI,1994
Feb-20,02-2020,FOL,3278
Feb-20,02-2020,HDSP,3255
Feb-20,02-2020,ISP,2925
Feb-20,02-2020,KVSP,3512
Feb-20,02-2020,LAC,3200
Feb-20,02-2020,MCSP,4003
Feb-20,02-2020,NKSP,4249
Feb-20,02-2020,PBSP,2628
Feb-20,02-2020,PVSP,3203
Feb-20,02-2020,RJD,3893
Feb-20,02-2020,SAC,2425
Feb-20,02-2020,SATF,5297
Feb-20,02-2020,SCC,4326
Feb-20,02-2020,SOL,4243
Feb-20,02-2020,SQ,4051
Feb-20,02-2020,SVSP,2957
Feb-20,02-2020,VSP,2988
Feb-20,02-2020,WSP,4611
Mar-20,03-2020,ASP,4294
Mar-20,03-2020,CAC,2070
Mar-20,03-2020,CAL,3055
Mar-20,03-2020,CCC,4309
Mar-20,03-2020,CCI,3666
Mar-20,03-2020,CCWF,2795
Mar-20,03-2020,CEN,3385
Mar-20,03-2020,CHCF,2834
Mar-20,03-2020,CIM,3515
Mar-20,03-2020,CIW,1650
Mar-20,03-2020,CMC,3823
Mar-20,03-2020,CMF,2475
Mar-20,03-2020,COR,2819
Mar-20,03-2020,CRC,4015
Mar-20,03-2020,CTF,5096
Mar-20,03-2020,CVSP,2948
Mar-20,03-2020,DVI,1910
Mar-20,03-2020,FOL,3207
Mar-20,03-2020,HDSP,3352
Mar-20,03-2020,ISP,2819
Mar-20,03-2020,KVSP,3602
Mar-20,03-2020,LAC,3220
Mar-20,03-2020,MCSP,4003
Mar-20,03-2020,NKSP,3866
Mar-20,03-2020,PBSP,2677
Mar-20,03-2020,PVSP,3169
Mar-20,03-2020,RJD,3873
Mar-20,03-2020,SAC,2417
Mar-20,03-2020,SATF,5278
Mar-20,03-2020,SCC,4334
Mar-20,03-2020,SOL,4179
Mar-20,03-2020,SQ,3988
Mar-20,03-2020,SVSP,2930
Mar-20,03-2020,VSP,3024
Mar-20,03-2020,WSP,4359
Apr-20,04-2020,ASP,4197
Apr-20,04-2020,CAC,2081
Apr-20,04-2020,CAL,2935
Apr-20,04-2020,CCC,4064
Apr-20,04-2020,CCI,3516
Apr-20,04-2020,CCWF,2640
Apr-20,04-2020,CEN,3284
Apr-20,04-2020,CHCF,2751
Apr-20,04-2020,CIM,3357
Apr-20,04-2020,CIW,1553
Apr-20,04-2020,CMC,3727
Apr-20,04-2020,CMF,2396
Apr-20,04-2020,COR,3719
Apr-20,04-2020,CRC,3341
Apr-20,04-2020,CTF,4801
Apr-20,04-2020,CVSP,2324
Apr-20,04-2020,DVI,2047
Apr-20,04-2020,FOL,2970
Apr-20,04-2020,HDSP,3286
Apr-20,04-2020,ISP,3203
Apr-20,04-2020,KVSP,3534
Apr-20,04-2020,LAC,3158
Apr-20,04-2020,MCSP,3948
Apr-20,04-2020,NKSP,3630
Apr-20,04-2020,PBSP,2608
Apr-20,04-2020,PVSP,3062
Apr-20,04-2020,RJD,3806
Apr-20,04-2020,SAC,2363
Apr-20,04-2020,SATF,4844
Apr-20,04-2020,SCC,4012
Apr-20,04-2020,SOL,3752
Apr-20,04-2020,SQ,3776
Apr-20,04-2020,SVSP,2877
Apr-20,04-2020,VSP,2971
Apr-20,04-2020,WSP,4121
May-20,05-2020,ASP,4158
May-20,05-2020,CAC,2201
May-20,05-2020,CAL,3084
May-20,05-2020,CCC,4006
May-20,05-2020,CCI,3655
May-20,05-2020,CCWF,2609
May-20,05-2020,CEN,3343
May-20,05-2020,CHCF,2724
May-20,05-2020,CIM,3098
May-20,05-2020,CIW,1518
May-20,05-2020,CMC,3711
May-20,05-2020,CMF,2378
May-20,05-2020,COR,3741
May-20,05-2020,CRC,3254
May-20,05-2020,CTF,4817
May-20,05-2020,CVSP,2261
May-20,05-2020,DVI,1898
May-20,05-2020,FOL,3080
May-20,05-2020,HDSP,3453
May-20,05-2020,ISP,3251
May-20,05-2020,KVSP,3645
May-20,05-2020,LAC,3149
May-20,05-2020,MCSP,3990
May-20,05-2020,NKSP,2892
May-20,05-2020,PBSP,2578
May-20,05-2020,PVSP,3233
May-20,05-2020,RJD,3792
May-20,05-2020,SAC,2346
May-20,05-2020,SATF,4845
May-20,05-2020,SCC,4015
May-20,05-2020,SOL,3720
May-20,05-2020,SQ,3626
May-20,05-2020,SVSP,2904
May-20,05-2020,VSP,3025
May-20,05-2020,WSP,3273
Jun-20,06-2020,ASP,4044
Jun-20,06-2020,CAC,2160
Jun-20,06-2020,CAL,3113
Jun-20,06-2020,CCC,3798
Jun-20,06-2020,CCI,3715
Jun-20,06-2020,CCWF,2519
Jun-20,06-2020,CEN,3346
Jun-20,06-2020,CHCF,2679
Jun-20,06-2020,CIM,2956
Jun-20,06-2020,CIW,1477
Jun-20,06-2020,CMC,3637
Jun-20,06-2020,CMF,2354
Jun-20,06-2020,COR,3572
Jun-20,06-2020,CRC,3096
Jun-20,06-2020,CTF,4860
Jun-20,06-2020,CVSP,2213
Jun-20,06-2020,DVI,1675
Jun-20,06-2020,FOL,3059
Jun-20,06-2020,HDSP,3572
Jun-20,06-2020,ISP,3205
Jun-20,06-2020,KVSP,3700
Jun-20,06-2020,LAC,3101
Jun-20,06-2020,MCSP,3992
Jun-20,06-2020,NKSP,2229
Jun-20,06-2020,PBSP,2524
Jun-20,06-2020,PVSP,3200
Jun-20,06-2020,RJD,3804
Jun-20,06-2020,SAC,2363
Jun-20,06-2020,SATF,4836
Jun-20,06-2020,SCC,4028
Jun-20,06-2020,SOL,3698
Jun-20,06-2020,SQ,3462
Jun-20,06-2020,SVSP,2896
Jun-20,06-2020,VSP,3021
Jun-20,06-2020,WSP,2649
Jul-20,07-2020,ASP,3824
Jul-20,07-2020,CAC,2092
Jul-20,07-2020,CAL,2955
Jul-20,07-2020,CCC,3275
Jul-20,07-2020,CCI,3445
Jul-20,07-2020,CCWF,2155
Jul-20,07-2020,CEN,3237
Jul-20,07-2020,CHCF,2575
Jul-20,07-2020,CIM,2557
Jul-20,07-2020,CIW,1296
Jul-20,07-2020,CMC,3486
Jul-20,07-2020,CMF,2207
Jul-20,07-2020,COR,3453
Jul-20,07-2020,CRC,2837
Jul-20,07-2020,CTF,4630
Jul-20,07-2020,CVSP,2116
Jul-20,07-2020,DVI,1517
Jul-20,07-2020,FOL,2637
Jul-20,07-2020,HDSP,3461
Jul-20,07-2020,ISP,3058
Jul-20,07-2020,KVSP,3580
Jul-20,07-2020,LAC,3068
Jul-20,07-2020,MCSP,3917
Jul-20,07-2020,NKSP,1799
Jul-20,07-2020,PBSP,2432
Jul-20,07-2020,PVSP,3016
Jul-20,07-2020,RJD,3645
Jul-20,07-2020,SAC,2316
Jul-20,07-2020,SATF,4674
Jul-20,07-2020,SCC,3678
Jul-20,07-2020,SOL,3575
Jul-20,07-2020,SQ,3158
Jul-20,07-2020,SVSP,2817
Jul-20,07-2020,VSP,2919
Jul-20,07-2020,WSP,2208
Aug-20,08-2020,ASP,3727
Aug-20,08-2020,CAC,2235
Aug-20,08-2020,CAL,2893
Aug-20,08-2020,CCC,2899
Aug-20,08-2020,CCI,3313
Aug-20,08-2020,CCWF,2037
Aug-20,08-2020,CEN,3137
Aug-20,08-2020,CHCF,2530
Aug-20,08-2020,CIM,2448
Aug-20,08-2020,CIW,1212
Aug-20,08-2020,CMC,3316
Aug-20,08-2020,CMF,2148
Aug-20,08-2020,COR,3314
Aug-20,08-2020,CRC,2589
Aug-20,08-2020,CTF,4441
Aug-20,08-2020,CVSP,2051
Aug-20,08-2020,DVI,1504
Aug-20,08-2020,FOL,2515
Aug-20,08-2020,HDSP,3349
Aug-20,08-2020,ISP,2940
Aug-20,08-2020,KVSP,3520
Aug-20,08-2020,LAC,3016
Aug-20,08-2020,MCSP,3824
Aug-20,08-2020,NKSP,1639
Aug-20,08-2020,PBSP,2380
Aug-20,08-2020,PVSP,2876
Aug-20,08-2020,RJD,3616
Aug-20,08-2020,SAC,2250
Aug-20,08-2020,SATF,4531
Aug-20,08-2020,SCC,3271
Aug-20,08-2020,SOL,3429
Aug-20,08-2020,SQ,3062
Aug-20,08-2020,SVSP,2754
Aug-20,08-2020,VSP,2813
Aug-20,08-2020,WSP,1922
Sep-20,09-2020,ASP,3557
Sep-20,09-2020,CAC,2188
Sep-20,09-2020,CAL,2898
Sep-20,09-2020,CCC,2560
Sep-20,09-2020,CCI,3103
Sep-20,09-2020,CCWF,1957
Sep-20,09-2020,CEN,3123
Sep-20,09-2020,CHCF,2460
Sep-20,09-2020,CIM,2295
Sep-20,09-2020,CIW,1173
Sep-20,09-2020,CMC,3202
Sep-20,09-2020,CMF,2077
Sep-20,09-2020,COR,3234
Sep-20,09-2020,CRC,2370
Sep-20,09-2020,CTF,4369
Sep-20,09-2020,CVSP,1925
Sep-20,09-2020,DVI,1577
Sep-20,09-2020,FOL,2351
Sep-20,09-2020,HDSP,3352
Sep-20,09-2020,ISP,2920
Sep-20,09-2020,KVSP,3515
Sep-20,09-2020,LAC,2959
Sep-20,09-2020,MCSP,3785
Sep-20,09-2020,NKSP,1857
Sep-20,09-2020,PBSP,2317
Sep-20,09-2020,PVSP,2841
Sep-20,09-2020,RJD,3566
Sep-20,09-2020,SAC,2243
Sep-20,09-2020,SATF,4442
Sep-20,09-2020,SCC,3024
Sep-20,09-2020,SOL,3337
Sep-20,09-2020,SQ,2930
Sep-20,09-2020,SVSP,2759
Sep-20,09-2020,VSP,2766
Sep-20,09-2020,WSP,1784
Oct-20,10-2020,ASP,3473
Oct-20,10-2020,CAC,2151
Oct-20,10-2020,CAL,2987
Oct-20,10-2020,CCC,2409
Oct-20,10-2020,CCI,3000
Oct-20,10-2020,CCWF,1998
Oct-20,10-2020,CEN,3141
Oct-20,10-2020,CHCF,2441
Oct-20,10-2020,CIM,2178
Oct-20,10-2020,CIW,1135
Oct-20,10-2020,CMC,3118
Oct-20,10-2020,CMF,2044
Oct-20,10-2020,COR,2958
Oct-20,10-2020,CRC,2260
Oct-20,10-2020,CTF,4390
Oct-20,10-2020,CVSP,1936
Oct-20,10-2020,DVI,1476
Oct-20,10-2020,FOL,2276
Oct-20,10-2020,HDSP,3342
Oct-20,10-2020,ISP,2892
Oct-20,10-2020,KVSP,3623
Oct-20,10-2020,LAC,2805
Oct-20,10-2020,MCSP,3890
Oct-20,10-2020,NKSP,2192
Oct-20,10-2020,PBSP,2290
Oct-20,10-2020,PVSP,2833
Oct-20,10-2020,RJD,3608
Oct-20,10-2020,SAC,2246
Oct-20,10-2020,SATF,4446
Oct-20,10-2020,SCC,3076
Oct-20,10-2020,SOL,3299
Oct-20,10-2020,SQ,2851
Oct-20,10-2020,SVSP,2799
Oct-20,10-2020,VSP,2763
Oct-20,10-2020,WSP,2095
Nov-20,11-2020,ASP,3412
Nov-20,11-2020,CAC,2082
Nov-20,11-2020,CAL,2963
Nov-20,11-2020,CCC,2279
Nov-20,11-2020,CCI,2983
Nov-20,11-2020,CCWF,2048
Nov-20,11-2020,CEN,3104
Nov-20,11-2020,CHCF,2399
Nov-20,11-2020,CIM,2072
Nov-20,11-2020,CIW,1092
Nov-20,11-2020,CMC,3137
Nov-20,11-2020,CMF,2046
Nov-20,11-2020,COR,2970
Nov-20,11-2020,CRC,2149
Nov-20,11-2020,CTF,4344
Nov-20,11-2020,CVSP,1885
Nov-20,11-2020,DVI,1379
Nov-20,11-2020,FOL,2186
Nov-20,11-2020,HDSP,3338
Nov-20,11-2020,ISP,2824
Nov-20,11-2020,KVSP,3643
Nov-20,11-2020,LAC,2739
Nov-20,11-2020,MCSP,3914
Nov-20,11-2020,NKSP,2642
Nov-20,11-2020,PBSP,2243
Nov-20,11-2020,PVSP,2795
Nov-20,11-2020,RJD,3605
Nov-20,11-2020,SAC,2249
Nov-20,11-2020,SATF,4377
Nov-20,11-2020,SCC,3095
Nov-20,11-2020,SOL,3230
Nov-20,11-2020,SQ,2734
Nov-20,11-2020,SVSP,2819
Nov-20,11-2020,VSP,2779
Nov-20,11-2020,WSP,2672
Dec-20,12-2020,ASP,3333
Dec-20,12-2020,CAC,2015
Dec-20,12-2020,CAL,2926
Dec-20,12-2020,CCC,2138
Dec-20,12-2020,CCI,2914
Dec-20,12-2020,CCWF,1999
Dec-20,12-2020,CEN,3068
Dec-20,12-2020,CHCF,2359
Dec-20,12-2020,CIM,2026
Dec-20,12-2020,CIW,1068
Dec-20,12-2020,CMC,3076
Dec-20,12-2020,CMF,2008
Dec-20,12-2020,COR,2918
Dec-20,12-2020,CRC,2064
Dec-20,12-2020,CTF,4241
Dec-20,12-2020,CVSP,1852
Dec-20,12-2020,DVI,1332
Dec-20,12-2020,FOL,2134
Dec-20,12-2020,HDSP,3302
Dec-20,12-2020,ISP,2773
Dec-20,12-2020,KVSP,3617
Dec-20,12-2020,LAC,2704
Dec-20,12-2020,MCSP,3859
Dec-20,12-2020,NKSP,2522
Dec-20,12-2020,PBSP,2209
Dec-20,12-2020,PVSP,2753
Dec-20,12-2020,RJD,3561
Dec-20,12-2020,SAC,2227
Dec-20,12-2020,SATF,4315
Dec-20,12-2020,SCC,2938
Dec-20,12-2020,SOL,3174
Dec-20,12-2020,SQ,2659
Dec-20,12-2020,SVSP,2802
Dec-20,12-2020,VSP,2733
Dec-20,12-2020,WSP,2512