SearchDate,MonthYear,Institution,CellPhone_Disc,CellPhone_Amnt,Cocaine_Disc,Cocaine_Amnt (Grams),Hash_Disc,Hash_Amnt (Grams),Heroin_Disc,Heroin_Amnt (Grams),Marijuana_Disc,Marijuana_Amnt (Grams),Methamphetamine_Disc,Methamphetamine_Amnt (Grams),Tobacco_Disc,Tobacco_Amnt (Grams),ButaneHoneyOil_Disc,ButaneHoneyOil_Amnt (Grams),Suboxone_Disc,Suboxone_Amnt (Grams),Fentanyl_Disc,Fentanyl_Amnt (Grams)
Jan-18,01-2018,ASP,2,3,0,0,0,0,1,0.2,1,2.6,0,0,0,0,0,0,0,0,0,0
Jan-18,01-2018,CAC,11,12,0,0,0,0,0,0,0,0,0,0,0,0,0,0,0,0,0,0
Jan-18,01-2018,CAL,63,78,0,0,0,0,10,294.22,3,109.7,2,3.8,1,6,0,0,0,0,0,0
Jan-18,01-2018,CCC,59,75,0,0,1,1.8,0,0,10,4972.29,2,1.2,6,8454.59,0,0,0,0,0,0
Jan-18,01-2018,CCI,2,2,0,0,0,0,1,1.96,0,0,3,35.28,1,3.73,0,0,0,0,0,0
Jan-18,01-2018,CCWF,4,5,0,0,0,0,3,5.9,0,0,0,0,1,548,0,0,0,0,0,0
Jan-18,01-2018,CEN,25,29,0,0,0,0,1,7,4,72.5,1,31,0,0,0,0,0,0,0,0
Jan-18,01-2018,CHCF,1,1,0,0,0,0,0,0,4,9.08,0,0,1,18.53,0,0,0,0,0,0
Jan-18,01-2018,CIM,3,3,0,0,0,0,0,0,1,9.8,0,0,1,1.7,0,0,0,0,0,0
Jan-18,01-2018,CIW,11,13,0,0,0,0,3,18.2,1,5.4,5,39.5,3,10.95,0,0,0,0,0,0
Jan-18,01-2018,CMC,29,35,0,0,0,0,0,0,9,107.59,0,0,3,210.2,0,0,0,0,0,0
Jan-18,01-2018,CMF,11,13,0,0,0,0,0,0,2,55,1,0.463,1,120.8,0,0,0,0,0,0
Jan-18,01-2018,COR,25,47,0,0,0,0,3,20.8,10,1236.3,3,40.5,0,0,0,0,0,0,0,0
Jan-18,01-2018,CRC,15,27,0,0,0,0,3,6.5,5,54.2,5,1.6,1,88,0,0,0,0,0,0
Jan-18,01-2018,CTF,23,25,0,0,0,0,2,2,2,15.45,0,0,0,0,0,0,0,0,0,0
Jan-18,01-2018,CVSP,0,0,0,0,0,0,0,0,0,0,0,0,0,0,0,0,0,0,0,0
Jan-18,01-2018,DVI,16,36,0,0,0,0,4,2.722,2,25.881,0,0,0,0,0,0,0,0,0,0
Jan-18,01-2018,FOL,15,74,0,0,0,0,1,0.1,4,247.2,1,13,2,1028.7,0,0,0,0,0,0
Jan-18,01-2018,HDSP,7,7,0,0,0,0,1,5,1,6,0,0,0,0,0,0,0,0,0,0
Jan-18,01-2018,ISP,9,9,0,0,0,0,5,22.3,0,0,1,13.12,0,0,0,0,0,0,0,0
Jan-18,01-2018,KVSP,16,22,0,0,0,0,4,49.72,1,0.6,5,151.4,1,0.4,0,0,0,0,0,0
Jan-18,01-2018,LAC,43,121,0,0,0,0,5,7.07,10,54.55,5,15.77,5,176.5,0,0,0,0,0,0
Jan-18,01-2018,MCSP,2,19,0,0,0,0,6,34.8,4,47,2,87.6,1,72.6,0,0,0,0,0,0
Jan-18,01-2018,NKSP,22,24,0,0,0,0,0,0,3,93.1,0,0,1,23.4,0,0,0,0,0,0
Jan-18,01-2018,PBSP,3,4,0,0,0,0,0,0,0,0,0,0,0,0,0,0,0,0,0,0
Jan-18,01-2018,PVSP,7,38,0,0,0,0,5,76.22,1,5.99,4,28.42,0,0,0,0,0,0,0,0
Jan-18,01-2018,RJD,0,0,1,16.9,0,0,3,30.1,4,13.2,0,0,2,7.2,0,0,0,0,0,0
Jan-18,01-2018,SAC,43,49,0,0,0,0,4,8.97,1,0.6,5,46.67,0,0,0,0,0,0,0,0
Jan-18,01-2018,SATF,8,8,0,0,0,0,1,0.6,0,0,2,72.9,0,0,0,0,0,0,0,0
Jan-18,01-2018,SCC,59,97,0,0,0,0,0,0,0,0,5,29.2,5,485.6,0,0,0,0,0,0
Jan-18,01-2018,SOL,27,44,0,0,0,0,3,14.1,1,185.4,2,19.6,3,1197.8,0,0,0,0,0,0
Jan-18,01-2018,SQ,19,30,0,0,0,0,2,116.44,7,154.44,2,174.65,4,547.24,0,0,0,0,0,0
Jan-18,01-2018,SVSP,22,30,1,33.8,0,0,8,240.32,4,82.58,6,52.03,0,0,0,0,0,0,0,0
Jan-18,01-2018,VSP,5,11,0,0,0,0,0,0,3,94.2,2,2.83,1,40,0,0,0,0,0,0
Jan-18,01-2018,WSP,15,25,0,0,0,0,0,0,0,0,0,0,1,3.87,0,0,0,0,0,0
Feb-18,02-2018,ASP,1,1,0,0,0,0,0,0,0,0,2,3.14,0,0,0,0,0,0,0,0
Feb-18,02-2018,CAC,7,7,0,0,0,0,0,0,0,0,0,0,0,0,0,0,0,0,0,0
Feb-18,02-2018,CAL,40,44,0,0,0,0,7,144.8,3,9.02,2,0.3,0,0,0,0,0,0,0,0
Feb-18,02-2018,CCC,50,87,0,0,0,0,0,0,8,133.3,5,5.32,2,134.7,0,0,0,0,0,0
Feb-18,02-2018,CCI,7,7,0,0,0,0,1,11.86,0,0,1,18.88,2,5.88,0,0,0,0,0,0
Feb-18,02-2018,CCWF,4,4,0,0,0,0,4,28.4,1,7.8,0,0,0,0,0,0,0,0,0,0
Feb-18,02-2018,CEN,16,17,0,0,0,0,0,0,7,94.96,4,54.5,3,7.5,0,0,0,0,0,0
Feb-18,02-2018,CHCF,1,1,0,0,0,0,0,0,3,4.71,0,0,1,9.33,0,0,0,0,0,0
Feb-18,02-2018,CIM,5,6,0,0,0,0,0,0,1,3.4,1,1,2,14.5,0,0,0,0,0,0
Feb-18,02-2018,CIW,5,5,0,0,0,0,2,12.67,1,0.68,6,52.42,1,2.3,0,0,0,0,0,0
Feb-18,02-2018,CMC,12,84,0,0,0,0,0,0,4,440.9,1,1.2,2,6189,0,0,0,0,0,0
Feb-18,02-2018,CMF,17,25,0,0,0,0,0,0,0,0,1,6.431,0,0,0,0,0,0,0,0
Feb-18,02-2018,COR,20,34,0,0,0,0,13,83.04,10,428.8,7,80.5,0,0,0,0,0,0,0,0
Feb-18,02-2018,CRC,11,11,0,0,0,0,2,13.1,4,140.5,0,0,2,91,0,0,0,0,0,0
Feb-18,02-2018,CTF,12,13,0,0,0,0,4,13.57,2,0.48,4,22.15,2,39.54,0,0,0,0,0,0
Feb-18,02-2018,CVSP,0,0,0,0,0,0,0,0,0,0,0,0,0,0,0,0,0,0,0,0
Feb-18,02-2018,DVI,2,18,0,0,0,0,2,1.6,0,0,2,74,0,0,0,0,0,0,0,0
Feb-18,02-2018,FOL,21,28,0,0,0,0,1,0.7,9,95.3,6,4.32,1,28.9,0,0,0,0,0,0
Feb-18,02-2018,HDSP,4,47,0,0,0,0,4,98,3,72.8,3,82.9,0,0,0,0,0,0,0,0
Feb-18,02-2018,ISP,12,16,0,0,0,0,1,0.1,0,0,2,14.48,1,33.56,0,0,0,0,0,0
Feb-18,02-2018,KVSP,17,77,0,0,0,0,6,549.3,3,154.9,10,343.1,1,176.3,0,0,0,0,0,0
Feb-18,02-2018,LAC,41,61,0,0,0,0,4,75.3,5,184.82,2,27,3,1282,0,0,0,0,0,0
Feb-18,02-2018,MCSP,7,7,0,0,0,0,1,4.2,1,0.2,5,33.2,0,0,1,7.8,0,0,0,0
Feb-18,02-2018,NKSP,22,33,0,0,0,0,4,32,3,110.9,5,37.7,3,565,0,0,0,0,0,0
Feb-18,02-2018,PBSP,3,3,0,0,0,0,3,0.202,0,0,1,0.5,1,0.3,0,0,0,0,0,0
Feb-18,02-2018,PVSP,3,3,0,0,0,0,0,0,0,0,1,63.74,0,0,0,0,0,0,0,0
Feb-18,02-2018,RJD,3,13,0,0,0,0,4,62.2,3,61.9,1,41.9,1,4.2,0,0,0,0,0,0
Feb-18,02-2018,SAC,41,63,0,0,0,0,4,3.641,3,4.71,3,373.16,1,165.86,0,0,0,0,0,0
Feb-18,02-2018,SATF,19,73,0,0,0,0,4,14.7,0,0,2,139.1,2,103.7,0,0,0,0,0,0
Feb-18,02-2018,SCC,45,69,0,0,0,0,0,0,3,18.1,2,123.5,6,3049.7,0,0,0,0,0,0
Feb-18,02-2018,SOL,35,60,0,0,0,0,2,1,4,1,1,0.6,6,449.9,1,0.6,0,0,0,0
Feb-18,02-2018,SQ,15,17,0,0,0,0,3,46.65,1,9.78,2,7.47,2,242.22,0,0,0,0,0,0
Feb-18,02-2018,SVSP,27,42,0,0,0,0,6,49.9,7,64.564,4,34.77,1,28.53,0,0,0,0,0,0
Feb-18,02-2018,VSP,7,13,0,0,0,0,0,0,0,0,1,0.68,1,1.56,0,0,0,0,0,0
Feb-18,02-2018,WSP,14,58,1,234.6,0,0,2,292.49,3,183.68,1,177.35,3,205.75,0,0,0,0,0,0
Mar-18,03-2018,ASP,3,5,0,0,0,0,1,0.3,0,0,3,99.27,1,103.6,0,0,0,0,0,0
Mar-18,03-2018,CAC,0,0,0,0,0,0,0,0,0,0,0,0,0,0,0,0,0,0,0,0
Mar-18,03-2018,CAL,65,78,0,0,0,0,9,51.8,11,2084.64,1,0.5,2,1347.3,0,0,0,0,0,0
Mar-18,03-2018,CCC,50,63,0,0,0,0,0,0,5,595.4,3,0.5,1,250,1,0,0,0,0,0
Mar-18,03-2018,CCI,2,2,0,0,0,0,0,0,0,0,0,0,0,0,0,0,0,0,0,0
Mar-18,03-2018,CCWF,3,4,0,0,0,0,3,6.7,0,0,3,58.4,0,0,0,0,0,0,0,0
Mar-18,03-2018,CEN,9,9,0,0,0,0,4,79.7,8,36.9,1,14.4,2,31.9,0,0,0,0,0,0
Mar-18,03-2018,CHCF,3,3,0,0,0,0,0,0,3,1.23,0,0,0,0,0,0,0,0,0,0
Mar-18,03-2018,CIM,5,5,0,0,0,0,1,15,1,3.3,2,16.3,2,107.5,0,0,0,0,0,0
Mar-18,03-2018,CIW,18,20,0,0,0,0,4,17.56,1,0.3,4,53.9,2,16.4,0,0,0,0,0,0
Mar-18,03-2018,CMC,26,36,0,0,0,0,0,0,0,0,3,0.351,3,5000,0,0,0,0,0,0
Mar-18,03-2018,CMF,22,23,0,0,0,0,2,3.3,0,0,0,0,1,680,0,0,0,0,0,0
Mar-18,03-2018,COR,36,65,0,0,0,0,5,54.8,11,376.5,4,6.2,3,2300.3,0,0,0,0,0,0
Mar-18,03-2018,CRC,27,35,0,0,0,0,3,4.2,4,3.9,4,18.5,0,0,0,0,0,0,0,0
Mar-18,03-2018,CTF,17,17,0,0,0,0,2,0.74,1,4.13,2,0.55,1,58,0,0,0,0,0,0
Mar-18,03-2018,CVSP,0,0,0,0,0,0,0,0,0,0,0,0,0,0,0,0,0,0,0,0
Mar-18,03-2018,DVI,1,14,0,0,0,0,0,0,3,0.5,3,2.7,0,0,1,0,0,0,0,0
Mar-18,03-2018,FOL,32,39,0,0,0,0,8,20.5,10,69.1,3,90.8,2,411.1,1,15,0,0,0,0
Mar-18,03-2018,HDSP,8,10,1,0.6,0,0,2,0.3,1,10.5,5,101.8,0,0,0,0,0,0,0,0
Mar-18,03-2018,ISP,18,21,0,0,0,0,3,8.19,1,3.06,2,7.34,0,0,0,0,0,0,0,0
Mar-18,03-2018,KVSP,25,82,0,0,0,0,12,220.6446,9,330.21,15,428.1,1,0.3,0,0,0,0,0,0
Mar-18,03-2018,LAC,35,88,0,0,0,0,1,27.4,4,193.48,4,71.36,3,5102.6,0,0,0,0,0,0
Mar-18,03-2018,MCSP,4,5,0,0,0,0,3,28.4,0,0,0,0,1,105.3,0,0,0,0,0,0
Mar-18,03-2018,NKSP,11,12,0,0,0,0,5,22.35,6,393.4,7,22,3,231.5,0,0,0,0,0,0
Mar-18,03-2018,PBSP,0,0,0,0,0,0,1,2.6,1,0.1,1,11,0,0,0,0,0,0,0,0
Mar-18,03-2018,PVSP,5,7,0,0,0,0,0,0,1,80.04,2,28.17,0,0,0,0,0,0,0,0
Mar-18,03-2018,RJD,8,8,1,0.8,0,0,2,10.4,5,238.8,1,7.9,2,1086.6,0,0,0,0,0,0
Mar-18,03-2018,SAC,31,54,0,0,0,0,5,150.16,8,194.51,2,31.45,2,300.5,0,0,0,0,0,0
Mar-18,03-2018,SATF,10,13,1,4.8,0,0,1,46.1,1,9.4,3,37.7,1,5.8,1,57.8,0,0,0,0
Mar-18,03-2018,SCC,50,76,0,0,0,0,4,8.5,8,175.2,8,55.669,9,7821.34,0,0,0,0,0,0
Mar-18,03-2018,SOL,37,68,0,0,1,0.8,3,4.6,5,15.7,2,0.7,2,20.9,1,0.8,0,0,0,0
Mar-18,03-2018,SQ,29,29,0,0,0,0,3,62.46,5,239.05,2,144.43,3,42.79,0,0,0,0,0,0
Mar-18,03-2018,SVSP,50,153,0,0,0,0,9,198.627,15,342.218,7,300.208,5,615.53,6,30.03,0,0,0,0
Mar-18,03-2018,VSP,5,13,0,0,0,0,2,8.86,1,22.53,0,0,8,2963.02,0,0,0,0,0,0
Mar-18,03-2018,WSP,9,18,0,0,0,0,2,11.3,2,50.14,2,46.53,1,417.04,1,2.13,0,0,0,0
Apr-18,04-2018,ASP,4,9,0,0,0,0,2,102.68,0,0,0,0,0,0,0,0,0,0,0,0
Apr-18,04-2018,CAC,4,4,0,0,0,0,2,15.54,0,0,0,0,0,0,0,0,0,0,0,0
Apr-18,04-2018,CAL,52,70,0,0,0,0,7,35.12,2,108.85,1,0.2,0,0,0,0,0,0,0,0
Apr-18,04-2018,CCC,44,65,0,0,0,0,3,16.3,6,23.9,11,128.6,6,10737.79,0,0,0,0,0,0
Apr-18,04-2018,CCI,7,7,0,0,0,0,0,0,0,0,1,8.1,0,0,0,0,0,0,0,0
Apr-18,04-2018,CCWF,0,0,0,0,0,0,0,0,0,0,0,0,0,0,0,0,0,0,0,0
Apr-18,04-2018,CEN,29,41,0,0,0,0,4,32.2,5,14.9,1,0.5,1,2,0,0,0,0,0,0
Apr-18,04-2018,CHCF,3,3,0,0,0,0,0,0,0,0,1,1.09,0,0,0,0,0,0,0,0
Apr-18,04-2018,CIM,7,7,0,0,0,0,1,0.5,2,10.7,2,1.7,0,0,0,0,0,0,0,0
Apr-18,04-2018,CIW,4,4,0,0,0,0,0,0,0,0,1,5.6,0,0,0,0,0,0,0,0
Apr-18,04-2018,CMC,15,33,0,0,0,0,0,0,2,20,2,20,2,586,0,0,0,0,0,0
Apr-18,04-2018,CMF,12,12,0,0,0,0,2,0.453,8,27.227,2,11.868,1,2.2,1,0.074,0,0,0,0
Apr-18,04-2018,COR,18,70,0,0,0,0,1,0.2,9,77.2,3,10.9,4,2378,0,0,0,0,0,0
Apr-18,04-2018,CRC,9,9,0,0,0,0,4,36.9,3,213.5,3,85.4,0,0,0,0,0,0,0,0
Apr-18,04-2018,CTF,16,17,0,0,0,0,1,11.19,1,0.024,0,0,0,0,0,0,0,0,0,0
Apr-18,04-2018,CVSP,0,0,0,0,0,0,0,0,0,0,0,0,1,2.5,0,0,0,0,0,0
Apr-18,04-2018,DVI,1,7,0,0,0,0,0,0,1,1,0,0,0,0,1,1,0,0,0,0
Apr-18,04-2018,FOL,21,33,0,0,0,0,2,0.41,9,51.1,2,19.5,1,56,0,0,0,0,0,0
Apr-18,04-2018,HDSP,7,9,0,0,0,0,5,18.31,2,23,3,27.7,0,0,2,61.2,0,0,0,0
Apr-18,04-2018,ISP,16,24,0,0,0,0,3,7.41,1,0.06,2,6.42,2,10.5,0,0,0,0,0,0
Apr-18,04-2018,KVSP,23,68,0,0,0,0,5,14.32,2,20,8,242,0,0,0,0,0,0,0,0
Apr-18,04-2018,LAC,43,56,0,0,0,0,3,10.32,6,166.99,4,68.82,5,1071.1,0,0,0,0,0,0
Apr-18,04-2018,MCSP,5,5,0,0,0,0,3,49.4,2,9.3,1,45,0,0,0,0,0,0,0,0
Apr-18,04-2018,NKSP,12,19,0,0,0,0,2,106.3,4,39.8,2,126.5,0,0,0,0,0,0,0,0
Apr-18,04-2018,PBSP,2,2,0,0,0,0,2,1,0,0,2,2.6,1,0.2,0,0,0,0,0,0
Apr-18,04-2018,PVSP,5,7,0,0,0,0,0,0,1,0.29,1,4.3,2,89.61,1,0.29,0,0,0,0
Apr-18,04-2018,RJD,2,9,0,0,0,0,3,10.3,2,5.3,3,31.9,1,57.3,0,0,0,0,0,0
Apr-18,04-2018,SAC,29,40.13,0,0,0,0,4,33.8201,6,80.22,4,32.36,3,38.57,0,0,0,0,0,0
Apr-18,04-2018,SATF,16,18,0,0,0,0,4,16.32,0,0,2,129.2,0,0,0,0,0,0,0,0
Apr-18,04-2018,SCC,58,94,0,0,0,0,6,8.876,9,129.9,10,303.25,15,4035.86,0,0,0,0,0,0
Apr-18,04-2018,SOL,48,72,0,0,0,0,3,4,13,86.6,4,6.1,5,4963.8,0,0,0,0,0,0
Apr-18,04-2018,SQ,15,17,1,6.71,1,0.48,0,0,5,64.85,0,0,1,0.84,0,0,0,0,0,0
Apr-18,04-2018,SVSP,30,67,0,0,0,0,5,52.54,10,178.681,12,131.303,2,542.07,3,30.81,0,0,0,0
Apr-18,04-2018,VSP,5,9,0,0,0,0,2,0.34,1,3,0,0,1,2,0,0,0,0,0,0
Apr-18,04-2018,WSP,15,50,0,0,0,0,2,2.91,6,57.5,4,13.15,3,304.79,0,0,0,0,0,0
May-18,05-2018,ASP,5,7,0,0,0,0,1,6.1,1,4.3,1,6.1,0,0,0,0,0,0,0,0
May-18,05-2018,CAC,3,3,0,0,1,0.37,5,118.01,1,66,3,119.42,0,0,0,0,0,0,0,0
May-18,05-2018,CAL,52,79,0,0,0,0,5,56.85,1,4.85,5,94.8,0,0,1,0.8,0,0,0,0
May-18,05-2018,CCC,55,67,0,0,0,0,0,0,4,182.6,3,22.5,1,1200.5,0,0,0,0,0,0
May-18,05-2018,CCI,6,15,0,0,0,0,3,13.76,2,10.17,2,5.28,0,0,0,0,0,0,0,0
May-18,05-2018,CCWF,5,6,0,0,0,0,1,1,0,0,1,1,1,16,0,0,0,0,0,0
May-18,05-2018,CEN,34,42,0,0,1,5,6,68.8,7,264.4,4,106.8,2,23.6,0,0,0,0,0,0
May-18,05-2018,CHCF,7,7,0,0,0,0,1,0.7,1,2.88,0,0,1,15.88,0,0,0,0,0,0
May-18,05-2018,CIM,5,5,0,0,0,0,0,0,0,0,2,0.25,1,9,0,0,0,0,0,0
May-18,05-2018,CIW,5,5,0,0,0,0,3,22,0,0,1,2.5,1,73,0,0,0,0,0,0
May-18,05-2018,CMC,17,48,0,0,0,0,2,22.01,0,0,1,3,1,5443,0,0,0,0,0,0
May-18,05-2018,CMF,12,21,0,0,0,0,0,0,4,59.5,2,22.5,1,475.2,0,0,0,0,0,0
May-18,05-2018,COR,20,83,0,0,0,0,7,19.8,13,197.2,2,21.2,1,1.3,0,0,0,0,0,0
May-18,05-2018,CRC,0,0,0,0,0,0,3,0.5,3,25,3,3.28,0,0,0,0,0,0,0,0
May-18,05-2018,CTF,26,28,0,0,0,0,1,0.25,7,36.274,5,3.23,0,0,0,0,0,0,0,0
May-18,05-2018,CVSP,0,0,0,0,0,0,0,0,0,0,3,47.4,0,0,0,0,0,0,0,0
May-18,05-2018,DVI,2,33,0,0,0,0,2,2,4,31.965,1,2.21,0,0,0,0,0,0,0,0
May-18,05-2018,FOL,8,8,0,0,0,0,6,49.81,9,145.41,6,64.91,0,0,0,0,0,0,0,0
May-18,05-2018,HDSP,3,7,0,0,0,0,4,3.5,2,134.09,1,16.6,0,0,2,5.7,0,0,0,0
May-18,05-2018,ISP,20,21,0,0,0,0,2,0.77,1,6.24,2,39.02,0,0,0,0,0,0,0,0
May-18,05-2018,KVSP,16,19,0,0,0,0,4,0.78,3,63.1,2,20.41,1,30,0,0,0,0,0,0
May-18,05-2018,LAC,25,32,0,0,0,0,5,6.2,11,60.859,5,14.6,2,22.1,0,0,0,0,0,0
May-18,05-2018,MCSP,3,3,0,0,0,0,1,1,3,59.3,0,0,0,0,0,0,0,0,0,0
May-18,05-2018,NKSP,20,23,0,0,0,0,2,23.8,5,57.5,1,5.3,0,0,0,0,0,0,0,0
May-18,05-2018,PBSP,2,2,0,0,0,0,2,61,0,0,0,0,0,0,0,0,0,0,0,0
May-18,05-2018,PVSP,13,25,0,0,0,0,3,83.44,3,131.52,1,0.7,0,0,0,0,0,0,0,0
May-18,05-2018,RJD,4,6,0,0,0,0,5,13.4,4,31.7,8,16.6,1,1.6,0,0,0,0,0,0
May-18,05-2018,SAC,51,88,0,0,0,0,8,102.711,6,38.01,2,7.28,4,212.89,0,0,0,0,0,0
May-18,05-2018,SATF,19,20,0,0,0,0,3,0.12,3,18.61,7,103.21,0,0,0,0,0,0,0,0
May-18,05-2018,SCC,50,69,0,0,0,0,9,6.595,10,94.9,11,135.657,7,5684.7148,0,0,0,0,0,0
May-18,05-2018,SOL,40,61,0,0,0,0,0,0,8,81.8,4,3.2,3,242.6,1,1.8,0,0,0,0
May-18,05-2018,SQ,23,23,0,0,0,0,4,27.54,3,75.97,0,0,2,166.75,0,0,0,0,0,0
May-18,05-2018,SVSP,25,50,0,0,0,0,5,62.02,2,0.218,1,2.363,0,0,2,14.74,0,0,0,0
May-18,05-2018,VSP,4,4,0,0,0,0,1,27.49,3,125.09,2,73.01,1,41.02,0,0,0,0,0,0
May-18,05-2018,WSP,11,29,0,0,0,0,1,0.63,0,0,2,19.46,2,200.55,0,0,0,0,0,0
Jun-18,06-2018,ASP,2,2,0,0,0,0,1,8.54,0,0,3,54.77,1,24.96,0,0,0,0,0,0
Jun-18,06-2018,CAC,16,17,0,0,0,0,0,0,1,6.69,1,0,0,0,0,0,0,0,0,0
Jun-18,06-2018,CAL,35,38,0,0,0,0,4,14.6,3,23.8,2,4.6,1,277,0,0,0,0,0,0
Jun-18,06-2018,CCC,42,96,0,0,0,0,1,1.5,12,18870.47,2,4.2,2,252.6,0,0,0,0,0,0
Jun-18,06-2018,CCI,5,5,0,0,0,0,4,40.36,0,0,4,46.91,0,0,0,0,0,0,0,0
Jun-18,06-2018,CCWF,2,2,0,0,0,0,0,0,0,0,3,28.6,1,28,0,0,0,0,0,0
Jun-18,06-2018,CEN,19,29,0,0,0,0,3,69.2,10,116,3,39,1,2.4,0,0,0,0,0,0
Jun-18,06-2018,CHCF,14,17,0,0,0,0,0,0,12,57.39,1,24.89,4,230.6,0,0,0,0,0,0
Jun-18,06-2018,CIM,6,6,0,0,0,0,1,1.1,2,22.3,2,5.4,4,5128.5,0,0,0,0,0,0
Jun-18,06-2018,CIW,2,2,0,0,0,0,1,22.4,0,0,4,84.18,0,0,0,0,0,0,0,0
Jun-18,06-2018,CMC,20,56,0,0,0,0,6,1.4,3,18.5,2,74.1,3,336,0,0,0,0,0,0
Jun-18,06-2018,CMF,17,18,0,0,0,0,1,0,1,0.3,0,0,1,0.5,0,0,0,0,0,0
Jun-18,06-2018,COR,20,33,0,0,0,0,5,78.6,1,0.1,2,1.8,1,1842,0,0,0,0,0,0
Jun-18,06-2018,CRC,4,13,0,0,0,0,1,0.4,4,71.1,2,1.6,0,0,0,0,0,0,0,0
Jun-18,06-2018,CTF,13,17,0,0,0,0,2,7.61,4,12.82,2,2.38,0,0,0,0,0,0,0,0
Jun-18,06-2018,CVSP,0,0,0,0,0,0,0,0,0,0,0,0,0,0,0,0,0,0,0,0
Jun-18,06-2018,DVI,1,23,0,0,0,0,0,0,2,46.8,0,0,0,0,0,0,0,0,0,0
Jun-18,06-2018,FOL,18,28,0,0,0,0,1,2.6,4,1.8,3,5.7,0,0,0,0,0,0,0,0
Jun-18,06-2018,HDSP,1,2,0,0,0,0,0,0,1,3,3,23.4,0,0,1,4,0,0,0,0
Jun-18,06-2018,ISP,11,11,0,0,0,0,4,28.08,4,49.31,2,41.09,0,0,0,0,0,0,0,0
Jun-18,06-2018,KVSP,4,13,0,0,0,0,8,87.3,2,35.7,7,93.72,0,0,0,0,0,0,0,0
Jun-18,06-2018,LAC,30,45,0,0,0,0,12,197.36,7,87,0,0,3,47.9,1,21.8,0,0,0,0
Jun-18,06-2018,MCSP,3,3,0,0,0,0,2,0.3,0,0,0,0,0,0,0,0,0,0,0,0
Jun-18,06-2018,NKSP,20,22,0,0,0,0,1,0.5,2,3.3,1,1.2,0,0,0,0,0,0,0,0
Jun-18,06-2018,PBSP,2,2,0,0,0,0,1,0.3,0,0,0,0,0,0,0,0,0,0,0,0
Jun-18,06-2018,PVSP,8,14,0,0,0,0,6,100.81,2,84.5,3,24.27,1,2.08,0,0,0,0,0,0
Jun-18,06-2018,RJD,1,6,0,0,0,0,7,35.1,5,265.5,9,104.9,2,1235.3,0,0,0,0,0,0
Jun-18,06-2018,SAC,35,42,0,0,0,0,2,34.84,0,0,1,0.27,0,0,0,0,0,0,0,0
Jun-18,06-2018,SATF,16,19,0,0,0,0,1,1.3,2,4,1,26.5,1,23.1,0,0,0,0,0,0
Jun-18,06-2018,SCC,49,66,0,0,0,0,2,45.4,3,20.8,3,180.3,7,6999.79,0,0,0,0,0,0
Jun-18,06-2018,SOL,49,64,0,0,0,0,4,111.5,4,113.6,2,11.6,1,24.2,2,6.1,0,0,0,0
Jun-18,06-2018,SQ,26,29,0,0,0,0,6,80.82,9,165.57,4,5.08,6,3427.31,0,0,0,0,0,0
Jun-18,06-2018,SVSP,31,85,0,0,0,0,5,6.9,8,392.82,8,266.87,3,1819.75,1,0.2,0,0,0,0
Jun-18,06-2018,VSP,5,5,0,0,0,0,2,45.59,0,0,1,114.25,1,376.78,0,0,0,0,0,0
Jun-18,06-2018,WSP,9,26,0,0,0,0,0,0,0,0,0,0,3,1229.8,0,0,0,0,0,0
Jul-18,07-2018,ASP,1,1,0,0,0,0,2,109.34,1,1.06,1,15.06,0,0,0,0,0,0,0,0
Jul-18,07-2018,CAC,19,24,0,0,0,0,1,12.66,0,0,0,0,0,0,0,0,0,0,0,0
Jul-18,07-2018,CAL,31,38,1,0.1,0,0,4,29.4,1,0.28,2,30.8,0,0,1,3.3,0,0,0,0
Jul-18,07-2018,CCC,29,37,0,0,0,0,1,2.4,4,12.57,0,0,0,0,0,0,0,0,0,0
Jul-18,07-2018,CCI,1,1,0,0,0,0,1,1.21,0,0,1,3.86,0,0,0,0,0,0,0,0
Jul-18,07-2018,CCWF,4,4,0,0,0,0,4,8,0,0,1,18,0,0,0,0,0,0,0,0
Jul-18,07-2018,CEN,22,34,0,0,0,0,12,237.3,8,113,7,364.7,2,2.8,0,0,0,0,0,0
Jul-18,07-2018,CHCF,8,8,0,0,0,0,0,0,2,56.62,3,8.07,1,37.83,0,0,0,0,0,0
Jul-18,07-2018,CIM,4,5,0,0,0,0,1,0.5,0,0,3,2.7,0,0,0,0,0,0,0,0
Jul-18,07-2018,CIW,0,0,0,0,0,0,0,0,0,0,3,37.72,0,0,0,0,0,0,0,0
Jul-18,07-2018,CMC,9,9,0,0,0,0,3,21.35,1,0.02,1,0.03,4,127,0,0,0,0,0,0
Jul-18,07-2018,CMF,10,13,0,0,0,0,2,2.5,1,0,1,17.4,0,0,0,0,0,0,0,0
Jul-18,07-2018,COR,17,37,0,0,0,0,1,0.1,6,337,2,0.74,3,90.4,0,0,0,0,0,0
Jul-18,07-2018,CRC,0,0,0,0,0,0,2,7.6,7,171.41,0,0,1,19.2,0,0,0,0,0,0
Jul-18,07-2018,CTF,17,18,0,0,0,0,1,2.017,0,0,0,0,0,0,0,0,0,0,0,0
Jul-18,07-2018,CVSP,0,0,0,0,0,0,0,0,0,0,0,0,0,0,0,0,0,0,0,0
Jul-18,07-2018,DVI,2,28,0,0,0,0,2,0.165,1,0.659,2,2.183,0,0,0,0,0,0,0,0
Jul-18,07-2018,FOL,13,34,0,0,0,0,1,0.1,6,8.1,1,0.9,3,747.2,0,0,0,0,0,0
Jul-18,07-2018,HDSP,9,9,0,0,0,0,2,53.04,2,15.5,3,55.8,0,0,2,3.4,0,0,0,0
Jul-18,07-2018,ISP,8,8,0,0,0,0,5,3.45,0,0,0,0,0,0,0,0,0,0,0,0
Jul-18,07-2018,KVSP,17,31,0,0,0,0,3,0.3,3,96.6,10,149.19,0,0,0,0,0,0,0,0
Jul-18,07-2018,LAC,38,61,0,0,0,0,4,8.42,4,36.93,2,14.4,1,194,1,7.9,0,0,0,0
Jul-18,07-2018,MCSP,6,7,0,0,0,0,2,5.1,4,22.59,1,19,0,0,1,26.3,0,0,0,0
Jul-18,07-2018,NKSP,28,32,0,0,0,0,2,6.2,1,2.2,2,0.4,0,0,0,0,0,0,0,0
Jul-18,07-2018,PBSP,1,1,0,0,0,0,0,0,1,0.01,0,0,0,0,0,0,0,0,0,0
Jul-18,07-2018,PVSP,1,1,0,0,0,0,2,61.02,0,0,2,62.6,0,0,2,6.2,0,0,0,0
Jul-18,07-2018,RJD,0,0,0,0,0,0,2,5.1,6,20.6,6,22.1,0,0,0,0,0,0,0,0
Jul-18,07-2018,SAC,17,73,0,0,0,0,5,19.19,4,72.27,1,0.36,2,107.1,0,0,0,0,0,0
Jul-18,07-2018,SATF,17,22,0,0,0,0,4,86.1,2,16.3,2,45.2,3,2.9,0,0,0,0,0,0
Jul-18,07-2018,SCC,39,55,0,0,0,0,1,7.6,1,0.1,9,51.27,4,1266.984,0,0,0,0,0,0
Jul-18,07-2018,SOL,30,70,0,0,0,0,1,19.6,7,44.5,3,9.3,1,1050,1,31.9,0,0,0,0
Jul-18,07-2018,SQ,22,38,0,0,0,0,7,42.07,7,161.76,5,171.59,2,379.85,0,0,0,0,0,0
Jul-18,07-2018,SVSP,24,55,0,0,0,0,5,340.55,3,26.2,4,119.08,0,0,0,0,0,0,0,0
Jul-18,07-2018,VSP,1,1,0,0,0,0,0,0,3,122.57,3,63.83,2,329.6,0,0,0,0,0,0
Jul-18,07-2018,WSP,8,15,0,0,0,0,2,4.63,2,2.66,0,0,0,0,0,0,0,0,0,0
Aug-18,08-2018,ASP,5,12,0,0,0,0,4,3.9701,1,1.78,0,0,0,0,1,1.78,0,0,0,0
Aug-18,08-2018,CAC,0,0,0,0,0,0,6,542.62,1,19.4,0,0,0,0,0,0,0,0,0,0
Aug-18,08-2018,CAL,29,32,0,0,0,0,5,64.2,4,20.12,1,0.2,1,45.5,2,2.3,0,0,0,0
Aug-18,08-2018,CCC,36,44,0,0,0,0,3,3.5,3,0.16,2,1.1,0,0,1,2.9,0,0,0,0
Aug-18,08-2018,CCI,4,4,0,0,0,0,0,0,0,0,2,24.91,0,0,0,0,0,0,0,0
Aug-18,08-2018,CCWF,3,3,0,0,0,0,2,3.5,1,0.2,3,4.7,0,0,0,0,0,0,0,0
Aug-18,08-2018,CEN,16,19,0,0,0,0,4,198.1,2,106.5,2,17.7,1,7.1,0,0,0,0,0,0
Aug-18,08-2018,CHCF,7,7,0,0,0,0,0,0,1,170.98,0,0,1,0.66,0,0,0,0,0,0
Aug-18,08-2018,CIM,4,4,0,0,0,0,2,1.8,1,0.3,1,0.2,1,0.2,0,0,0,0,0,0
Aug-18,08-2018,CIW,1,1,0,0,0,0,1,0.08,0,0,1,2.8,0,0,0,0,0,0,0,0
Aug-18,08-2018,CMC,28,29,0,0,0,0,3,2.92,1,3,5,5.525,2,538,0,0,0,0,0,0
Aug-18,08-2018,CMF,25,37,0,0,0,0,3,0.219,7,26.1,1,2.6,0,0,0,0,0,0,0,0
Aug-18,08-2018,COR,15,143,0,0,0,0,7,77.9,3,31.9,2,3.4,0,0,0,0,0,0,0,0
Aug-18,08-2018,CRC,0,0,0,0,0,0,3,78.2,3,98.4,3,485.4,0,0,0,0,0,0,0,0
Aug-18,08-2018,CTF,17,21,0,0,0,0,4,76.53,1,0.45,2,0.21,0,0,0,0,0,0,0,0
Aug-18,08-2018,CVSP,0,0,0,0,0,0,0,0,0,0,0,0,0,0,0,0,0,0,0,0
Aug-18,08-2018,DVI,1,68,0,0,1,0.74,4,0.267,5,80.573,4,2.052,0,0,0,0,0,0,0,0
Aug-18,08-2018,FOL,16,24,0,0,0,0,6,2.62,14,187.8,3,4,4,807.9,0,0,0,0,0,0
Aug-18,08-2018,HDSP,5,6,0,0,0,0,5,59.8,1,3,5,66.8,0,0,5,2.1,0,0,0,0
Aug-18,08-2018,ISP,16,22,0,0,0,0,3,39.06,1,0.61,0,0,0,0,4,69.72,0,0,0,0
Aug-18,08-2018,KVSP,11,17,0,0,0,0,5,4.04,4,157.1,7,60.07,0,0,3,38.2,0,0,0,0
Aug-18,08-2018,LAC,44,97,0,0,0,0,7,30.8,5,2.79,4,11.95,3,15,8,42.02,0,0,0,0
Aug-18,08-2018,MCSP,10,25,1,0.4,0,0,5,49.3,1,6.2,7,83.7,0,0,0,0,0,0,0,0
Aug-18,08-2018,NKSP,14,18,0,0,0,0,0,0,1,0.5,0,0,1,684.3,0,0,0,0,0,0
Aug-18,08-2018,PBSP,2,5,0,0,0,0,1,59.3,3,12.21,0,0,0,0,0,0,0,0,0,0
Aug-18,08-2018,PVSP,7,9,0,0,0,0,2,2.46,3,113.01,1,28.22,0,0,0,0,0,0,0,0
Aug-18,08-2018,RJD,0,0,0,0,0,0,2,2.1,2,0.9,3,1.8,0,0,0,0,0,0,0,0
Aug-18,08-2018,SAC,1,7,0,0,0,0,3,2.23,4,9.81,1,2.45,3,741.28,0,0,0,0,0,0
Aug-18,08-2018,SATF,27,56,0,0,0,0,7,19.8,2,3.4,1,6.6,1,0.6,1,4.4,0,0,0,0
Aug-18,08-2018,SCC,33,41,0,0,0,0,2,0.754,3,10,4,37.7,6,1903.57,0,0,0,0,0,0
Aug-18,08-2018,SOL,31,48,0,0,0,0,4,30.1,6,349.5,3,5.4,1,1.8,1,2.8,0,0,0,0
Aug-18,08-2018,SQ,20,21,0,0,0,0,1,6.31,3,26.85,2,0.94,5,850,0,0,0,0,0,0
Aug-18,08-2018,SVSP,27,54,0,0,0,0,8,155.17,4,241.69,5,61.24,2,34.42,0,0,0,0,0,0
Aug-18,08-2018,VSP,1,1,0,0,0,0,0,0,1,8.04,1,1.86,0,0,0,0,0,0,0,0
Aug-18,08-2018,WSP,6,6,0,0,0,0,0,0,0,0,1,55.5,0,0,1,4.78,0,0,0,0
Sep-18,09-2018,ASP,2,3,0,0,0,0,4,6.8101,0,0,1,24.56,0,0,0,0,0,0,0,0
Sep-18,09-2018,CAC,0,0,0,0,0,0,2,15.1,1,28.7,1,3.3,0,0,0,0,0,0,0,0
Sep-18,09-2018,CAL,27,31,0,0,0,0,8,42.1,3,4.2,4,117.9,0,0,0,0,0,0,0,0
Sep-18,09-2018,CCC,40,58,1,0.3,0,0,1,0.8,4,148.1,4,95.4,0,0,0,0,0,0,0,0
Sep-18,09-2018,CCI,5,5,0,0,0,0,4,7.44,1,4.66,1,0.13,0,0,0,0,0,0,0,0
Sep-18,09-2018,CCWF,4,4,0,0,0,0,4,10.4,1,7.5,1,28.5,1,9.3,0,0,0,0,0,0
Sep-18,09-2018,CEN,26,29,0,0,0,0,5,112.3,5,58.1,3,63.7,0,0,0,0,0,0,0,0
Sep-18,09-2018,CHCF,6,6,0,0,0,0,0,0,1,45.62,1,1.48,0,0,0,0,0,0,0,0
Sep-18,09-2018,CIM,1,1,0,0,0,0,0,0,0,0,3,15.3,1,107.5,0,0,0,0,0,0
Sep-18,09-2018,CIW,1,1,0,0,0,0,1,4.1,0,0,0,0,1,4,0,0,0,0,0,0
Sep-18,09-2018,CMC,23,32,0,0,0,0,3,25.03,13,55.951,3,42.05,8,1098,0,0,0,0,0,0
Sep-18,09-2018,CMF,18,38,0,0,0,0,1,1,5,164.2,5,35.9,4,466.5,0,0,0,0,0,0
Sep-18,09-2018,COR,16,33,0,0,0,0,4,11.8,5,75.1,2,2.4,2,877,0,0,0,0,0,0
Sep-18,09-2018,CRC,1,2,0,0,0,0,0,0,0,0,2,448.8,0,0,0,0,0,0,0,0
Sep-18,09-2018,CTF,10,11,0,0,0,0,0,0,0,0,0,0,0,0,0,0,0,0,0,0
Sep-18,09-2018,CVSP,0,0,0,0,0,0,0,0,0,0,2,40,0,0,0,0,0,0,0,0
Sep-18,09-2018,DVI,1,28,0,0,0,0,5,45.551,4,57.541,4,69.427,0,0,0,0,0,0,0,0
Sep-18,09-2018,FOL,15,37,0,0,0,0,1,0.3,6,132.1,2,21.2,2,1020.2,0,0,0,0,0,0
Sep-18,09-2018,HDSP,2,2,0,0,0,0,5,104.2,0,0,3,72,0,0,1,1.5,0,0,0,0
Sep-18,09-2018,ISP,14,14,0,0,0,0,4,9.41,0,0,1,0,1,0.69,0,0,0,0,0,0
Sep-18,09-2018,KVSP,6,7,0,0,0,0,4,32.3,4,54.6,7,56.22,0,0,0,0,0,0,0,0
Sep-18,09-2018,LAC,21,25,0,0,0,0,4,8.17,2,46.2,9,47.08,1,78.1,1,0.05,0,0,0,0
Sep-18,09-2018,MCSP,1,1,0,0,0,0,2,0.2,2,74.8,2,2.8,0,0,0,0,0,0,0,0
Sep-18,09-2018,NKSP,15,18,0,0,0,0,3,3.7,2,82.7,3,31.4,2,3.4,0,0,0,0,0,0
Sep-18,09-2018,PBSP,2,2,0,0,1,0.01,0,0,0,0,0,0,0,0,0,0,0,0,0,0
Sep-18,09-2018,PVSP,8,10,0,0,0,0,4,90.56,2,156.34,1,1.06,0,0,2,13.55,0,0,0,0
Sep-18,09-2018,RJD,1,3,1,19.2,0,0,4,29,3,246.8,4,129.3,2,48,0,0,0,0,0,0
Sep-18,09-2018,SAC,42,87,0,0,0,0,4,48.77,3,1.29,3,1.35,0,0,0,0,0,0,0,0
Sep-18,09-2018,SATF,15,25,0,0,0,0,3,169,0,0,5,91.2,5,123.4,2,60.4,0,0,0,0
Sep-18,09-2018,SCC,36,44,0,0,0,0,1,1.9,5,76.1,5,99.2,1,126,0,0,0,0,0,0
Sep-18,09-2018,SOL,35,46,0,0,0,0,3,25.8,9,87.1,1,2.5,2,134.7,0,0,0,0,0,0
Sep-18,09-2018,SQ,29,29,0,0,0,0,3,30.85,1,1.09,4,16.89,1,79.08,0,0,0,0,0,0
Sep-18,09-2018,SVSP,20,69,0,0,0,0,15,121.2,6,222.9,10,77.164,1,6.44,1,1.2,0,0,0,0
Sep-18,09-2018,VSP,15,39,0,0,0,0,0,0,2,89.88,0,0,1,4864.76,0,0,0,0,0,0
Sep-18,09-2018,WSP,8,22,0,0,0,0,1,0.85,1,5.57,1,22.05,3,401.92,0,0,0,0,0,0
Oct-18,10-2018,ASP,5,13,0,0,0,0,1,0.09,0,0,4,100.03,0,0,0,0,0,0,0,0
Oct-18,10-2018,CAC,0,0,0,0,0,0,0,0,2,75.8,1,62.2,0,0,0,0,0,0,0,0
Oct-18,10-2018,CAL,27,28,0,0,0,0,12,55.47,1,0.1,2,73.8,0,0,3,31.3,0,0,0,0
Oct-18,10-2018,CCC,56,75,0,0,0,0,2,0.101,4,3.2,0,0,4,1067,0,0,0,0,0,0
Oct-18,10-2018,CCI,3,4,0,0,0,0,1,22.05,0,0,9,160.33,0,0,0,0,0,0,0,0
Oct-18,10-2018,CCWF,0,0,0,0,0,0,1,0.1,1,2.3,1,0.8,0,0,0,0,0,0,0,0
Oct-18,10-2018,CEN,29,33,0,0,0,0,3,43.2,11,338.7,2,100.4,3,521.3,0,0,0,0,0,0
Oct-18,10-2018,CHCF,6,7,0,0,0,0,0,0,2,3.84,1,0.26,1,1.27,0,0,0,0,0,0
Oct-18,10-2018,CIM,1,1,0,0,0,0,0,0,1,14.7,1,51.2,1,55.2,0,0,0,0,0,0
Oct-18,10-2018,CIW,4,4,0,0,0,0,0,0,0,0,4,123.7,2,6.4,0,0,0,0,0,0
Oct-18,10-2018,CMC,19,20,0,0,0,0,0,0,5,62,1,0.05,3,58.5,0,0,0,0,0,0
Oct-18,10-2018,CMF,24,33,1,0.3,0,0,2,46,5,131.2,0,0,3,993,0,0,0,0,0,0
Oct-18,10-2018,COR,16,24,0,0,0,0,3,15.8,2,2,1,25,0,0,0,0,0,0,0,0
Oct-18,10-2018,CRC,8,26,0,0,0,0,0,0,4,48.3,0,0,1,41,0,0,0,0,0,0
Oct-18,10-2018,CTF,23,29,0,0,0,0,1,6.62,0,0,0,0,0,0,0,0,0,0,0,0
Oct-18,10-2018,CVSP,1,1,0,0,0,0,0,0,0,0,0,0,0,0,0,0,0,0,0,0
Oct-18,10-2018,DVI,2,37,0,0,0,0,0,0,4,103.04,0,0,0,0,0,0,0,0,0,0
Oct-18,10-2018,FOL,20,24,0,0,0,0,6,8.9,3,16.9,7,47.7,0,0,0,0,0,0,0,0
Oct-18,10-2018,HDSP,5,5,0,0,0,0,1,4,1,1,3,30.9,0,0,0,0,0,0,0,0
Oct-18,10-2018,ISP,29,36,0,0,0,0,5,58.15,0,0,1,1.97,0,0,2,2.55,0,0,0,0
Oct-18,10-2018,KVSP,17,44,0,0,0,0,4,96.9,4,114.58,4,56.4,0,0,0,0,0,0,0,0
Oct-18,10-2018,LAC,27,62,0,0,0,0,9,44.32,5,4.3,3,1.58,5,639.6,0,0,0,0,0,0
Oct-18,10-2018,MCSP,12,17,0,0,0,0,5,33.4,2,16.8,2,79.1,0,0,0,0,0,0,0,0
Oct-18,10-2018,NKSP,38,52,0,0,0,0,0,0,0,0,1,1,0,0,0,0,0,0,0,0
Oct-18,10-2018,PBSP,2,2,0,0,0,0,1,5.2,0,0,1,1,0,0,0,0,0,0,0,0
Oct-18,10-2018,PVSP,7,15,0,0,0,0,1,0.37,1,5.1,1,1.79,2,70.57,0,0,0,0,0,0
Oct-18,10-2018,RJD,1,2,1,0.7,0,0,0,0,2,45.4,1,9.3,0,0,0,0,0,0,0,0
Oct-18,10-2018,SAC,27,43,0,0,0,0,5,5.6302,1,0.0001,1,0.0001,3,248.8,0,0,0,0,0,0
Oct-18,10-2018,SATF,17,46,0,0,0,0,3,34.7,2,65.9,8,255.3,3,416,1,1.5,0,0,0,0
Oct-18,10-2018,SCC,59,142,1,0.5,0,0,3,82.9,9,253.5,3,155.1,4,5401.185,0,0,0,0,0,0
Oct-18,10-2018,SOL,38,50,0,0,0,0,3,101.4,8,65.6,5,18.2,1,897.6,1,1,0,0,0,0
Oct-18,10-2018,SQ,41,41,0,0,0,0,4,23.23,7,138.6,3,2.52,4,65.66,0,0,0,0,0,0
Oct-18,10-2018,SVSP,27,54,0,0,0,0,6,113.08,5,109.2,7,107.601,5,373.8,0,0,0,0,0,0
Oct-18,10-2018,VSP,4,4,0,0,0,0,0,0,5,62.47,1,21.38,1,1003.6,0,0,0,0,0,0
Oct-18,10-2018,WSP,7,14,0,0,0,0,1,75.32,0,0,1,23.57,0,0,0,0,0,0,0,0
Nov-18,11-2018,ASP,3,11,0,0,0,0,2,94.65,3,9.87,1,29.95,0,0,0,0,0,0,0,0
Nov-18,11-2018,CAC,0,0,0,0,0,0,2,1.9,0,0,0,0,0,0,0,0,0,0,0,0
Nov-18,11-2018,CAL,28,29,0,0,0,0,4,16.15,4,3.06,1,76.9,2,65.5,0,0,0,0,0,0
Nov-18,11-2018,CCC,32,36,0,0,0,0,1,0.1,12,1096.99,1,0.9,0,0,3,0.03,0,0,0,0
Nov-18,11-2018,CCI,2,2,0,0,0,0,0,0,1,0.11,1,53,0,0,0,0,0,0,0,0
Nov-18,11-2018,CCWF,2,2,0,0,0,0,4,10.2,0,0,2,19.2,0,0,0,0,0,0,0,0
Nov-18,11-2018,CEN,28,36,0,0,0,0,7,11.9,5,70.7,2,23.2,3,16.3,0,0,0,0,0,0
Nov-18,11-2018,CHCF,6,6,0,0,0,0,0,0,2,23.76,1,5.14,1,11.41,0,0,0,0,0,0
Nov-18,11-2018,CIM,5,5,0,0,0,0,2,11.9,0,0,4,36.1,0,0,0,0,0,0,0,0
Nov-18,11-2018,CIW,4,4,0,0,0,0,0,0,0,0,4,121.1,0,0,0,0,0,0,0,0
Nov-18,11-2018,CMC,18,32,0,0,0,0,4,42.8,8,59.26,3,6.16,2,7340,1,12.7,0,0,0,0
Nov-18,11-2018,CMF,29,32,0,0,0,0,1,4,4,127.814,1,1,2,70.1,0,0,0,0,0,0
Nov-18,11-2018,COR,28,36,0,0,0,0,1,3.6,3,65.5,2,9.2,2,9.2,0,0,0,0,0,0
Nov-18,11-2018,CRC,15,31,0,0,0,0,0,0,8,293.9,2,1.6,2,144.61,0,0,0,0,0,0
Nov-18,11-2018,CTF,13,31,0,0,0,0,0,0,0,0,0,0,1,1700.97,0,0,0,0,0,0
Nov-18,11-2018,CVSP,0,0,0,0,0,0,0,0,0,0,0,0,0,0,0,0,0,0,0,0
Nov-18,11-2018,DVI,2,17,0,0,0,0,1,14.665,2,6,0,0,0,0,0,0,0,0,0,0
Nov-18,11-2018,FOL,18,19,0,0,0,0,5,2.4,7,24.52,6,2.11,0,0,0,0,0,0,0,0
Nov-18,11-2018,HDSP,5,7,0,0,0,0,10,77.2,1,3.4,3,53.2,0,0,0,0,0,0,0,0
Nov-18,11-2018,ISP,27,29,0,0,0,0,5,24.254,1,2.84,1,0.043,0,0,3,15.67,0,0,0,0
Nov-18,11-2018,KVSP,14,18,0,0,0,0,4,48.2,5,70,7,65.22,1,23.2,0,0,0,0,0,0
Nov-18,11-2018,LAC,20,23,0,0,0,0,5,6.91,10,277.74,13,246.2,2,0.35,0,0,0,0,0,0
Nov-18,11-2018,MCSP,9,11,0,0,1,43.9,8,4.64,2,8.2,0,0,0,0,0,0,0,0,0,0
Nov-18,11-2018,NKSP,12,14,0,0,0,0,6,198.5,2,28.6,3,41.6,2,10.8,0,0,0,0,0,0
Nov-18,11-2018,PBSP,1,1,0,0,0,0,1,29.4,0,0,0,0,0,0,0,0,0,0,0,0
Nov-18,11-2018,PVSP,11,15,0,0,0,0,1,1.6,1,15.55,1,6.19,0,0,0,0,0,0,0,0
Nov-18,11-2018,RJD,2,28,0,0,0,0,2,13.6,2,10.4,7,18.2,0,0,0,0,0,0,0,0
Nov-18,11-2018,SAC,32,42,0,0,0,0,3,1.35,6,121.62,6,47.3701,4,71.76,1,0.6,0,0,0,0
Nov-18,11-2018,SATF,10,14,0,0,0,0,4,26.5,2,1.5,2,1.4,0,0,1,0.8,0,0,0,0
Nov-18,11-2018,SCC,33,68,0,0,0,0,0,0,10,207.035,5,57.16,1,113,0,0,0,0,0,0
Nov-18,11-2018,SOL,14,23,0,0,0,0,1,1,2,6.4,0,0,0,0,2,1.4,0,0,0,0
Nov-18,11-2018,SQ,26,30,0,0,0,0,1,0.11,9,72.58,3,1.38,0,0,0,0,0,0,0,0
Nov-18,11-2018,SVSP,39,98,0,0,0,0,5,20.03,3,2.151,1,0.5,3,1513.48,0,0,0,0,0,0
Nov-18,11-2018,VSP,7,7,0,0,0,0,3,20.61,3,54.99,2,44.96,0,0,0,0,0,0,0,0
Nov-18,11-2018,WSP,15,70,0,0,0,0,2,1.44,3,56.14,0,0,1,13.5,1,1.7,0,0,0,0
Dec-18,12-2018,ASP,2,2,0,0,0,0,2,59.79,0,0,1,13.92,1,27,0,0,0,0,0,0
Dec-18,12-2018,CAC,0,0,0,0,0,0,4,26.41,0,0,1,27.7,0,0,0,0,0,0,0,0
Dec-18,12-2018,CAL,36,41,0,0,0,0,7,424.35,2,7.05,1,27,1,10,1,60.1,0,0,0,0
Dec-18,12-2018,CCC,34,44,0,0,0,0,0,0,10,137.13,4,80.4,2,1305.08,0,0,0,0,0,0
Dec-18,12-2018,CCI,4,4,0,0,0,0,9,19.88,0,0,3,17.61,0,0,0,0,0,0,0,0
Dec-18,12-2018,CCWF,3,3,0,0,0,0,4,124,2,16.8,3,65.4,0,0,0,0,0,0,0,0
Dec-18,12-2018,CEN,20,23,0,0,0,0,3,49.6,4,41,0,0,1,15.8,0,0,0,0,0,0
Dec-18,12-2018,CHCF,7,7,0,0,0,0,0,0,0,0,0,0,0,0,0,0,0,0,0,0
Dec-18,12-2018,CIM,5,5,0,0,0,0,0,0,1,17.2,0,0,1,11.6,0,0,0,0,0,0
Dec-18,12-2018,CIW,3,3,0,0,0,0,1,0.02,0,0,2,19.6,0,0,0,0,0,0,0,0
Dec-18,12-2018,CMC,17,43,0,0,0,0,4,78.85,3,330.98,2,67.5,0,0,0,0,0,0,0,0
Dec-18,12-2018,CMF,32,35,0,0,0,0,1,2.1,7,47.2,0,0,5,364.5,1,7.8,0,0,0,0
Dec-18,12-2018,COR,10,19,0,0,0,0,3,22.7,4,55.3,2,29.7,5,1653.485,0,0,0,0,0,0
Dec-18,12-2018,CRC,16,23,0,0,0,0,1,0.2,4,203.1,2,97.5,0,0,0,0,0,0,0,0
Dec-18,12-2018,CTF,5,5,0,0,0,0,0,0,0,0,1,167,0,0,0,0,0,0,0,0
Dec-18,12-2018,CVSP,0,0,0,0,0,0,0,0,0,0,0,0,0,0,0,0,0,0,0,0
Dec-18,12-2018,DVI,4,42,0,0,0,0,0,0,5,92.1,4,86.514,0,0,0,0,0,0,0,0
Dec-18,12-2018,FOL,22,145,0,0,0,0,5,14.4,14,555.6,7,464.91,3,1344.8,2,2.7,0,0,0,0
Dec-18,12-2018,HDSP,7,7,0,0,0,0,5,114.3,4,58.9,4,46.1,0,0,0,0,0,0,0,0
Dec-18,12-2018,ISP,18,22,0,0,0,0,6,9.58,1,77.56,1,0.028,0,0,0,0,0,0,0,0
Dec-18,12-2018,KVSP,14,19,0,0,0,0,13,221.33,10,145.82,9,100.42,0,0,0,0,0,0,0,0
Dec-18,12-2018,LAC,19,44,0,0,0,0,6,20.04,5,2.91,3,43.5,1,7.5,0,0,0,0,0,0
Dec-18,12-2018,MCSP,11,11,0,0,0,0,2,0.4,1,9.8,1,14.4,1,3175.14,0,0,0,0,0,0
Dec-18,12-2018,NKSP,13,15,0,0,0,0,0,0,1,5.4,0,0,1,17.5,1,0.6,0,0,0,0
Dec-18,12-2018,PBSP,1,4,0,0,0,0,2,31,0,0,2,2.4,0,0,1,18,0,0,0,0
Dec-18,12-2018,PVSP,12,29,0,0,0,0,3,100.85,1,40.04,1,1.2,2,115.05,0,0,0,0,0,0
Dec-18,12-2018,RJD,0,0,0,0,0,0,2,16.5,3,57.5,2,2.1,0,0,0,0,0,0,0,0
Dec-18,12-2018,SAC,29,43,0,0,0,0,5,17.71,5,81.63,1,40.66,2,539.29,0,0,0,0,0,0
Dec-18,12-2018,SATF,17,28,0,0,0,0,1,0.1,4,33.8,4,142.3,2,6.8,0,0,0,0,0,0
Dec-18,12-2018,SCC,41,53,0,0,0,0,1,7,5,194.578,4,75.189,3,652.892,0,0,0,0,0,0
Dec-18,12-2018,SOL,18,35,0,0,0,0,1,0.1,1,2.4,0,0,1,624.4,1,0.4,0,0,0,0
Dec-18,12-2018,SQ,31,45,0,0,0,0,2,5.56,10,204.54,7,56.37,4,87.08,0,0,0,0,0,0
Dec-18,12-2018,SVSP,27,38,0,0,0,0,5,34.46,7,31.46,8,88.82,4,165.2,3,45.72,0,0,0,0
Dec-18,12-2018,VSP,11,14,0,0,0,0,1,9.2,4,65.95,1,0.8,0,0,0,0,0,0,0,0
Dec-18,12-2018,WSP,13,36,0,0,0,0,3,16.45,3,109.63,2,29.33,0,0,0,0,0,0,0,0
Jan-19,01-2019,ASP,4,7,0,0,0,0,1,13.27,0,0,0,0,0,0,0,0,7,6.787,0,0
Jan-19,01-2019,CAC,7,7,0,0,0,0,3,24.82,0,0,1,27.9,0,0,0,0,0,0,0,0
Jan-19,01-2019,CAL,17,31,1,10,0,0,10,104.44,2,20.41,3,26.24,4,14.2,0,0,0,0,0,0
Jan-19,01-2019,CCC,51,88,0,0,0,0,1,0.8,5,7.8,3,7,0,0,0,0,0,0,0,0
Jan-19,01-2019,CCI,10,14,1,129.3,0,0,5,45.56,3,14.37,6,63.8,0,0,0,0,0,0,0,0
Jan-19,01-2019,CCWF,5,6,0,0,0,0,2,44.1,0,0,1,12.7,1,30,0,0,0,0,0,0
Jan-19,01-2019,CEN,31,42,0,0,0,0,4,117,13,238.4,2,116.4,5,72.3,0,0,0,0,0,0
Jan-19,01-2019,CHCF,17,17,0,0,0,0,0,0,0,0,1,15.63,0,0,0,0,0,0,0,0
Jan-19,01-2019,CIM,4,4,0,0,0,0,10,14,4,5.2,4,38.6,4,337.6,0,0,0,0,0,0
Jan-19,01-2019,CIW,3,3,0,0,0,0,0,0,1,23.2,1,4.2,0,0,0,0,0,0,0,0
Jan-19,01-2019,CMC,25,36,1,0.83,0,0,3,16.66,9,1235.87,4,216.79,2,2136,1,0.25,0,0,0,0
Jan-19,01-2019,CMF,31,34,0,0,0,0,1,9.5,4,53.375,3,2.235,2,577.5,0,0,0,0,0,0
Jan-19,01-2019,COR,11,14,0,0,0,0,1,0.5,2,4.2,2,4.3,0,0,0,0,0,0,0,0
Jan-19,01-2019,CRC,21,21,0,0,0,0,3,1.98,0,0,3,0.53,0,0,0,0,0,0,0,0
Jan-19,01-2019,CTF,13,16,0,0,0,0,1,6.31,4,52.91,2,2.23,1,1644.2,0,0,0,0,0,0
Jan-19,01-2019,CVSP,0,0,0,0,0,0,0,0,0,0,0,0,1,0.7,0,0,0,0,0,0
Jan-19,01-2019,DVI,2,45,0,0,0,0,1,3,4,72.395,1,0.204,0,0,0,0,0,0,0,0
Jan-19,01-2019,FOL,20,21,0,0,0,0,12,83.5,8,13.9,3,57.6,0,0,0,0,0,0,0,0
Jan-19,01-2019,HDSP,11,15,0,0,0,0,2,100.1,1,0.1,1,8,0,0,0,0,0,0,0,0
Jan-19,01-2019,ISP,19,45,0,0,0,0,3,77.64,0,0,2,234.66,0,0,0,0,0,0,0,0
Jan-19,01-2019,KVSP,23,95,1,53.1,0,0,5,86,9,123.43,6,91.83,3,208.9,1,21.6,0,0,0,0
Jan-19,01-2019,LAC,27,42,0,0,0,0,4,0.71,10,89.315,3,24.2,8,316.3,0,0,0,0,0,0
Jan-19,01-2019,MCSP,6,18,0,0,0,0,8,15.031,5,11.03,3,3.36,0,0,0,0,0,0,0,0
Jan-19,01-2019,NKSP,21,22,0,0,1,63.7,2,5.3,0,0,2,29,0,0,0,0,0,0,0,0
Jan-19,01-2019,PBSP,0,0,0,0,0,0,0,0,0,0,0,0,0,0,0,0,0,0,0,0
Jan-19,01-2019,PVSP,3,3,0,0,0,0,1,9.69,0,0,1,6.14,0,0,0,0,0,0,0,0
Jan-19,01-2019,RJD,31,34,0,0,0,0,4,46.9,5,140.3,2,34,1,83.7,0,0,0,0,0,0
Jan-19,01-2019,SAC,20,35,0,0,0,0,4,7.025,3,32.95,0,0,1,46.47,0,0,0,0,0,0
Jan-19,01-2019,SATF,10,11,0,0,0,0,0,0,2,11.9,3,36.5,0,0,0,0,0,0,0,0
Jan-19,01-2019,SCC,46,77,1,14.26,0,0,0,0,8,74.33,6,47.409,6,3954.672,0,0,0,0,0,0
Jan-19,01-2019,SOL,29,35,1,0.9,0,0,3,9.3,1,1,0,0,1,277.7,1,4.7,0,0,0,0
Jan-19,01-2019,SQ,22,27,0,0,0,0,2,0.19,6,46.39,1,2.77,5,1177,0,0,0,0,0,0
Jan-19,01-2019,SVSP,27,74,0,0,0,0,5,66.02,12,438.48,2,5.49,1,1.5,0,0,0,0,0,0
Jan-19,01-2019,VSP,5,5,0,0,0,0,1,78,2,233,1,188,0,0,0,0,0,0,0,0
Jan-19,01-2019,WSP,12,27,0,0,0,0,0,0,7,54.56,4,237.32,4,54.3,1,15.2,0,0,0,0
Feb-19,02-2019,ASP,8,13,0,0,0,0,2,4.79,0,0,1,5.49,0,0,0,0,0,0,0,0
Feb-19,02-2019,CAC,8,8,0,0,0,0,3,112.7,0,0,0,0,0,0,0,0,0,0,0,0
Feb-19,02-2019,CAL,25,29,0,0,0,0,3,4.4,3,691,2,41.82,3,97.49,5,52.57,0,0,0,0
Feb-19,02-2019,CCC,29,43,0,0,0,0,1,15.1,7,126.471,0,0,1,4876,0,0,0,0,0,0
Feb-19,02-2019,CCI,6,7,0,0,0,0,5,291.56,3,64.2,2,12.57,0,0,0,0,0,0,0,0
Feb-19,02-2019,CCWF,1,1,0,0,0,0,1,23.3,3,38.4,3,46.3,0,0,0,0,0,0,0,0
Feb-19,02-2019,CEN,15,21,0,0,0,0,5,138,4,21.6,0,0,3,395.799,0,0,0,0,0,0
Feb-19,02-2019,CHCF,6,7,0,0,0,0,0,0,1,51.3,1,2.27,3,70.59,0,0,0,0,0,0
Feb-19,02-2019,CIM,2,2,0,0,0,0,2,38.6,2,9.6,1,59.2,0,0,0,0,0,0,0,0
Feb-19,02-2019,CIW,2,2,0,0,0,0,1,7.8,1,66.1,4,28.7,0,0,0,0,0,0,0,0
Feb-19,02-2019,CMC,12,15,0,0,0,0,0,0,1,15,1,0.2,0,0,0,0,0,0,0,0
Feb-19,02-2019,CMF,25,27.5,0,0,0,0,0,0,3,26.25,1,2.94,3,13.69,0,0,0,0,0,0
Feb-19,02-2019,COR,21,28,0,0,0,0,3,11.9,6,31.42,3,2.1,1,1.3,0,0,0,0,0,0
Feb-19,02-2019,CRC,8,20,0,0,0,0,0,0,2,123.3,1,1.5,1,10,0,0,0,0,0,0
Feb-19,02-2019,CTF,13,13,0,0,0,0,1,0.12,0,0,0,0,0,0,0,0,0,0,0,0
Feb-19,02-2019,CVSP,0,0,0,0,0,0,0,0,0,0,0,0,0,0,0,0,0,0,0,0
Feb-19,02-2019,DVI,2,60,0,0,0,0,1,0.5,2,2.296,1,10,0,0,0,0,0,0,0,0
Feb-19,02-2019,FOL,10,30,0,0,0,0,3,9.4,5,45.4,4,57.2,2,835.9,1,1.1,0,0,0,0
Feb-19,02-2019,HDSP,7,8,0,0,0,0,2,0.6,3,7.8,5,55,0,0,0,0,0,0,0,0
Feb-19,02-2019,ISP,21,31,0,0,0,0,2,5.53,0,0,0,0,1,290.42,0,0,0,0,0,0
Feb-19,02-2019,KVSP,16,34,0,0,0,0,3,32.8,1,0.6,7,180.6146,1,604.4,1,0.1,0,0,0,0
Feb-19,02-2019,LAC,36,54,0,0,0,0,6,38.69,6,60.4,8,138.07,2,12.3,0,0,0,0,0,0
Feb-19,02-2019,MCSP,15,21,0,0,0,0,2,0.1,6,23,2,5.6,1,0,0,0,0,0,0,0
Feb-19,02-2019,NKSP,11,11,0,0,0,0,2,75,0,0,0,0,2,212.6,0,0,0,0,0,0
Feb-19,02-2019,PBSP,1,3,0,0,0,0,0,0,0,0,0,0,0,0,0,0,0,0,0,0
Feb-19,02-2019,PVSP,14,45,0,0,0,0,10,63.81,7,17.99,6,54.53,1,5.2,7,21.41,0,0,0,0
Feb-19,02-2019,RJD,19,23,0,0,0,0,1,17.4,0,0,1,4.3,0,0,0,0,0,0,0,0
Feb-19,02-2019,SAC,35,66,0,0,0,0,8,254.48,2,79.81,1,0.00001,1,178.79,0,0,0,0,0,0
Feb-19,02-2019,SATF,9,26,0,0,0,0,2,57.7,1,2,2,28.8,2,544.9,2,71.6,0,0,0,0
Feb-19,02-2019,SCC,32,48,0,0,0,0,2,10.16,1,45.3,2,5.4,3,479.6046,0,0,0,0,0,0
Feb-19,02-2019,SOL,20,29,0,0,1,0.1,1,0.9,4,33,2,9.3,0,0,0,0,0,0,0,0
Feb-19,02-2019,SQ,19,21,0,0,0,0,0,0,4,16.88,3,6.99,0,0,0,0,0,0,0,0
Feb-19,02-2019,SVSP,39,88,0,0,0,0,12,160,8,17.31,4,2.64,5,1062.78,2,110.9,0,0,0,0
Feb-19,02-2019,VSP,5,6,0,0,0,0,0,0,0,0,1,23.37,0,0,0,0,0,0,0,0
Feb-19,02-2019,WSP,13,23,0,0,0,0,1,1.5,2,1.51,0,0,0,0,0,0,0,0,0,0
Mar-19,03-2019,ASP,1,1,0,0,0,0,0,0,0,0,1,29.64,0,0,0,0,0,0,0,0
Mar-19,03-2019,CAC,12,12,0,0,0,0,1,0.63,1,32.8,1,32.53,0,0,0,0,0,0,0,0
Mar-19,03-2019,CAL,27,34,0,0,0,0,9,208.8,5,156.04,1,0.1,2,37.4,1,75,0,0,0,0
Mar-19,03-2019,CCC,45,55,0,0,0,0,2,1.3,4,62.6,0,0,1,136.08,0,0,0,0,0,0
Mar-19,03-2019,CCI,3,3,0,0,0,0,5,25.22,1,28.6,2,55.12,0,0,0,0,0,0,2,10.06
Mar-19,03-2019,CCWF,3,3,0,0,0,0,1,2.8,1,0.8,1,54,0,0,0,0,0,0,0,0
Mar-19,03-2019,CEN,20,26,0,0,0,0,5,254,3,21.2,2,28.4,0,0,0,0,0,0,0,0
Mar-19,03-2019,CHCF,8,8,0,0,0,0,0,0,3,32.5,1,0.14,1,6.99,0,0,0,0,0,0
Mar-19,03-2019,CIM,5,5,0,0,0,0,1,8,1,8.6,1,24.1,2,129.5,0,0,0,0,0,0
Mar-19,03-2019,CIW,5,11,0,0,0,0,0,0,0,0,1,13.9,0,0,0,0,0,0,0,0
Mar-19,03-2019,CMC,13,13,1,5.1,0,0,3,55.7,1,0.02,9,108.626,0,0,0,0,0,0,0,0
Mar-19,03-2019,CMF,19,19,0,0,0,0,0,0,4,52.17,0,0,2,217.3,1,0.65,0,0,0,0
Mar-19,03-2019,COR,26,38,0,0,0,0,7,121.5,5,56,4,86.2,3,28695,1,2.3,0,0,0,0
Mar-19,03-2019,CRC,0,0,0,0,0,0,0,0,5,117.7,5,160.9,0,0,0,0,0,0,0,0
Mar-19,03-2019,CTF,11,12,0,0,0,0,1,0.64,1,11.15,2,0.85,0,0,0,0,0,0,0,0
Mar-19,03-2019,CVSP,0,0,0,0,0,0,0,0,0,0,0,0,0,0,0,0,0,0,0,0
Mar-19,03-2019,DVI,2,29,1,0.473,0,0,4,26.223,4,812.024,1,123,0,0,0,0,0,0,0,0
Mar-19,03-2019,FOL,16,23,0,0,0,0,7,50.1,5,114.62,4,127.77,1,93.64,0,0,0,0,0,0
Mar-19,03-2019,HDSP,3,3,0,0,0,0,1,0.1,0,0,2,32,0,0,4,0.91,0,0,0,0
Mar-19,03-2019,ISP,27,35,0,0,0,0,2,0.48,2,2.4,0,0,0,0,0,0,0,0,0,0
Mar-19,03-2019,KVSP,11,39,0,0,0,0,4,39,3,33.78,8,226.5,1,22.7,0,0,0,0,0,0
Mar-19,03-2019,LAC,22,43,0,0,0,0,6,1.89,4,38.32,3,29.56,5,31.88,0,0,0,0,0,0
Mar-19,03-2019,MCSP,13,20,1,1.7,0,0,4,36.5,3,13.3,3,28.4,0,0,0,0,0,0,0,0
Mar-19,03-2019,NKSP,18,28,0,0,0,0,2,1.09,0,0,1,1.078,2,301.2,0,0,0,0,0,0
Mar-19,03-2019,PBSP,2,2,0,0,0,0,0,0,0,0,0,0,0,0,0,0,0,0,0,0
Mar-19,03-2019,PVSP,5,8,0,0,0,0,3,54.77,0,0,2,14.71,0,0,1,0.77,0,0,0,0
Mar-19,03-2019,RJD,15,16,0,0,0,0,4,15.2,2,196.3,2,14.6,0,0,0,0,0,0,0,0
Mar-19,03-2019,SAC,66,74,0,0,0,0,0,0,4,17.47,6,61.23,1,86.72,0,0,0,0,0,0
Mar-19,03-2019,SATF,12,24,0,0,0,0,6,69.7,2,32.6,4,135.2,0,0,1,29.5,0,0,0,0
Mar-19,03-2019,SCC,43,84,1,1,0,0,1,0.6,6,20.66,6,160.46,5,6400.79,0,0,0,0,0,0
Mar-19,03-2019,SOL,21,27,0,0,0,0,0,0,3,26.4,2,15,0,0,1,26.8,0,0,0,0
Mar-19,03-2019,SQ,17,18.5,0,0,0,0,1,2.59,5,7.07,2,31.13,1,1.94,0,0,0,0,0,0
Mar-19,03-2019,SVSP,47,96,0,0,0,0,12,185.2,8,148.67,6,41.88,7,212.79,1,13.08,0,0,0,0
Mar-19,03-2019,VSP,6,7,0,0,0,0,1,0.12,1,0.14,0,0,0,0,0,0,0,0,0,0
Mar-19,03-2019,WSP,15,26,0,0,0,0,2,5.43,3,266.52,1,0.19,1,85.8,0,0,0,0,0,0
Apr-19,04-2019,ASP,5,5,0,0,0,0,0,0,0,0,3,9.24,0,0,0,0,0,0,0,0
Apr-19,04-2019,CAC,11,11,0,0,0,0,1,4.09,0,0,0,0,0,0,1,0.79,0,0,0,0
Apr-19,04-2019,CAL,27,36,0,0,0,0,8,93.53,2,17.17,2,35,7,3849,1,60,0,0,0,0
Apr-19,04-2019,CCC,38,50,0,0,0,0,2,13.1,6,25.752,10,32.458,0,0,2,0.02,0,0,0,0
Apr-19,04-2019,CCI,3,3,0,0,0,0,1,2.69,2,19.3,3,19.51,0,0,0,0,0,0,0,0
Apr-19,04-2019,CCWF,3,4,0,0,0,0,3,4.3,1,0.1,2,1.9,0,0,0,0,0,0,0,0
Apr-19,04-2019,CEN,24,29,0,0,0,0,9,110.3,3,3.4,0,0,1,9.5,0,0,0,0,0,0
Apr-19,04-2019,CHCF,6,6,0,0,0,0,1,2.25,0,0,0,0,0,0,0,0,0,0,0,0
Apr-19,04-2019,CIM,4,4,0,0,0,0,2,3.3,0,0,2,9.2,1,104.2,0,0,0,0,0,0
Apr-19,04-2019,CIW,2,3,0,0,0,0,1,18.9,0,0,3,16.3,0,0,0,0,0,0,0,0
Apr-19,04-2019,CMC,16,16,0,0,0,0,2,1,0,0,5,4.1,0,0,0,0,0,0,0,0
Apr-19,04-2019,CMF,25,26,0,0,0,0,1,4.16,3,64.1,4,16.46,4,72.58,0,0,0,0,0,0
Apr-19,04-2019,COR,23,25,0,0,0,0,7,109.6,7,171.3,4,4,1,368.5,1,2.5,0,0,0,0
Apr-19,04-2019,CRC,0,0,0,0,0,0,0,0,4,306.88,2,5.6,1,293,0,0,0,0,0,0
Apr-19,04-2019,CTF,19,22,0,0,0,0,2,0.67,0,0,1,34.34,0,0,0,0,0,0,0,0
Apr-19,04-2019,CVSP,0,0,0,0,0,0,0,0,0,0,0,0,0,0,0,0,0,0,0,0
Apr-19,04-2019,DVI,4,18,0,0,0,0,3,27.34,4,123.711,4,1066.842,0,0,0,0,0,0,1,5.64
Apr-19,04-2019,FOL,20,39,0,0,0,0,3,157.12,5,158.22,4,250.68,2,3877.84,0,0,0,0,0,0
Apr-19,04-2019,HDSP,3,4,0,0,0,0,3,47,0,0,0,0,0,0,0,0,0,0,0,0
Apr-19,04-2019,ISP,21,22,0,0,0,0,6,34.37,0,0,1,3.84,0,0,0,0,0,0,0,0
Apr-19,04-2019,KVSP,8,15,0,0,0,0,4,44.11,3,73.06,7,89.69,1,642.7,0,0,0,0,0,0
Apr-19,04-2019,LAC,42,55,1,4.7,0,0,12,327.45,11,596.18,10,282.24,6,803.52,0,0,0,0,0,0
Apr-19,04-2019,MCSP,13,16,1,0.8,0,0,10,3.2,6,137.6,6,14.2,1,558.5,0,0,0,0,0,0
Apr-19,04-2019,NKSP,26,27,0,0,0,0,1,0.3,0,0,1,0.1,0,0,0,0,0,0,0,0
Apr-19,04-2019,PBSP,4,4,0,0,0,0,0,0,0,0,0,0,0,0,0,0,0,0,0,0
Apr-19,04-2019,PVSP,10,12,0,0,0,0,2,52.43,0,0,2,14.2,0,0,1,0.89,0,0,0,0
Apr-19,04-2019,RJD,21,43,0,0,0,0,5,100.91,7,516.7,5,93.4,3,5384.3,0,0,0,0,0,0
Apr-19,04-2019,SAC,24,30,0,0,0,0,5,21.28,0,0,0,0,0,0,0,0,0,0,0,0
Apr-19,04-2019,SATF,8,9,0,0,0,0,2,4.5,2,39.3,2,94.2,1,32.3,2,70.5,0,0,0,0
Apr-19,04-2019,SCC,43,58,0,0,0,0,2,2.6,3,32.5,2,56.44,4,1277.592,0,0,0,0,0,0
Apr-19,04-2019,SOL,31,74,0,0,0,0,3,20.2,4,66.9,1,4.4,2,180,1,9.2,0,0,0,0
Apr-19,04-2019,SQ,17,19,0,0,0,0,0,0,5,57.84,3,2.56,2,36.06,0,0,0,0,0,0
Apr-19,04-2019,SVSP,40,145,0,0,0,0,5,46.28,13,324.15,5,83,7,511.2,4,20.11,0,0,0,0
Apr-19,04-2019,VSP,7,15,0,0,0,0,1,0.5,0,0,0,0,0,0,0,0,0,0,0,0
Apr-19,04-2019,WSP,7,21,0,0,0,0,4,55.65,2,5.68,1,39.79,1,43.28,1,0.47,0,0,0,0
May-19,05-2019,ASP,5,10,0,0,0,0,2,64.87,0,0,1,10.33,0,0,0,0,2,0.283,0,0
May-19,05-2019,CAC,14,37,0,0,0,0,3,3.8,0,0,0,0,0,0,0,0,0,0,0,0
May-19,05-2019,CAL,24,26,0,0,0,0,3,53.4,4,12.28,0,0,1,6.7,1,1.2,1,2,0,0
May-19,05-2019,CCC,30,33,0,0,0,0,0,0,3,3.6,5,2.8,0,0,0,0,2,0.034,0,0
May-19,05-2019,CCI,10,10,0,0,0,0,3,4.9,2,48.4,5,145.39,0,0,0,0,0,0,0,0
May-19,05-2019,CCWF,9,9,0,0,0,0,4,71.1,4,46.9,1,26.9,0,0,0,0,2,18.2,0,0
May-19,05-2019,CEN,21,28,0,0,0,0,4,69.73,5,30,2,10.06,0,0,0,0,1,0.2,0,0
May-19,05-2019,CHCF,8,9,0,0,0,0,0,0,2,8.365,0,0,1,32.78,0,0,0,0,0,0
May-19,05-2019,CIM,8,14,0,0,0,0,1,3.2,2,2.6,3,15.9,3,680.6,0,0,3,8,0,0
May-19,05-2019,CIW,3,3,0,0,0,0,0,0,0,0,1,34.5,2,211.6,0,0,0,0,0,0
May-19,05-2019,CMC,6,6,0,0,0,0,4,18.56,2,29.4,0,0,0,0,0,0,0,0,0,0
May-19,05-2019,CMF,16,16,0,0,0,0,2,0.85,5,21.2,1,0.1,2,45.76,0,0,0,0,0,0
May-19,05-2019,COR,23,46,0,0,0,0,3,12.1,2,4.4,3,55.3,1,626,1,3,0,0,0,0
May-19,05-2019,CRC,8,8,0,0,0,0,1,0.9,2,12.5,3,1.4,0,0,0,0,0,0,0,0
May-19,05-2019,CTF,17,44,0,0,0,0,0,0,2,6.13,0,0,3,1940.13,0,0,0,0,0,0
May-19,05-2019,CVSP,1,1,0,0,0,0,0,0,0,0,0,0,0,0,0,0,0,0,0,0
May-19,05-2019,DVI,2,72,0,0,0,0,1,0.508,6,28.758,2,1.742,0,0,0,0,0,0,0,0
May-19,05-2019,FOL,5,5,0,0,0,0,3,219.08,5,691.43,3,505.72,0,0,0,0,0,0,0,0
May-19,05-2019,HDSP,25,25,0,0,0,0,10,69,1,0.1,2,44.3,0,0,0,0,0,0,0,0
May-19,05-2019,ISP,17,17,0,0,0,0,8,65.99,3,1.15,3,25.02,2,1.17,0,0,0,0,0,0
May-19,05-2019,KVSP,10,22,0,0,0,0,12,294.59,9,202.9,8,284.62,0,0,0,0,1,15.1,0,0
May-19,05-2019,LAC,38,48,0,0,0,0,10,74.91,11,29.12,9,131.88,4,369.5,0,0,0,0,2,0.47
May-19,05-2019,MCSP,5,6,0,0,0,0,8,30.701,0,0,4,85.4,0,0,0,0,1,0.4,0,0
May-19,05-2019,NKSP,18,21,0,0,0,0,0,0,2,11,1,0.6,1,44.9,1,0.7,0,0,0,0
May-19,05-2019,PBSP,3,4,0,0,0,0,0,0,0,0,0,0,0,0,0,0,0,0,0,0
May-19,05-2019,PVSP,9,20,0,0,0,0,2,107.67,0,0,0,0,1,48.91,1,0.2,3,0.33,0,0
May-19,05-2019,RJD,38,81,0,0,0,0,5,100.4,7,329.6,11,298.7,4,3266.2,0,0,0,0,1,54.2
May-19,05-2019,SAC,21,29,0,0,0,0,3,20.67,5,55.88,6,23.31,0,0,0,0,0,0,0,0
May-19,05-2019,SATF,4,12,0,0,0,0,6,39.1,4,78.5,6,28.5,0,0,0,0,0,0,0,0
May-19,05-2019,SCC,45,62,0,0,0,0,0,0,6,111.1,7,112.42,2,921.3598,0,0,4,0,0,0
May-19,05-2019,SOL,16,39,0,0,1,0.1,6,48.8,2,1.1,4,20.9,4,2685.5,6,472.9,0,0,0,0
May-19,05-2019,SQ,24,34,0,0,0,0,4,55.71,7,154.11,8,51.92,6,1047.13,0,0,0,0,0,0
May-19,05-2019,SVSP,39,134,1,1.5,0,0,7,112.92,9,837.23,4,259.87,4,2093.22,1,0.08,0,0,0,0
May-19,05-2019,VSP,10,11,0,0,0,0,1,7.2,1,23,0,0,0,0,0,0,2,15,0,0
May-19,05-2019,WSP,16,43,0,0,0,0,6,24.89,3,6.77,3,11.54,1,61.21,0,0,0,0,0,0
Jun-19,06-2019,ASP,4,4,0,0,0,0,1,16.87,1,13.43,3,19.41,1,6.54,0,0,0,0,0,0
Jun-19,06-2019,CAC,22,22,0,0,0,0,2,61.5,2,3.71,0,0,0,0,0,0,0,0,0,0
Jun-19,06-2019,CAL,14,20,0,0,0,0,2,26.86,2,6.1,4,56,3,41.55,0,0,3,9,0,0
Jun-19,06-2019,CCC,45,65,0,0,0,0,1,4.9,5,18.1,6,25.711,1,226,0,0,2,0.208,0,0
Jun-19,06-2019,CCI,9,11,0,0,0,0,8,283.58,3,18.9,4,17.52,1,1,0,0,2,0.69,0,0
Jun-19,06-2019,CCWF,2,2,0,0,0,0,2,51.5,0,0,1,40.7,0,0,0,0,6,11.8,0,0
Jun-19,06-2019,CEN,24,27,0,0,0,0,5,2.51,2,2.2,3,2.6,0,0,0,0,0,0,0,0
Jun-19,06-2019,CHCF,9,10,0,0,0,0,0,0,0,0,0,0,3,47.05,0,0,0,0,0,0
Jun-19,06-2019,CIM,4,5,0,0,0,0,1,14.9,1,14.9,2,40.4,1,12.8,0,0,2,8.7,0,0
Jun-19,06-2019,CIW,1,1,0,0,0,0,0,0,0,0,1,72.4,1,3.9,0,0,1,4.5,0,0
Jun-19,06-2019,CMC,9,9,0,0,0,0,0,0,0,0,0,0,0,0,0,0,0,0,0,0
Jun-19,06-2019,CMF,11,12,0,0,0,0,1,0.43,2,31.93,1,9.97,0,0,0,0,0,0,0,0
Jun-19,06-2019,COR,17,23,0,0,0,0,5,106.2,5,60.5,4,3.6,0,0,0,0,1,0.1,0,0
Jun-19,06-2019,CRC,9,18,0,0,0,0,0,0,6,87.7,2,27.5,1,340,0,0,0,0,0,0
Jun-19,06-2019,CTF,16,18,0,0,0,0,1,0.03,4,56.91,2,12,0,0,0,0,1,0.8,0,0
Jun-19,06-2019,CVSP,0,0,0,0,0,0,0,0,0,0,1,0.5,1,1.7,0,0,0,0,0,0
Jun-19,06-2019,DVI,1,13,0,0,0,0,3,7.767,0,0,1,3.363,0,0,0,0,0,0,0,0
Jun-19,06-2019,FOL,10,37,0,0,0,0,1,8.9,7,14.85,2,2.3,0,0,0,0,2,0.23,0,0
Jun-19,06-2019,HDSP,32,32,0,0,0,0,3,15.81,2,2.8,1,9.9,0,0,1,3,1,0.3,0,0
Jun-19,06-2019,ISP,22,23,0,0,2,28.55,6,85.02,0,0,5,3.34,1,1009.58,0,0,0,0,0,0
Jun-19,06-2019,KVSP,9,14,1,3.9,0,0,12,156.7,8,162.57,7,57.85,0,0,0,0,1,0.1,0,0
Jun-19,06-2019,LAC,34,38,0,0,0,0,8,100.66,5,2.86,1,6.4,1,39.7,0,0,1,0.8,0,0
Jun-19,06-2019,MCSP,8,24,0,0,0,0,3,36.2,2,2.6,5,70.4,2,2834.88,0,0,3,0.4,0,0
Jun-19,06-2019,NKSP,8,12,0,0,0,0,2,21.1,2,10.8,1,3.2,2,585.9,0,0,0,0,0,0
Jun-19,06-2019,PBSP,3,4,0,0,0,0,2,18.8,2,0.02,1,0.4,0,0,0,0,0,0,0,0
Jun-19,06-2019,PVSP,23,43,0,0,0,0,2,15.38,4,96.07,3,19.76,0,0,1,0.77,6,4.37,0,0
Jun-19,06-2019,RJD,36,55,0,0,0,0,7,35.9,3,57.5,5,2.8,2,185.7,0,0,0,0,0,0
Jun-19,06-2019,SAC,29,31,0,0,0,0,5,136.52,5,29.6,2,24.25,0,0,1,0.7,1,0.1,0,0
Jun-19,06-2019,SATF,4,5,0,0,0,0,5,50.9,0,0,3,97.4,0,0,0,0,2,3,0,0
Jun-19,06-2019,SCC,50,79,0,0,0,0,1,1,1,1.1,1,3,4,1800.776,0,0,1,5,0,0
Jun-19,06-2019,SOL,21,35,0,0,0,0,2,12.5,5,82.4,0,0,0,0,1,71.9,0,0,0,0
Jun-19,06-2019,SQ,15,29,0,0,0,0,2,4.98,6,260.78,6,18.78,3,545.02,0,0,0,0,0,0
Jun-19,06-2019,SVSP,57,164,1,0.9,0,0,14,119.39,14,273.89,9,55.62,7,565.49,0,0,1,4.58,1,0.26
Jun-19,06-2019,VSP,8,10,0,0,0,0,0,0,1,109.31,3,59,0,0,0,0,4,62,0,0
Jun-19,06-2019,WSP,13,24,0,0,0,0,0,0,2,29.94,3,77.14,0,0,0,0,0,0,0,0
Jul-19,07-2019,ASP,1,1,0,0,0,0,0,0,0,0,1,8.15,0,0,0,0,0,0,0,0
Jul-19,07-2019,CAC,12,12,0,0,0,0,2,2.93,0,0,0,0,0,0,0,0,0,0,0,0
Jul-19,07-2019,CAL,18,32,0,0,0,0,5,29.03,5,49.01,5,97.2,0,0,0,0,2,9,0,0
Jul-19,07-2019,CCC,18,22,0,0,0,0,1,4.1,3,19.84,4,35.3,1,2721,0,0,2,9,0,0
Jul-19,07-2019,CCI,13,13,0,0,0,0,6,17.42,0,0,2,0.5,0,0,0,0,0,0,0,0
Jul-19,07-2019,CCWF,2,2,0,0,0,0,3,4.3,3,40.9,2,10.5,0,0,0,0,4,1.1,0,0
Jul-19,07-2019,CEN,19,22,1,1.1,1,1.6,11,124.9,1,3.4,2,14.8,0,0,0,0,0,0,0,0
Jul-19,07-2019,CHCF,8,9,0,0,0,0,0,0,1,5.96,2,25.42,0,0,0,0,0,0,0,0
Jul-19,07-2019,CIM,3,3,0,0,0,0,0,0,1,12,1,93.2,2,566,0,0,0,0,0,0
Jul-19,07-2019,CIW,1,1,0,0,0,0,2,10.5,0,0,3,90.9,0,0,0,0,0,0,0,0
Jul-19,07-2019,CMC,8,8,0,0,0,0,2,42.24,2,57,2,21.35,0,0,0,0,0,0,0,0
Jul-19,07-2019,CMF,36,42,0,0,0,0,0,0,2,75.06,0,0,3,245.78,0,0,0,0,0,0
Jul-19,07-2019,COR,12,17,0,0,0,0,5,59,5,77.75,2,54.8,0,0,0,0,0,0,0,0
Jul-19,07-2019,CRC,10,15,0,0,0,0,2,21.9,7,37.2,5,60.9,0,0,0,0,0,0,0,0
Jul-19,07-2019,CTF,14,14,0,0,0,0,0,0,2,4.26,1,0.5,1,323.78,0,0,1,1,0,0
Jul-19,07-2019,CVSP,0,0,0,0,0,0,0,0,0,0,0,0,1,1.2,0,0,0,0,0,0
Jul-19,07-2019,DVI,1,11,0,0,0,0,7,46.856,3,111.341,4,38.254,0,0,0,0,0,0,0,0
Jul-19,07-2019,FOL,29,35,1,0.84,0,0,7,47.2,11,132.2,2,47.8,1,65.9,0,0,2,1.9,0,0
Jul-19,07-2019,HDSP,3,3,0,0,0,0,2,0.21,1,26.1,3,62.5,0,0,2,13.6,0,0,0,0
Jul-19,07-2019,ISP,25,36,0,0,3,103.77,4,116.63,1,10.66,2,1.09,3,788.72,0,0,0,0,0,0
Jul-19,07-2019,KVSP,16,22,0,0,0,0,11,148.95,3,98.7,9,112.64,0,0,1,67.2,4,0.72,0,0
Jul-19,07-2019,LAC,29,38,0,0,0,0,5,15.05,5,11.71,3,29.28,5,101.46,0,0,2,0.088,0,0
Jul-19,07-2019,MCSP,6,8,0,0,0,0,6,18.8,2,1.1,2,0.9,0,0,0,0,4,0.62,0,0
Jul-19,07-2019,NKSP,19,19,0,0,0,0,0,0,0,0,1,96.4,0,0,0,0,0,0,0,0
Jul-19,07-2019,PBSP,1,5,0,0,0,0,2,8.4,0,0,0,0,0,0,0,0,0,0,0,0
Jul-19,07-2019,PVSP,29,105,0,0,0,0,4,8.16,1,5.59,2,24.06,0,0,2,15.71,4,1.3,0,0
Jul-19,07-2019,RJD,16,17,0,0,0,0,2,2,3,38.9,2,8.4,1,135,0,0,0,0,0,0
Jul-19,07-2019,SAC,11,12,0,0,0,0,1,0.8,1,0.0001,1,0.3,2,145.7,3,2.3,0,0,0,0
Jul-19,07-2019,SATF,11,13,0,0,0,0,7,81.2,2,39,3,4.3,1,18,3,32.4,1,1.4,0,0
Jul-19,07-2019,SCC,61,85,0,0,0,0,1,10,4,58.9,5,25.112,5,669.8981,0,0,2,5,0,0
Jul-19,07-2019,SOL,26,108,0,0,0,0,1,76.6,2,16.1,1,28.4,0,0,2,25.5,0,0,0,0
Jul-19,07-2019,SQ,10,11,0,0,0,0,3,20,9,23.53,5,67.81,3,581.3,0,0,0,0,0,0
Jul-19,07-2019,SVSP,38,88,1,14.06,0,0,22,217.04,8,212.45,9,74.67,2,66.49,5,6.45,0,0,0,0
Jul-19,07-2019,VSP,4,5,0,0,0,0,0,0,1,36.52,0,0,0,0,0,0,0,0,0,0
Jul-19,07-2019,WSP,5,8,0,0,0,0,0,0,2,59.76,1,68.8,1,11.41,0,0,0,0,0,0
Aug-19,08-2019,ASP,3,3,0,0,0,0,0,0,0,0,0,0,0,0,0,0,5,0.254,0,0
Aug-19,08-2019,CAC,12,12,0,0,0,0,0,0,0,0,1,30.25,0,0,0,0,1,0.004,0,0
Aug-19,08-2019,CAL,24,25,0,0,0,0,8,68.83,3,9.54,2,5,1,5.4,2,73.5,1,20,0,0
Aug-19,08-2019,CCC,25,28,0,0,0,0,6,1.29,2,0.84,1,1.3,2,493,0,0,1,4,0,0
Aug-19,08-2019,CCI,16,17,0,0,0,0,1,54.8,2,29.83,1,2.78,0,0,0,0,1,1.1,0,0
Aug-19,08-2019,CCWF,3,3,0,0,0,0,5,159.9,2,16.3,3,66.5,0,0,0,0,0,0,0,0
Aug-19,08-2019,CEN,16,17,1,15.3,0,0,7,277.6,7,275.7,4,18.4,2,3.8,0,0,1,224,0,0
Aug-19,08-2019,CHCF,13,14,0,0,0,0,0,0,2,70.57,1,32.6,1,6,0,0,0,0,0,0
Aug-19,08-2019,CIM,3,3,0,0,0,0,2,3,2,26.5,1,18.3,0,0,0,0,0,0,0,0
Aug-19,08-2019,CIW,3,4,0,0,0,0,0,0,0,0,1,51.5,0,0,0,0,0,0,0,0
Aug-19,08-2019,CMC,10,25,0,0,0,0,0,0,3,224.66,0,0,1,1980,2,142.34,0,0,0,0
Aug-19,08-2019,CMF,22,22,0,0,0,0,0,0,3,18.46,3,16.98,4,46.48,0,0,0,0,0,0
Aug-19,08-2019,COR,21,57,0,0,0,0,12,72.8,14,184.8,5,45.1,0,0,3,39.7,0,0,0,0
Aug-19,08-2019,CRC,26,34,0,0,0,0,2,87.4,3,18.9,2,6.1,2,491,0,0,1,0.2,0,0
Aug-19,08-2019,CTF,11,20,0,0,0,0,2,3.69,2,13.08,3,8.87,0,0,0,0,1,4,0,0
Aug-19,08-2019,CVSP,0,0,0,0,0,0,0,0,0,0,2,43.4,1,1.1,0,0,0,0,0,0
Aug-19,08-2019,DVI,2,19,0,0,0,0,1,20,3,39.583,2,1.25,0,0,0,0,0,0,0,0
Aug-19,08-2019,FOL,19,40,0,0,0,0,6,20.12,3,332.3,7,172.77,2,2230.28,2,42.13,3,0.3,0,0
Aug-19,08-2019,HDSP,3,3,0,0,0,0,3,12.5,0,0,4,60.7,0,0,1,0.1,1,90,1,0.005
Aug-19,08-2019,ISP,20,24,0,0,1,0.32,3,2.02,2,2.68,1,1.67,2,413.38,0,0,0,0,0,0
Aug-19,08-2019,KVSP,15,32,0,0,0,0,11,80.13,2,13.7,6,49,0,0,0,0,3,1.13,0,0
Aug-19,08-2019,LAC,24,29,0,0,0,0,11,39.92,6,65.8,4,45.7,6,110.77,0,0,0,0,0,0
Aug-19,08-2019,MCSP,5,5,0,0,1,7.4,7,35.7,0,0,4,95.7,0,0,1,7.4,8,2.442,2,0.1
Aug-19,08-2019,NKSP,14,16,0,0,0,0,2,5.7,3,48.4,5,25.3,1,20.9,1,10.9,0,0,0,0
Aug-19,08-2019,PBSP,3,3,0,0,0,0,0,0,0,0,0,0,0,0,0,0,0,0,0,0
Aug-19,08-2019,PVSP,7,7,0,0,0,0,1,0.99,0,0,2,27.1,0,0,3,29.76,7,7.54,0,0
Aug-19,08-2019,RJD,18,38,0,0,0,0,1,2.5,3,210,8,36.9,1,1038,0,0,0,0,0,0
Aug-19,08-2019,SAC,43,45,0,0,0,0,9,119.9,8,178.881,6,120.89,2,14.62,5,183.4,0,0,0,0
Aug-19,08-2019,SATF,9,20,0,0,0,0,5,117.4,2,5.2,6,69.028,2,2.8,4,50.5,2,0.5,0,0
Aug-19,08-2019,SCC,32,55,0,0,0,0,0,0,0,0,2,5,4,1140.194,0,0,0,0,0,0
Aug-19,08-2019,SOL,33,84,0,0,0,0,2,1.1,1,63.3,1,0.1,1,335.9,0,0,0,0,0,0
Aug-19,08-2019,SQ,14,17,0,0,0,0,4,8.59,5,14.35,8,93.63,4,877.4,0,0,0,0,0,0
Aug-19,08-2019,SVSP,30,63,0,0,0,0,9,112.01,5,385.47,5,314.18,3,1830.68,1,0.17,0,0,0,0
Aug-19,08-2019,VSP,8,8,0,0,0,0,0,0,0,0,0,0,0,0,0,0,0,0,0,0
Aug-19,08-2019,WSP,17,41,0,0,0,0,1,1.14,3,172.56,1,7.41,1,445.77,0,0,0,0,0,0
Sep-19,09-2019,ASP,4,4,0,0,0,0,0,0,1,0.25,1,29.99,1,21.44,3,1.74,0,0,0,0
Sep-19,09-2019,CAC,33,38,0,0,0,0,4,4.5,0,0,0,0,0,0,0,0,0,0,0,0
Sep-19,09-2019,CAL,18,18,0,0,0,0,6,10.79,0,0,4,41.35,0,0,0,0,1,15,0,0
Sep-19,09-2019,CCC,24,32,0,0,0,0,0,0,1,8.9,1,5,0,0,0,0,1,7,0,0
Sep-19,09-2019,CCI,8,12,0,0,0,0,5,70.7,0,0,7,162.3,0,0,0,0,0,0,0,0
Sep-19,09-2019,CCWF,2,2,0,0,0,0,0,0,1,0.8,2,57.2,0,0,0,0,4,10.13,0,0
Sep-19,09-2019,CEN,21,28,0,0,0,0,6,229.5,7,210.1,0,0,2,216.4,0,0,0,0,0,0
Sep-19,09-2019,CHCF,3,3,0,0,0,0,0,0,1,2.23,1,0.37,2,18.83,0,0,0,0,0,0
Sep-19,09-2019,CIM,8,8,0,0,0,0,1,1,1,0.3,1,10.5,2,929,0,0,0,0,0,0
Sep-19,09-2019,CIW,3,4,0,0,0,0,0,0,0,0,2,7,0,0,0,0,2,5,0,0
Sep-19,09-2019,CMC,15,15,0,0,0,0,1,0.02,5,74.68,2,5.3,0,0,0,0,0,0,0,0
Sep-19,09-2019,CMF,22,23,0,0,0,0,0,0,2,0.86,5,29.13,4,269.57,0,0,0,0,0,0
Sep-19,09-2019,COR,19,40,0,0,0,0,2,79.2,3,67.9,5,96.6,2,24,0,0,0,0,0,0
Sep-19,09-2019,CRC,29,62,0,0,0,0,2,2.1,5,159.8,5,53.6,1,1270.29,0,0,3,64.6,0,0
Sep-19,09-2019,CTF,12,15,0,0,0,0,1,1.83,2,8.18,1,1.37,1,41.7,0,0,0,0,0,0
Sep-19,09-2019,CVSP,1,1,0,0,0,0,0,0,0,0,0,0,0,0,0,0,0,0,0,0
Sep-19,09-2019,DVI,2,26,0,0,0,0,2,0.109,1,0.213,1,0.9,0,0,0,0,0,0,0,0
Sep-19,09-2019,FOL,19,40,0,0,0,0,5,28.29,6,2.115,5,71.75,0,0,0,0,0,0,0,0
Sep-19,09-2019,HDSP,11,11,0,0,0,0,2,5.6,0,0,1,12.9,0,0,0,0,1,0.1,0,0
Sep-19,09-2019,ISP,14,14,0,0,1,0.32,2,37.04,0,0,0,0,0,0,0,0,0,0,0,0
Sep-19,09-2019,KVSP,7,13,0,0,0,0,4,1.181,6,123.9,6,66.6,0,0,0,0,0,0,0,0
Sep-19,09-2019,LAC,45,152,0,0,0,0,15,98.75,12,203.99,10,161.85,1,24.6,0,0,1,4.72,1,0.14
Sep-19,09-2019,MCSP,12,13,0,0,0,0,3,9.7,4,17.8,4,94.3,0,0,0,0,3,2.4,0,0
Sep-19,09-2019,NKSP,21,22,0,0,0,0,4,0.7,0,0,1,28.4,1,111.5,0,0,0,0,0,0
Sep-19,09-2019,PBSP,0,0,0,0,0,0,0,0,0,0,0,0,0,0,0,0,0,0,0,0
Sep-19,09-2019,PVSP,19,53,0,0,0,0,6,120.93,2,11.25,4,106.37,1,12.21,1,0.17,3,2.19,0,0
Sep-19,09-2019,RJD,13,19,0,0,0,0,1,1.4,3,3.4,2,25.6,1,146,0,0,0,0,0,0
Sep-19,09-2019,SAC,37,56,0,0,0,0,9,52.72,4,133.02,5,60.55,3,163.32,1,0.6,0,0,0,0
Sep-19,09-2019,SATF,7,18,0,0,0,0,2,1.6,0,0,0,0,1,116.9,2,0.2,1,0.3,0,0
Sep-19,09-2019,SCC,34,49,0,0,0,0,0,0,1,10,0,0,2,13,0,0,0,0,0,0
Sep-19,09-2019,SOL,28,96,0,0,0,0,11,62.62,7,22.7,1,0.7,2,456.4,1,0.3,1,0.3,0,0
Sep-19,09-2019,SQ,25,30,0,0,0,0,1,1.18,5,16.25,9,68.08,12,801.72,0,0,0,0,0,0
Sep-19,09-2019,SVSP,27,83,0,0,0,0,8,70.24,8,567.69,8,328.69,4,5015.31,3,285.12,0,0,0,0
Sep-19,09-2019,VSP,7,7,0,0,0,0,1,0,0,0,1,0.21,0,0,0,0,0,0,0,0
Sep-19,09-2019,WSP,17,102,0,0,0,0,3,84.39,7,625,5,282.78,2,999.35,1,8.06,1,0.036,0,0
Oct-19,10-2019,ASP,1,1,0,0,0,0,1,27.02,1,7.24,2,58.37,0,0,0,0,0,0,0,0
Oct-19,10-2019,CAC,25,29,0,0,0,0,5,3.94,0,0,1,13.5,0,0,0,0,0,0,0,0
Oct-19,10-2019,CAL,27,38,0,0,0,0,6,11.07,4,0.53,2,3.02,0,0,2,0.19,2,19,0,0
Oct-19,10-2019,CCC,19,19,0,0,0,0,2,7.35,2,4.81,3,64.68,1,2268,2,0.11,2,0.13,0,0
Oct-19,10-2019,CCI,7,8,0,0,0,0,3,18.7,0,0,3,69.7,0,0,0,0,2,9.81,0,0
Oct-19,10-2019,CCWF,5,8,0,0,0,0,6,49.1,0,0,2,3.8,0,0,0,0,4,1.3,0,0
Oct-19,10-2019,CEN,26,99,1,0.5,0,0,7,14.5,5,81,0,0,1,3178,0,0,1,688,0,0
Oct-19,10-2019,CHCF,7,7,0,0,0,0,1,10.95,1,1.54,0,0,3,46.6,0,0,0,0,0,0
Oct-19,10-2019,CIM,8,15,0,0,0,0,1,1.3,2,10.5,4,80.5,2,1056.8,0,0,3,36.7,0,0
Oct-19,10-2019,CIW,0,0,0,0,0,0,1,6.2,0,0,2,22.4,0,0,0,0,2,1.1,0,0
Oct-19,10-2019,CMC,9,9,0,0,0,0,0,0,2,4.89,1,0.6,0,0,0,0,0,0,0,0
Oct-19,10-2019,CMF,41,43,0,0,0,0,0,0,3,39.11,2,14.93,2,18.81,1,19.3,0,0,0,0
Oct-19,10-2019,COR,20,34,0,0,0,0,5,25.6,8,658,4,32.01,1,7.3,1,3.1,0,0,0,0
Oct-19,10-2019,CRC,36,55,1,10.1,0,0,2,1.5,3,42.6,3,22.3,0,0,0,0,1,2,0,0
Oct-19,10-2019,CTF,7,7,1,0.12,0,0,4,32.28,5,55.81,5,12.9,2,28.77,0,0,4,0.877,0,0
Oct-19,10-2019,CVSP,1,1,0,0,0,0,1,1,0,0,0,0,1,1.5,0,0,0,0,0,0
Oct-19,10-2019,DVI,3,32,0,0,0,0,4,16.862,3,9.626,1,0.1,0,0,0,0,0,0,0,0
Oct-19,10-2019,FOL,17,23,0,0,0,0,13,112.59,2,3.5,4,10.58,1,1.9,0,0,2,0.02,0,0
Oct-19,10-2019,HDSP,8,9,0,0,0,0,1,2.2,0,0,5,73.11,0,0,0,0,4,8.02,0,0
Oct-19,10-2019,ISP,11,11,0,0,0,0,1,8.88,0,0,1,7.56,1,1.39,1,6.76,0,0,0,0
Oct-19,10-2019,KVSP,6,21,0,0,0,0,6,13.84,1,48,8,141.5,0,0,0,0,4,0.22,0,0
Oct-19,10-2019,LAC,29,38,0,0,0,0,10,66.28,8,156.82,4,53.9,0,0,0,0,3,0.136,6,39.86
Oct-19,10-2019,MCSP,16,20,0,0,0,0,4,60.8,1,27,1,7.1,0,0,0,0,3,8.93,1,6.4
Oct-19,10-2019,NKSP,10,12,0,0,0,0,1,53.1,0,0,2,7,0,0,0,0,0,0,0,0
Oct-19,10-2019,PBSP,0,0,0,0,0,0,2,15.15,0,0,0,0,0,0,0,0,0,0,0,0
Oct-19,10-2019,PVSP,9,14,0,0,0,0,3,3.94,0,0,2,9.55,0,0,0,0,2,1.6,0,0
Oct-19,10-2019,RJD,10,10,0,0,0,0,3,31.5,0,0,2,48.3,0,0,0,0,1,10.2,0,0
Oct-19,10-2019,SAC,48,62,1,0.17,0,0,5,41.96,4,6.13,7,28.85,3,334.83,1,88.17,0,0,0,0
Oct-19,10-2019,SATF,7,11,0,0,0,0,2,59.3,2,5.8,2,3.4,1,21.1,1,0.3,1,0.1,0,0
Oct-19,10-2019,SCC,25,30,0,0,0,0,0,0,5,20,4,7,1,161,0,0,2,2,0,0
Oct-19,10-2019,SOL,29,89,0,0,0,0,3,9.68,2,0.72,3,29.42,0,0,2,86.8,2,0.5,0,0
Oct-19,10-2019,SQ,3,4,0,0,0,0,2,3.13,8,122.88,5,12.44,2,161.16,0,0,0,0,0,0
Oct-19,10-2019,SVSP,27,47,0,0,0,0,15,79.12,5,20.87,5,52.51,2,135.2,6,171.76,0,0,0,0
Oct-19,10-2019,VSP,1,1,0,0,0,0,0,0,0,0,1,5.19,0,0,0,0,0,0,0,0
Oct-19,10-2019,WSP,4,8,0,0,0,0,1,0.29,1,0.1,2,2.77,1,3.36,0,0,0,0,0,0
Nov-19,11-2019,ASP,4,7,0,0,0,0,0,0,1,175.15,0,0,1,201.83,0,0,0,0,0,0
Nov-19,11-2019,CAC,37,38,0,0,0,0,3,8.31,1,0.01,0,0,0,0,0,0,0,0,0,0
Nov-19,11-2019,CAL,8,8,0,0,0,0,7,82.58,0,0,4,71.4,0,0,0,0,0,0,0,0
Nov-19,11-2019,CCC,28,30,0,0,0,0,0,0,1,10.45,1,0.2,0,0,0,0,0,0,0,0
Nov-19,11-2019,CCI,7,7,0,0,0,0,0,0,0,0,1,2.5,1,12.5,0,0,0,0,0,0
Nov-19,11-2019,CCWF,2,4,0,0,0,0,6,16,1,3.2,4,80.1,0,0,0,0,1,6.1,0,0
Nov-19,11-2019,CEN,24,34,0,0,0,0,0,0,2,125.4,0,0,0,0,0,0,0,0,0,0
Nov-19,11-2019,CHCF,4,8,0,0,0,0,1,0.1,0,0,0,0,1,166.27,0,0,0,0,0,0
Nov-19,11-2019,CIM,2,2,0,0,0,0,1,20.4,1,7,1,28.8,0,0,0,0,0,0,0,0
Nov-19,11-2019,CIW,1,1,0,0,0,0,0,0,0,0,2,16.7,0,0,0,0,1,0.8,0,0
Nov-19,11-2019,CMC,11,13,0,0,0,0,2,35.247,1,6.87,2,47,0,0,0,0,0,0,0,0
Nov-19,11-2019,CMF,26,27,0,0,0,0,1,2.47,2,35.89,0,0,1,15.5,0,0,0,0,0,0
Nov-19,11-2019,COR,16,25,0,0,0,0,4,5.4,1,0.8,4,98.7,0,0,0,0,1,0.1,0,0
Nov-19,11-2019,CRC,14,20,0,0,0,0,0,0,1,20.1,2,35.306,0,0,0,0,1,0.3,0,0
Nov-19,11-2019,CTF,8,8,0,0,0,0,3,24.74,4,58.29,3,97.02,1,32.03,0,0,2,0.75,0,0
Nov-19,11-2019,CVSP,0,0,0,0,0,0,0,0,0,0,2,9.2,0,0,0,0,0,0,0,0
Nov-19,11-2019,DVI,1,16,0,0,0,0,3,1.325,5,75.269,3,22.11,1,159,2,3.391,0,0,0,0
Nov-19,11-2019,FOL,12,19,0,0,0,0,7,61.03,4,9.2,5,20.95,1,16,3,24.5,2,2.1,0,0
Nov-19,11-2019,HDSP,7,8,0,0,0,0,7,154.1,1,0.1,2,18.8,0,0,0,0,0,0,0,0
Nov-19,11-2019,ISP,12,12,0,0,0,0,1,75.93,0,0,0,0,0,0,0,0,1,1,0,0
Nov-19,11-2019,KVSP,26,88,0,0,0,0,7,221.48,4,103.75,6,113.61,1,291.2,0,0,2,0.09,0,0
Nov-19,11-2019,LAC,20,47,0,0,0,0,4,44.63,6,39.68,4,91.66,1,359.8,0,0,0,0,2,33.5
Nov-19,11-2019,MCSP,8,40,0,0,0,0,0,0,4,37,2,47.7,1,907.1,1,3.4,1,1.3,1,1.3
Nov-19,11-2019,NKSP,10,12,0,0,0,0,1,0.3,0,0,1,35,0,0,0,0,1,0,0,0
Nov-19,11-2019,PBSP,0,0,0,0,0,0,0,0,1,119.3,0,0,0,0,0,0,0,0,0,0
Nov-19,11-2019,PVSP,9,15,0,0,0,0,5,142.61,1,12.59,2,23.32,0,0,2,24.28,1,1.6,0,0
Nov-19,11-2019,RJD,14,18,0,0,0,0,0,0,5,39.28,3,5.7,1,1633,0,0,0,0,0,0
Nov-19,11-2019,SAC,29,32,0,0,0,0,5,19.72,4,119.42,5,105.12,1,4.66,2,7.71,1,0.01,0,0
Nov-19,11-2019,SATF,6,9,0,0,0,0,7,56.3,0,0,1,10.1,0,0,0,0,0,0,0,0
Nov-19,11-2019,SCC,34,54,0,0,0,0,0,0,8,159.02,2,32,4,2965.372,0,0,3,15,0,0
Nov-19,11-2019,SOL,23,32,0,0,0,0,3,19.1,1,15.1,1,0.3,0,0,1,1.2,1,0.1,0,0
Nov-19,11-2019,SQ,16,17,0,0,0,0,5,86.54,8,41.82,1,2.61,0,0,0,0,0,0,0,0
Nov-19,11-2019,SVSP,29,58,0,0,0,0,6,47.23,6,204.38,4,29.76,2,208.36,4,142.03,0,0,0,0
Nov-19,11-2019,VSP,8,10,0,0,0,0,0,0,3,3.72,0,0,0,0,0,0,0,0,0,0
Nov-19,11-2019,WSP,7,11,0,0,0,0,0,0,0,0,0,0,0,0,1,147.3,0,0,0,0
Dec-19,12-2019,ASP,2,2,0,0,0,0,0,0,1,0.03,1,5.19,2,75.73,0,0,0,0,0,0
Dec-19,12-2019,CAC,13,13,0,0,0,0,3,30.85,2,33.77,0,0,0,0,0,0,1,1,0,0
Dec-19,12-2019,CAL,17,18,0,0,0,0,3,6.2,4,27.18,3,38.81,1,2912.06302,0,0,1,8,0,0
Dec-19,12-2019,CCC,28,64,0,0,0,0,0,0,0,0,1,4.4,0,0,0,0,0,0,0,0
Dec-19,12-2019,CCI,5,5,2,44.1,0,0,2,12.6,0,0,1,0.4,1,0.6,0,0,3,2.33,1,3.66
Dec-19,12-2019,CCWF,0,0,0,0,0,0,3,21.6,1,5.3,1,58.2,0,0,0,0,6,6.6,0,0
Dec-19,12-2019,CEN,17,19,0,0,0,0,3,128.7,2,71.3,1,0.2,0,0,0,0,0,0,0,0
Dec-19,12-2019,CHCF,5,7,0,0,0,0,0,0,0,0,0,0,0,0,0,0,0,0,0,0
Dec-19,12-2019,CIM,3,3,0,0,0,0,0,0,1,23.7,3,72.3,1,74.3,0,0,2,5.4,0,0
Dec-19,12-2019,CIW,3,5,0,0,0,0,4,14.71,0,0,4,48.88,0,0,0,0,1,2.2,0,0
Dec-19,12-2019,CMC,11,17,0,0,0,0,2,9.53,3,20.56,4,4.22,1,120,0,0,0,0,0,0
Dec-19,12-2019,CMF,22,23,0,0,0,0,0,0,0,0,0,0,0,0,0,0,0,0,0,0
Dec-19,12-2019,COR,12,12,1,0.7,0,0,7,152.8,4,20.2,4,60.4,2,40.3,1,0.3,0,0,0,0
Dec-19,12-2019,CRC,9,10,0,0,0,0,1,12.7,1,10.5,1,2.2,1,4,0,0,4,4.6,0,0
Dec-19,12-2019,CTF,11,11,0,0,0,0,0,0,6,259.01,0,0,0,0,0,0,0,0,0,0
Dec-19,12-2019,CVSP,0,0,0,0,0,0,0,0,0,0,0,0,0,0,0,0,0,0,0,0
Dec-19,12-2019,DVI,2,30,0,0,0,0,1,5.276,9,281.81,4,67.802,0,0,0,0,0,0,0,0
Dec-19,12-2019,FOL,20,44,0,0,0,0,7,303.84,11,70.83,3,9.5,0,0,2,25.98,7,0.74,0,0
Dec-19,12-2019,HDSP,10,11,0,0,1,3.8,3,2.71,0,0,2,23.8,0,0,0,0,0,0,0,0
Dec-19,12-2019,ISP,10,11,0,0,0,0,1,110.82,3,481.45,1,273.03,2,71.43,0,0,1,0.05,0,0
Dec-19,12-2019,KVSP,4,9,0,0,0,0,3,7.71,0,0,7,119.9,0,0,0,0,4,0.1,0,0
Dec-19,12-2019,LAC,28,56,0,0,0,0,9,59.29,5,653.72,3,59.51,5,1211.33,0,0,1,0.8,0,0
Dec-19,12-2019,MCSP,4,4,1,3,0,0,2,11.6,0,0,1,23.8,0,0,0,0,1,0,1,2.8
Dec-19,12-2019,NKSP,14,14,0,0,0,0,1,1.3,0,0,0,0,1,64.9,0,0,1,0.3,0,0
Dec-19,12-2019,PBSP,0,0,0,0,0,0,0,0,0,0,0,0,0,0,0,0,0,0,0,0
Dec-19,12-2019,PVSP,10,14,0,0,0,0,5,40.23,1,0.57,2,86.42,0,0,2,13.72,0,0,0,0
Dec-19,12-2019,RJD,15,34,1,5.2,0,0,2,28.2,5,24,3,10.1,4,210.5,0,0,0,0,0,0
Dec-19,12-2019,SAC,27,47,1,0.22,0,0,3,10.18,4,7.48,0,0,1,6.34,0,0,0,0,0,0
Dec-19,12-2019,SATF,6,19,0,0,0,0,1,0.8,1,0.1,1,33.9,0,0,0,0,0,0,0,0
Dec-19,12-2019,SCC,39,67,0,0,0,0,2,0.157,6,80.9,3,56.911,7,2134.384,0,0,0,0,0,0
Dec-19,12-2019,SOL,16,76,0,0,0,0,2,15.3,3,38.8,0,0,0,0,0,0,0,0,0,0
Dec-19,12-2019,SQ,12,14,0,0,1,195.63,2,6.91,6,146.03,3,212.25,2,12.39,0,0,0,0,0,0
Dec-19,12-2019,SVSP,24,48,0,0,0,0,8,86.35,5,56.97,3,40.95,1,54.41,2,9.94,0,0,0,0
Dec-19,12-2019,VSP,3,3,0,0,1,0.007,2,36,2,1.481,2,26.7,0,0,0,0,0,0,0,0
Dec-19,12-2019,WSP,5,8,0,0,0,0,1,2.44,0,0,2,3.72,0,0,1,2.08,0,0,0,0
Jan-20,01-2020,ASP,2,2,0,0,0,0,1,0.72,0,0,1,5.85,0,0,0,0,0,0,0,0
Jan-20,01-2020,CAC,17,33,0,0,0,0,1,2.59,0,0,3,55.7,0,0,0,0,2,11,0,0
Jan-20,01-2020,CAL,25,33,0,0,0,0,5,47.9,3,36.6,1,0.3,2,10.5,0,0,7,44,0,0
Jan-20,01-2020,CCC,30,50,0,0,0,0,3,2.2,9,2455.9,5,99,1,1360,1,1.5,0,0,0,0
Jan-20,01-2020,CCI,5,5,1,0.2,0,0,0,0,1,0,1,1.6,0,0,0,0,4,3.5,0,0
Jan-20,01-2020,CCWF,1,1,0,0,0,0,2,9.3,0,0,0,0,0,0,0,0,8,6.1,0,0
Jan-20,01-2020,CEN,15,17,0,0,0,0,6,103.9,2,0.5,2,3.3,0,0,0,0,1,0,0,0
Jan-20,01-2020,CHCF,3,5,0,0,0,0,0,0,0,0,1,3.73,1,364.47,0,0,0,0,0,0
Jan-20,01-2020,CIM,9,9,0,0,0,0,1,4.2,2,27,2,56.4,2,23.1,0,0,2,2.7,0,0
Jan-20,01-2020,CIW,2,2,0,0,0,0,1,26.1,0,0,3,121.9,0,0,0,0,0,0,0,0
Jan-20,01-2020,CMC,11,11,0,0,0,0,0,0,1,23.3,0,0,0,0,0,0,0,0,0,0
Jan-20,01-2020,CMF,29,30,0,0,0,0,1,7.75,6,30.846,1,0.15,0,0,0,0,0,0,0,0
Jan-20,01-2020,COR,21,30,0,0,0,0,7,92.61,3,147.6,5,40.2,1,204.1,1,121.1,1,20,0,0
Jan-20,01-2020,CRC,10,21,0,0,0,0,1,1.1,2,2.2,2,2.2,0,0,2,0.2,2,5.5,0,0
Jan-20,01-2020,CTF,8,8,0,0,0,0,0,0,2,135.73,1,6.49,1,260,0,0,0,0,0,0
Jan-20,01-2020,CVSP,1,1,0,0,0,0,0,0,1,147,0,0,1,39.5,0,0,2,1.6,0,0
Jan-20,01-2020,DVI,1,10,0,0,0,0,2,0.119,1,0.349,0,0,0,0,0,0,0,0,0,0
Jan-20,01-2020,FOL,13,19,0,0,0,0,2,0.49,5,2.7,1,0.06,1,2327.94,2,0.11,0,0,0,0
Jan-20,01-2020,HDSP,4,4,0,0,0,0,1,0.4,1,0.1,1,147.5,0,0,1,0.4,2,0.5,0,0
Jan-20,01-2020,ISP,13,24,0,0,0,0,4,41.03,3,2.69,2,73.86,0,0,0,0,0,0,0,0
Jan-20,01-2020,KVSP,8,26,0,0,0,0,3,2.37,4,122.77,4,44.36,0,0,0,0,1,0.01,0,0
Jan-20,01-2020,LAC,41,70,0,0,0,0,11,60.8,10,361.7,3,97,3,399.2,0,0,2,1.1,1,0.1
Jan-20,01-2020,MCSP,6,8,0,0,0,0,5,32,2,0.28,2,17.7,0,0,0,0,0,0,0,0
Jan-20,01-2020,NKSP,27,35,0,0,0,0,3,4,1,87.9,0,0,1,86.4,0,0,0,0,0,0
Jan-20,01-2020,PBSP,0,0,0,0,0,0,0,0,0,0,0,0,0,0,0,0,0,0,0,0
Jan-20,01-2020,PVSP,6,10,0,0,1,49.86,7,101.29,7,95.96,1,28.48,0,0,1,0.55,1,0.02,0,0
Jan-20,01-2020,RJD,20,50,0,0,0,0,4,21.5,3,38.2,6,32.9,7,13401.3,0,0,0,0,0,0
Jan-20,01-2020,SAC,65,74,0,0,0,0,4,26.92,5,16.53,1,0.78,4,283.1,3,47.61,0,0,0,0
Jan-20,01-2020,SATF,10,30,0,0,0,0,4,248.1,1,15.3,1,9.5,1,114.8,1,230.5,0,0,0,0
Jan-20,01-2020,SCC,29,41,0,0,0,0,1,1,2,10.8,1,0.1,5,272,0,0,5,12.131,0,0
Jan-20,01-2020,SOL,22,75,0,0,0,0,3,4.1,8,51.4,2,65.4,2,70.7,0,0,0,0,0,0
Jan-20,01-2020,SQ,21,28,0,0,0,0,2,7.64,4,34.89,5,10.65,1,243.66,1,1.08,0,0,0,0
Jan-20,01-2020,SVSP,22,91,0,0,0,0,6,53.51,4,459.61,8,557.27,6,2714.77,2,59.27,0,0,0,0
Jan-20,01-2020,VSP,9,9,0,0,0,0,0,0,0,0,0,0,0,0,0,0,0,0,0,0
Jan-20,01-2020,WSP,2,2,0,0,0,0,0,0,0,0,0,0,0,0,0,0,0,0,0,0
Feb-20,02-2020,ASP,1,1,0,0,0,0,1,17.48,2,51.11,2,27.22,0,0,2,45.05,2,0.866,0,0
Feb-20,02-2020,CAC,8,19,0,0,0,0,4,86.2,0,0,0,0,0,0,0,0,0,0,0,0
Feb-20,02-2020,CAL,16,23,0,0,0,0,4,15,0,0,1,0.2,0,0,0,0,4,33,0,0
Feb-20,02-2020,CCC,26,32,0,0,0,0,3,0.59,2,455.9,1,31,1,453,2,11.53,1,0.5,0,0
Feb-20,02-2020,CCI,6,6,0,0,0,0,1,9.3,0,0,0,0,0,0,0,0,1,18.4,1,11.2
Feb-20,02-2020,CCWF,0,0,0,0,0,0,2,1,0,0,2,136.8,0,0,0,0,1,3.6,0,0
Feb-20,02-2020,CEN,15,17,0,0,0,0,5,109.61,4,4.7,3,4.11,0,0,0,0,0,0,0,0
Feb-20,02-2020,CHCF,3,3,0,0,0,0,0,0,0,0,1,0.31,0,0,0,0,0,0,0,0
Feb-20,02-2020,CIM,5,5,0,0,0,0,1,19.2,4,153.2,1,1,0,0,0,0,1,0.5,0,0
Feb-20,02-2020,CIW,2,3,0,0,0,0,1,1.22,0,0,1,2,0,0,0,0,0,0,0,0
Feb-20,02-2020,CMC,7,7,0,0,0,0,1,0.6,3,50.06,2,0.06,0,0,0,0,0,0,0,0
Feb-20,02-2020,CMF,11,12,0,0,0,0,2,0.55,5,5.99,4,2.12,0,0,0,0,0,0,0,0
Feb-20,02-2020,COR,13,17,0,0,0,0,9,352.5,4,215.3,3,28.5,2,915.9,0,0,1,0.4,0,0
Feb-20,02-2020,CRC,14,19,0,0,0,0,2,3,5,40.5,8,73.9,0,0,1,2.7,2,56.6,0,0
Feb-20,02-2020,CTF,11,11,0,0,0,0,3,1.77,0,0,1,0.64,0,0,0,0,5,1.7,0,0
Feb-20,02-2020,CVSP,0,0,0,0,0,0,0,0,0,0,1,85.5,0,0,0,0,2,1,0,0
Feb-20,02-2020,DVI,2,14,0,0,0,0,1,4.388,3,2.595,0,0,0,0,0,0,0,0,1,4.38
Feb-20,02-2020,FOL,12,25,0,0,0,0,4,4.36,6,30.5,2,16.2,2,141.8,0,0,3,0.11,0,0
Feb-20,02-2020,HDSP,3,9,0,0,0,0,2,129.5,0,0,4,169.81,0,0,2,14.1,2,0.02,0,0
Feb-20,02-2020,ISP,10,10,0,0,0,0,5,16.72,3,24.88,2,17.78,2,6.19,1,0.03,0,0,0,0
Feb-20,02-2020,KVSP,9,64,0,0,0,0,1,108.5,1,189.6,2,38.6,1,538,0,0,0,0,0,0
Feb-20,02-2020,LAC,41,66,0,0,0,0,19,215.78,10,337.73,3,47.53,2,399.7,0,0,5,6.93,0,0
Feb-20,02-2020,MCSP,3,6,0,0,0,0,1,5.6,2,30.5,0,0,0,0,0,0,1,0.3,0,0
Feb-20,02-2020,NKSP,15,28,0,0,1,10.5,5,7.4,3,46.9,2,1.2,0,0,1,10.5,0,0,0,0
Feb-20,02-2020,PBSP,0,0,0,0,0,0,2,111.6,0,0,2,13.6,0,0,0,0,2,176.44,0,0
Feb-20,02-2020,PVSP,13,16,0,0,0,0,6,216.69,1,3.96,2,12.55,0,0,4,19.59,0,0,0,0
Feb-20,02-2020,RJD,12,12,0,0,0,0,5,52.6,5,22.7,1,0.2,0,0,0,0,0,0,0,0
Feb-20,02-2020,SAC,24,24,0,0,0,0,6,114.88001,2,13.5,2,1.5,3,49.01,0,0,0,0,0,0
Feb-20,02-2020,SATF,16,29,0,0,0,0,7,95.5,1,0.2,2,4.8,4,39.6,2,1.4,0,0,0,0
Feb-20,02-2020,SCC,33,59,0,0,0,0,2,4,6,302.852,4,107,7,7841.1643,0,0,1,6,0,0
Feb-20,02-2020,SOL,38,120,0,0,0,0,3,23.9,4,88.5,1,0.3,1,344,1,1.2,0,0,0,0
Feb-20,02-2020,SQ,5,7,0,0,0,0,7,34.68,1,8.66,3,4.3,1,99.02,0,0,0,0,0,0
Feb-20,02-2020,SVSP,30,47,0,0,0,0,6,31.53,2,0.54,3,38.75,3,284.16,3,11.98,1,0.29,0,0
Feb-20,02-2020,VSP,1,1,0,0,0,0,0,0,1,0.43,1,65.42,0,0,0,0,0,0,0,0
Feb-20,02-2020,WSP,7,11,0,0,0,0,2,94.38,0,0,1,23.85,0,0,0,0,0,0,0,0
Mar-20,03-2020,ASP,1,1,0,0,0,0,0,0,0,0,0,0,0,0,0,0,0,0,0,0
Mar-20,03-2020,CAC,21,32,0,0,0,0,2,0.3,1,2.13,0,0,0,0,0,0,0,0,0,0
Mar-20,03-2020,CAL,15,15,0,0,0,0,5,55.39,2,27.7,1,18.8,0,0,0,0,4,27,0,0
Mar-20,03-2020,CCC,25,34,0,0,0,0,3,3.52,2,12.36,4,81.67,3,1536.2,0,0,1,0.032,0,0
Mar-20,03-2020,CCI,13,24,0,0,0,0,1,0.08,0,0,3,42.7,0,0,0,0,0,0,0,0
Mar-20,03-2020,CCWF,0,0,0,0,0,0,2,30.5,0,0,2,23.7,0,0,0,0,3,6.1,0,0
Mar-20,03-2020,CEN,25,44,0,0,1,7.8,3,72.3,4,31.9,1,2.5,1,70.4,0,0,1,0.024,0,0
Mar-20,03-2020,CHCF,1,2,0,0,0,0,0,0,0,0,0,0,0,0,0,0,0,0,0,0
Mar-20,03-2020,CIM,8,8,0,0,0,0,1,0.8,0,0,2,4.7,1,3.5,0,0,2,1.23,0,0
Mar-20,03-2020,CIW,4,4,0,0,0,0,0,0,0,0,1,1.6,0,0,0,0,0,0,0,0
Mar-20,03-2020,CMC,10,10,0,0,0,0,1,0.01,2,0.02,1,0.01,0,0,0,0,0,0,1,0.02
Mar-20,03-2020,CMF,19,19,0,0,0,0,3,17,4,5.47,4,9.18,1,207,0,0,0,0,0,0
Mar-20,03-2020,COR,23,32,0,0,0,0,4,23.7,8,56.6,4,20.4,0,0,3,35,4,0.9,0,0
Mar-20,03-2020,CRC,20,61,0,0,0,0,9,163.16,6,48.5,2,0.3,2,211.4,3,20.9,0,0,0,0
Mar-20,03-2020,CTF,6,16,0,0,0,0,4,1.22,3,73.81,1,19.67,3,4931.96,0,0,1,0.5,0,0
Mar-20,03-2020,CVSP,0,0,0,0,0,0,0,0,0,0,1,0.9,0,0,0,0,0,0,0,0
Mar-20,03-2020,DVI,2,20,0,0,0,0,1,3,1,6.79,2,0.493,0,0,0,0,0,0,0,0
Mar-20,03-2020,FOL,18,34,0,0,0,0,2,1.3,3,18.6,0,0,1,221.9,1,0.6,0,0,0,0
Mar-20,03-2020,HDSP,5,5,0,0,0,0,7,62.3,1,0.1,2,19.5,0,0,0,0,3,0.04,0,0
Mar-20,03-2020,ISP,9,11,0,0,0,0,0,0,0,0,0,0,0,0,0,0,0,0,0,0
Mar-20,03-2020,KVSP,8,27,0,0,0,0,3,7.5,0,0,3,43.9,0,0,0,0,2,0.32,0,0
Mar-20,03-2020,LAC,31,35,0,0,0,0,1,1.2,6,34.98,4,12.47,0,0,0,0,4,1.438,0,0
Mar-20,03-2020,MCSP,2,2,0,0,0,0,3,2.6,2,5,2,23,0,0,1,0.9,0,0,0,0
Mar-20,03-2020,NKSP,17,19,0,0,1,26.3,1,2.1,1,78,3,51.4,1,599.7,1,26.3,0,0,0,0
Mar-20,03-2020,PBSP,0,0,0,0,0,0,1,0.1,0,0,0,0,0,0,0,0,0,0,0,0
Mar-20,03-2020,PVSP,5,6,0,0,0,0,4,235.04,1,64.5,0,0,1,130.77,0,0,1,0.29,0,0
Mar-20,03-2020,RJD,15,19,0,0,0,0,1,18,1,15.4,0,0,0,0,0,0,0,0,1,0.7
Mar-20,03-2020,SAC,100,123,0,0,0,0,2,0.94,0,0,2,1.07,2,14.74,2,24.2,0,0,0,0
Mar-20,03-2020,SATF,9,12,0,0,0,0,4,18.4,0,0,2,27.8,0,0,1,1.1,0,0,0,0
Mar-20,03-2020,SCC,47,80,1,29,0,0,2,28.2,8,172.8,6,108.5,10,6062.274,0,0,0,0,0,0
Mar-20,03-2020,SOL,50,52,0,0,0,0,3,3.4,3,7.9,1,1.3,0,0,1,0.5,0,0,0,0
Mar-20,03-2020,SQ,2,2,0,0,0,0,1,4.74,2,4.33,0,0,1,363.88,0,0,0,0,0,0
Mar-20,03-2020,SVSP,34,105,0,0,0,0,6,224.63,7,570.55,10,440.88,4,4190.83,1,0.26,0,0,0,0
Mar-20,03-2020,VSP,1,1,0,0,0,0,0,0,1,32.6,3,98.67,0,0,0,0,3,12,0,0
Mar-20,03-2020,WSP,3,5,0,0,0,0,0,0,0,0,0,0,1,140,0,0,0,0,0,0
Apr-20,04-2020,ASP,0,0,0,0,0,0,3,6.1,0,0,1,44.04,1,9.01,0,0,2,0.069,0,0
Apr-20,04-2020,CAC,0,0,0,0,0,0,3,17.79,0,0,0,0,0,0,0,0,0,0,0,0
Apr-20,04-2020,CAL,8,11,0,0,0,0,6,54.07,3,68,9,154.22,1,1881.1,0,0,19,77,0,0
Apr-20,04-2020,CCC,37,44,0,0,0,0,0,0,1,30.3,2,22.26,0,0,0,0,2,0.4,0,0
Apr-20,04-2020,CCI,16,27,0,0,0,0,0,0,2,6.5,3,18.9,0,0,0,0,1,90.3,0,0
Apr-20,04-2020,CCWF,1,1,0,0,0,0,1,2.2,0,0,1,173.5,0,0,0,0,0,0,0,0
Apr-20,04-2020,CEN,22,26,0,0,1,1.3,4,16.5,0,0,1,1.8,0,0,0,0,2,0.056,0,0
Apr-20,04-2020,CHCF,3,5,0,0,0,0,0,0,0,0,0,0,0,0,0,0,0,0,0,0
Apr-20,04-2020,CIM,6,6,0,0,0,0,0,0,2,18.2,2,15.2,0,0,0,0,2,16.2,0,0
Apr-20,04-2020,CIW,3,4,0,0,0,0,0,0,0,0,3,13.7,1,508.5,0,0,1,0.08,0,0
Apr-20,04-2020,CMC,1,1,0,0,0,0,0,0,1,0.68,0,0,0,0,0,0,0,0,0,0
Apr-20,04-2020,CMF,35,37,0,0,0,0,2,1.81,4,22.92,6,5.04,0,0,0,0,0,0,0,0
Apr-20,04-2020,COR,15,15,0,0,0,0,17,107.5,2,5.1,4,55.92,1,0.5,8,37.6,0,0,0,0
Apr-20,04-2020,CRC,21,44,0,0,0,0,9,66.2,7,157.7,7,54.64,0,0,3,1.1,2,2,0,0
Apr-20,04-2020,CTF,9,9,0,0,0,0,2,40.05,0,0,0,0,0,0,0,0,1,0.1,0,0
Apr-20,04-2020,CVSP,0,0,0,0,0,0,0,0,0,0,0,0,1,2.7,0,0,0,0,0,0
Apr-20,04-2020,DVI,2,33,0,0,0,0,3,0.485,2,159.63,3,36.106,0,0,0,0,0,0,1,11
Apr-20,04-2020,FOL,6,8,0,0,0,0,1,6,1,28.4,1,63.6,0,0,0,0,0,0,0,0
Apr-20,04-2020,HDSP,7,7,1,6.4,0,0,2,5.7,0,0,2,26.1,0,0,0,0,7,33,0,0
Apr-20,04-2020,ISP,10,10,0,0,0,0,1,0.1,0,0,0,0,0,0,0,0,0,0,0,0
Apr-20,04-2020,KVSP,17,45,0,0,0,0,7,52.1,2,61.1,8,208.7,1,571.5,0,0,10,4.4,0,0
Apr-20,04-2020,LAC,27,50,0,0,0,0,7,30.32,10,280.36,3,29.6,3,644.7,0,0,6,112.64,0,0
Apr-20,04-2020,MCSP,7,10,0,0,0,0,0,0,0,0,4,51,0,0,0,0,1,1,0,0
Apr-20,04-2020,NKSP,21,26,0,0,0,0,2,2,0,0,1,0,0,0,0,0,2,0,0,0
Apr-20,04-2020,PBSP,0,0,0,0,0,0,0,0,0,0,0,0,0,0,0,0,0,0,0,0
Apr-20,04-2020,PVSP,13,25,0,0,0,0,4,80.38,0,0,1,0.3,0,0,2,3.72,3,6.64,0,0
Apr-20,04-2020,RJD,6,6,0,0,0,0,3,7.8,5,56,1,3.4,1,25.5,0,0,3,2.8,0,0
Apr-20,04-2020,SAC,50,75,1,0.51,0,0,4,26.22,3,19.01,1,10.23,5,141.89,2,10.4,2,16.4,0,0
Apr-20,04-2020,SATF,5,11,0,0,0,0,1,1,0,0,9,113.5,0,0,2,4.5,3,1.8,0,0
Apr-20,04-2020,SCC,47,93,0,0,0,0,0,0,8,217.84,6,144.4,14,4327.947,0,0,6,14,1,120
Apr-20,04-2020,SOL,39,93,0,0,0,0,3,70.8,5,6.9,1,0.6,0,0,1,3.7,0,0,0,0
Apr-20,04-2020,SQ,6,7,0,0,0,0,2,7.93,1,14.06,2,37.52,4,483.02,0,0,0,0,0,0
Apr-20,04-2020,SVSP,25,122,0,0,0,0,9,62.36,5,490.7,8,304.85,4,8187.34,2,20.98,0,0,0,0
Apr-20,04-2020,VSP,6,6,0,0,0,0,0,0,0,0,0,0,0,0,0,0,1,3,0,0
Apr-20,04-2020,WSP,6,6,0,0,0,0,8,54.49,0,0,1,18.07,0,0,0,0,0,0,0,0
May-20,05-2020,ASP,0,0,0,0,0,0,0,0,0,0,1,11.17,0,0,0,0,3,0.187,0,0
May-20,05-2020,CAC,19,19,0,0,0,0,1,3.85,0,0,0,0,0,0,0,0,2,16,0,0
May-20,05-2020,CAL,10,12,1,39.8,0,0,3,7.2,0,0,5,128.1,0,0,0,0,14,52,0,0
May-20,05-2020,CCC,38,53,0,0,0,0,2,21.6,5,135.38,5,34,4,9526.149,0,0,1,0.08,0,0
May-20,05-2020,CCI,13,17,0,0,0,0,11,96.39,5,232.98,6,96.4,0,0,0,0,1,1.1,0,0
May-20,05-2020,CCWF,3,3,0,0,0,0,3,6.6,0,0,4,10.4,0,0,0,0,6,1.1,0,0
May-20,05-2020,CEN,13,13,0,0,1,32,4,12.8,1,25.6,2,37.8,1,41.6,0,0,0,0,0,0
May-20,05-2020,CHCF,2,2,0,0,0,0,0,0,0,0,0,0,0,0,0,0,0,0,0,0
May-20,05-2020,CIM,1,7,0,0,0,0,1,4.6,0,0,2,16.9,0,0,0,0,0,0,0,0
May-20,05-2020,CIW,3,3,0,0,0,0,1,0.45,1,12,6,63.7,0,0,0,0,0,0,0,0
May-20,05-2020,CMC,4,4,0,0,0,0,0,0,1,0.01,0,0,0,0,0,0,3,3.33,0,0
May-20,05-2020,CMF,14,14,0,0,0,0,2,0.49,3,1.9,0,0,0,0,0,0,0,0,0,0
May-20,05-2020,COR,27,35,0,0,0,0,16,78.6,5,52.9,7,163.9,5,61.7,3,10.9,1,1,0,0
May-20,05-2020,CRC,33,94,0,0,4,21,16,90.62,3,14,5,89.1,1,1500,1,0.4,4,0.5,1,35
May-20,05-2020,CTF,14,23,0,0,0,0,0,0,1,25.18,0,0,3,1206.79,0,0,0,0,0,0
May-20,05-2020,CVSP,0,0,0,0,0,0,0,0,0,0,0,0,0,0,0,0,0,0,0,0
May-20,05-2020,DVI,2,16,0,0,0,0,1,1,1,0.117,0,0,0,0,0,0,0,0,0,0
May-20,05-2020,FOL,7,15,0,0,0,0,1,15.8,3,146.33,5,164.39,1,971.22,2,53.8,5,1.13,0,0
May-20,05-2020,HDSP,10,10,0,0,0,0,2,32.4,0,0,3,26,0,0,0,0,7,16.3,0,0
May-20,05-2020,ISP,14,18,0,0,0,0,0,0,0,0,1,11.95,1,1.13,0,0,0,0,0,0
May-20,05-2020,KVSP,13,79,0,0,0,0,5,31.8,4,624.89,10,242.2,1,2.06,0,0,3,7.2,0,0
May-20,05-2020,LAC,27,46,0,0,0,0,7,104.11,4,66.67,4,102.6,0,0,0,0,0,0,1,0.2
May-20,05-2020,MCSP,3,3,0,0,0,0,0,0,0,0,1,0,0,0,0,0,0,0,0,0
May-20,05-2020,NKSP,22,24,0,0,0,0,2,20.1,2,73.3,1,1.8,0,0,0,0,0,0,0,0
May-20,05-2020,PBSP,0,0,0,0,0,0,0,0,0,0,0,0,0,0,0,0,0,0,0,0
May-20,05-2020,PVSP,9,22,0,0,0,0,6,31.34,1,4.08,5,38.04,0,0,1,0.44,12,5.59,0,0
May-20,05-2020,RJD,13,15,0,0,0,0,5,12,7,27.7,2,49.3,2,1091.2,0,0,15,5.2,0,0
May-20,05-2020,SAC,42,80,0,0,0,0,4,23.12,5,123.07,3,61.03,2,95.44,1,38.51,2,0.2,0,0
May-20,05-2020,SATF,5,6,0,0,0,0,3,86.6,0,0,1,11.1,0,0,0,0,1,0.1,0,0
May-20,05-2020,SCC,62,141,0,0,0,0,1,67.6,8,325.0846,6,125.4699,9,7314.4666,1,2,2,5,0,0
May-20,05-2020,SOL,63,145,0,0,0,0,1,2.6,0,0,0,0,0,0,0,0,0,0,0,0
May-20,05-2020,SQ,5,5,0,0,0,0,1,2.51,4,9.48,0,0,2,207.64,1,10.29,0,0,0,0
May-20,05-2020,SVSP,40,111,0,0,0,0,2,7.09,4,219.92,1,36.16,3,3333.19,2,6.73,1,0.001,0,0
May-20,05-2020,VSP,3,3,0,0,0,0,0,0,0,0,0,0,0,0,0,0,2,10,0,0
May-20,05-2020,WSP,3,3,0,0,0,0,1,1.85,1,39.77,0,0,0,0,0,0,0,0,0,0
Jun-20,06-2020,ASP,0,0,0,0,0,0,0,0,0,0,6,55.27,0,0,0,0,4,0.118,0,0
Jun-20,06-2020,CAC,8,8,0,0,0,0,3,3.46,0,0,0,0,0,0,0,0,1,3,0,0
Jun-20,06-2020,CAL,13,14,0,0,0,0,12,70.8,6,56.3,0,0,0,0,0,0,17,85,0,0
Jun-20,06-2020,CCC,33,51,0,0,0,0,0,0,5,326.34,4,25.35,2,4535,0,0,3,0.192,0,0
Jun-20,06-2020,CCI,10,10,0,0,0,0,1,0.2,0,0,2,25.5,0,0,0,0,4,36.41,0,0
Jun-20,06-2020,CCWF,0,0,0,0,0,0,0,0,3,0.6,5,21,0,0,0,0,2,0.8,0,0
Jun-20,06-2020,CEN,12,12,0,0,0,0,5,9.3,0,0,1,30.2,0,0,0,0,0,0,0,0
Jun-20,06-2020,CHCF,2,2,0,0,0,0,0,0,0,0,0,0,0,0,0,0,0,0,0,0
Jun-20,06-2020,CIM,1,1,0,0,0,0,0,0,0,0,0,0,0,0,0,0,0,0,0,0
Jun-20,06-2020,CIW,3,3,0,0,0,0,0,0,0,0,2,27.2,0,0,0,0,0,0,0,0
Jun-20,06-2020,CMC,3,3,0,0,0,0,0,0,0,0,0,0,0,0,0,0,1,0.01,0,0
Jun-20,06-2020,CMF,24,24,2,13.74,0,0,4,3.11,5,31.51,0,0,0,0,0,0,3,5.7,0,0
Jun-20,06-2020,COR,12,12,0,0,0,0,3,7.4,7,20.4,4,38.3,4,81.5,2,2.3,1,0.6,0,0
Jun-20,06-2020,CRC,26,58,1,11.2,0,0,1,0.1,2,38.7,4,70.3,1,18.4,1,0.25,3,1.1,0,0
Jun-20,06-2020,CTF,7,7,0,0,0,0,0,0,0,0,2,0.55,0,0,0,0,0,0,0,0
Jun-20,06-2020,CVSP,1,1,0,0,0,0,0,0,0,0,0,0,1,2.9,0,0,0,0,0,0
Jun-20,06-2020,DVI,2,18,0,0,0,0,0,0,1,0.907,0,0,0,0,0,0,4,0.471,0,0
Jun-20,06-2020,FOL,9,11,0,0,0,0,1,0.13,0,0,0,0,0,0,1,60.63,4,0.08,0,0
Jun-20,06-2020,HDSP,5,5,0,0,1,37.4,2,5.8,0,0,3,35.2,0,0,0,0,4,7,0,0
Jun-20,06-2020,ISP,6,6,0,0,0,0,1,0.99,0,0,0,0,1,6.36,0,0,1,1.76,0,0
Jun-20,06-2020,KVSP,8,48,0,0,0,0,4,16.7,4,54.2,18,252.11,1,2.98,0,0,6,1.74,0,0
Jun-20,06-2020,LAC,25,52,0,0,0,0,10,25.37,10,51.25,1,1.89,3,3,0,0,5,112.8,2,1.6
Jun-20,06-2020,MCSP,5,7,0,0,0,0,0,0,2,56.5,2,17.8,0,0,0,0,2,0.8,0,0
Jun-20,06-2020,NKSP,16,18,0,0,0,0,2,114.8,1,0.9,1,114.8,1,0.3,0,0,0,0,0,0
Jun-20,06-2020,PBSP,0,0,0,0,0,0,5,15.5,0,0,0,0,0,0,0,0,10,472.8,0,0
Jun-20,06-2020,PVSP,9,22,1,1.58,0,0,11,81.86,3,5.29,3,26.65,0,0,4,7.01,11,7.8,0,0
Jun-20,06-2020,RJD,17,29,0,0,0,0,4,30.3,2,9.6,6,175.9,2,454.6,0,0,10,3.4,0,0
Jun-20,06-2020,SAC,33,39,0,0,0,0,2,6.57,4,47.05,3,4.73,1,61.05,1,1.72,4,0,0,0
Jun-20,06-2020,SATF,6,16,0,0,0,0,3,11.4,1,130,1,14.8,1,62.4,0,0,2,0.5,0,0
Jun-20,06-2020,SCC,41,69,0,0,0,0,0,0,3,56.99,7,73,7,7066.4,2,1.255,1,1,0,0
Jun-20,06-2020,SOL,36,86,0,0,0,0,1,147.4,1,473,1,0.5,0,0,0,0,0,0,0,0
Jun-20,06-2020,SQ,5,16,1,3.01,0,0,0,0,1,5.37,1,33.27,0,0,1,0.75,2,11.21,0,0
Jun-20,06-2020,SVSP,28,44,0,0,0,0,9,121.28,6,84.03,5,78.51,2,49.32,3,89.5,1,0.15,0,0
Jun-20,06-2020,VSP,6,7,0,0,0,0,1,0.49,3,5.11,0,0,0,0,0,0,0,0,0,0
Jun-20,06-2020,WSP,5,6,0,0,0,0,0,0,0,0,1,12.05,0,0,0,0,3,0.12,0,0
Jul-20,07-2020,ASP,1,1,0,0,0,0,0,0,0,0,2,9.24,0,0,0,0,5,0.258,0,0
Jul-20,07-2020,CAC,10,11,1,1.87,0,0,3,11.02,0,0,0,0,0,0,0,0,1,5,0,0
Jul-20,07-2020,CAL,18,18,0,0,0,0,7,46.4,2,5.6,5,190.8,0,0,0,0,5,12,0,0
Jul-20,07-2020,CCC,41,56,0,0,0,0,0,0,0,0,0,0,2,37533,0,0,2,0.56,0,0
Jul-20,07-2020,CCI,7,7,0,0,0,0,0,0,0,0,4,54.9,0,0,0,0,0,0,0,0
Jul-20,07-2020,CCWF,2,2,0,0,0,0,1,0.6,0,0,5,36.5,0,0,0,0,1,0.2,0,0
Jul-20,07-2020,CEN,12,13,0,0,2,16.2,3,256.5,0,0,0,0,0,0,0,0,0,0,0,0
Jul-20,07-2020,CHCF,0,0,0,0,0,0,0,0,0,0,0,0,0,0,0,0,0,0,0,0
Jul-20,07-2020,CIM,4,7,0,0,0,0,1,25.3,0,0,0,0,1,40,0,0,0,0,0,0
Jul-20,07-2020,CIW,1,1,0,0,0,0,0,0,0,0,1,0.2,0,0,0,0,1,1.7,0,0
Jul-20,07-2020,CMC,2,2,0,0,0,0,0,0,0,0,1,0,0,0,0,0,0,0,0,0
Jul-20,07-2020,CMF,16,16,0,0,0,0,3,1.8,2,176.09,2,1.7,1,55.38,0,0,1,1.48,0,0
Jul-20,07-2020,COR,9,10,0,0,0,0,7,18.7,0,0,3,18.6,2,152,0,0,0,0,0,0
Jul-20,07-2020,CRC,16,28,0,0,0,0,1,2.1,1,10,1,59.9,1,58,0,0,0,0,0,0
Jul-20,07-2020,CTF,9,12,0,0,0,0,0,0,2,71.42,1,15.33,1,80,0,0,1,0.5,0,0
Jul-20,07-2020,CVSP,0,0,0,0,0,0,0,0,0,0,0,0,0,0,0,0,0,0,0,0
Jul-20,07-2020,DVI,2,10,1,6,0,0,2,8.85,4,77,1,5.2,0,0,0,0,1,0.054,0,0
Jul-20,07-2020,FOL,4,4,0,0,0,0,2,8.67,0,0,2,27.66,0,0,0,0,0,0,0,0
Jul-20,07-2020,HDSP,12,12,0,0,0,0,1,1.3,1,1.3,1,1,0,0,2,38.1,2,2,0,0
Jul-20,07-2020,ISP,15,18,0,0,0,0,2,95.73,6,38.28,1,0.17,0,0,0,0,1,0.04,0,0
Jul-20,07-2020,KVSP,14,42,0,0,0,0,7,173.9,4,930.7,35,643.2,0,0,0,0,5,0.85,0,0
Jul-20,07-2020,LAC,26,75,0,0,0,0,5,12.1,1,3.2,0,0,0,0,0,0,1,48,0,0
Jul-20,07-2020,MCSP,1,1,0,0,0,0,0,0,0,0,3,25,0,0,0,0,6,1.42,0,0
Jul-20,07-2020,NKSP,10,21,0,0,0,0,0,0,1,338.7,0,0,1,235.1,0,0,0,0,0,0
Jul-20,07-2020,PBSP,0,0,0,0,0,0,1,2.5,1,1000,0,0,0,0,0,0,4,1024.44,0,0
Jul-20,07-2020,PVSP,12,20,0,0,0,0,4,29.44,1,1.33,2,43.42,0,0,0,0,8,3.06,0,0
Jul-20,07-2020,RJD,13,21,0,0,0,0,3,32,9,165.3,5,251.3,0,0,0,0,2,2,0,0
Jul-20,07-2020,SAC,39,47,0,0,0,0,4,92.89,2,316.74,1,0.04,3,553.91,1,47.8,1,0.001,0,0
Jul-20,07-2020,SATF,5,6,0,0,0,0,0,0,0,0,0,0,0,0,0,0,1,0.8,0,0
Jul-20,07-2020,SCC,52,77,1,0.2,0,0,0,0,3,1.712,3,24.1,5,5122.291,0,0,2,13,0,0
Jul-20,07-2020,SOL,43,106,0,0,0,0,0,0,2,2.3,0,0,0,0,0,0,2,2.2,0,0
Jul-20,07-2020,SQ,5,5,0,0,0,0,1,16.14,1,42.97,2,15.12,0,0,0,0,0,0,0,0
Jul-20,07-2020,SVSP,30,65,0,0,0,0,3,27.61,1,91.39,2,29.58,1,1020.26,2,10.03,2,0.86,2,9.14
Jul-20,07-2020,VSP,4,4,1,1.36,0,0,0,0,0,0,1,42.99,0,0,0,0,4,17.11,0,0
Jul-20,07-2020,WSP,0,0,0,0,0,0,2,3.74,0,0,1,13.25,0,0,0,0,6,0.71,0,0
Aug-20,08-2020,ASP,1,1,0,0,0,0,0,0,0,0,0,0,0,0,1,0.65,0,0,0,0
Aug-20,08-2020,CAC,10,10,0,0,0,0,0,0,0,0,0,0,0,0,0,0,3,6,0,0
Aug-20,08-2020,CAL,15,15,0,0,0,0,11,32.57,2,15.4,7,113.44,0,0,0,0,10,56,0,0
Aug-20,08-2020,CCC,19,28,0,0,0,0,0,0,0,0,0,0,0,0,0,0,0,0,0,0
Aug-20,08-2020,CCI,8,11,0,0,0,0,3,8.35,3,5.34,3,7.1,0,0,0,0,4,1.45,0,0
Aug-20,08-2020,CCWF,0,0,0,0,0,0,0,0,0,0,0,0,0,0,0,0,0,0,0,0
Aug-20,08-2020,CEN,13,16,0,0,0,0,2,3.9,2,0.6,2,51.7,0,0,0,0,1,0.096,0,0
Aug-20,08-2020,CHCF,6,12,0,0,0,0,0,0,1,48.6,1,12.4,0,0,0,0,0,0,0,0
Aug-20,08-2020,CIM,2,2,0,0,0,0,0,0,3,41.9,3,83.8,1,114.2,0,0,1,0.01,0,0
Aug-20,08-2020,CIW,2,2,0,0,0,0,0,0,0,0,1,16.3,0,0,0,0,2,1.2,0,0
Aug-20,08-2020,CMC,2,2,0,0,0,0,0,0,0,0,1,0.01,0,0,0,0,0,0,0,0
Aug-20,08-2020,CMF,20,22,1,0.47,0,0,0,0,4,2.04,4,1.36,0,0,0,0,0,0,0,0
Aug-20,08-2020,COR,19,25,0,0,0,0,2,4.8,3,113.2,9,245.3,0,0,1,1,0,0,0,0
Aug-20,08-2020,CRC,14,16,0,0,0,0,0,0,0,0,1,0.3,0,0,0,0,0,0,0,0
Aug-20,08-2020,CTF,2,5,1,1.43,0,0,0,0,1,6.6,1,63.14,0,0,0,0,1,1.5,0,0
Aug-20,08-2020,CVSP,0,0,0,0,0,0,0,0,0,0,1,34.7,0,0,0,0,0,0,0,0
Aug-20,08-2020,DVI,2,26,0,0,0,0,1,38.4,1,32.9,0,0,0,0,0,0,0,0,0,0
Aug-20,08-2020,FOL,0,0,0,0,0,0,0,0,0,0,3,44.69,0,0,0,0,3,0.006,0,0
Aug-20,08-2020,HDSP,3,3,0,0,0,0,6,612,1,0.36,3,74.8,0,0,0,0,4,11.5,0,0
Aug-20,08-2020,ISP,19,28,0,0,0,0,1,0.81,1,1.21,0,0,0,0,0,0,0,0,0,0
Aug-20,08-2020,KVSP,12,16,0,0,0,0,8,62.7,5,227.7,19,414.9,0,0,0,0,3,0.55,0,0
Aug-20,08-2020,LAC,20,42,0,0,0,0,6,16.13,9,247.46,4,319.26,0,0,0,0,0,0,0,0
Aug-20,08-2020,MCSP,2,2,0,0,0,0,0,0,0,0,1,49.6,0,0,0,0,3,5.7,0,0
Aug-20,08-2020,NKSP,19,19,0,0,0,0,0,0,0,0,3,0,0,0,0,0,0,0,0,0
Aug-20,08-2020,PBSP,0,0,0,0,0,0,3,14.1,0,0,4,0,0,0,0,0,3,0,0,0
Aug-20,08-2020,PVSP,5,6,0,0,0,0,1,10.32,0,0,1,34.44,0,0,2,10.87,1,0.47,0,0
Aug-20,08-2020,RJD,14,18,1,1,0,0,4,55.7,3,4.4,2,79.1,2,549.4,0,0,1,0,0,0
Aug-20,08-2020,SAC,21,23,0,0,0,0,0,0,0,0,3,378.61,0,0,1,8.19,0,0,0,0
Aug-20,08-2020,SATF,10,11,0,0,0,0,1,0.1,1,136.1,2,148.6,0,0,1,137.7,2,0.3,0,0
Aug-20,08-2020,SCC,39,42,0,0,0,0,0,0,6,147.8,5,91.7,7,10175.401,0,0,7,238,0,0
Aug-20,08-2020,SOL,29,70,0,0,0,0,1,1.8,2,69.9,0,0,0,0,0,0,0,0,0,0
Aug-20,08-2020,SQ,6,9,0,0,0,0,4,18.86,0,0,6,79.7,0,0,0,0,1,0,0,0
Aug-20,08-2020,SVSP,27,101,0,0,0,0,3,203.25,3,672.68,2,35.06,2,906.25,3,38.61,1,0.02,0,0
Aug-20,08-2020,VSP,3,4,0,0,0,0,1,112,1,10.16,2,0,0,0,0,0,0,0,0,0
Aug-20,08-2020,WSP,4,5,0,0,0,0,1,1,0,0,0,0,0,0,0,0,0,0,0,0
Sep-20,09-2020,ASP,0,0,0,0,0,0,1,1.26,0,0,1,10.52,0,0,1,3.89,0,0,0,0
Sep-20,09-2020,CAC,31,35,0,0,0,0,0,0,0,0,0,0,0,0,1,2,0,0,0,0
Sep-20,09-2020,CAL,9,9,0,0,0,0,5,87.3,3,42.2,9,178.7,0,0,0,0,10,45,0,0
Sep-20,09-2020,CCC,22,31,0,0,0,0,2,6.8,2,84.3,3,39.82,1,4989.52,1,1.4,0,0,0,0
Sep-20,09-2020,CCI,26,42,0,0,0,0,3,12.72,3,37.62,6,91.92,0,0,0,0,2,0.68,0,0
Sep-20,09-2020,CCWF,1,1,0,0,0,0,1,3.4,0,0,5,233,0,0,0,0,3,0,0,0
Sep-20,09-2020,CEN,26,34,0,0,0,0,2,9.8,0,0,2,38.9,0,0,0,0,0,0,0,0
Sep-20,09-2020,CHCF,3,4,0,0,0,0,0,0,3,11.1,1,29.8,0,0,0,0,0,0,0,0
Sep-20,09-2020,CIM,6,7,0,0,0,0,0,0,0,0,0,0,0,0,0,0,1,6.4,0,0
Sep-20,09-2020,CIW,1,1,0,0,0,0,3,5.5,0,0,5,47.33,0,0,0,0,2,2.1,0,0
Sep-20,09-2020,CMC,3,3,0,0,0,0,0,0,0,0,2,0.003,0,0,0,0,1,0.01,0,0
Sep-20,09-2020,CMF,15,15,3,11.57,0,0,0,0,5,194.16,1,0.26,0,0,0,0,2,0.16,0,0
Sep-20,09-2020,COR,6,7,0,0,0,0,3,28.9,3,250.1,8,165.4,1,46.6,2,6.5,0,0,0,0
Sep-20,09-2020,CRC,14,21,0,0,0,0,1,23.6,1,1.6,2,51.6,0,0,0,0,0,0,0,0
Sep-20,09-2020,CTF,7,7,0,0,0,0,0,0,0,0,0,0,0,0,0,0,3,0.4,0,0
Sep-20,09-2020,CVSP,0,0,0,0,0,0,0,0,0,0,0,0,0,0,0,0,0,0,0,0
Sep-20,09-2020,DVI,2,15,0,0,1,4.9,2,13.3,2,13,1,7.8,0,0,0,0,2,2,0,0
Sep-20,09-2020,FOL,0,0,0,0,0,0,0,0,0,0,0,0,0,0,0,0,0,0,0,0
Sep-20,09-2020,HDSP,14,14,0,0,1,56.8,2,42.7,0,0,3,53.1,0,0,0,0,1,2,0,0
Sep-20,09-2020,ISP,12,12,0,0,0,0,0,0,0,0,0,0,0,0,0,0,0,0,0,0
Sep-20,09-2020,KVSP,28,191,0,0,0,0,9,183.04,2,5.53,6,240.58,1,104.16,0,0,0,0,0,0
Sep-20,09-2020,LAC,27,68,0,0,0,0,2,8.48,13,156.5,4,20.07,0,0,0,0,0,0,0,0
Sep-20,09-2020,MCSP,0,0,0,0,0,0,1,9.8,0,0,0,0,0,0,0,0,5,27.8,0,0
Sep-20,09-2020,NKSP,16,18,0,0,0,0,0,0,0,0,1,0,0,0,0,0,0,0,0,0
Sep-20,09-2020,PBSP,3,3,0,0,0,0,1,2.5,0,0,1,0,0,0,0,0,2,0,0,0
Sep-20,09-2020,PVSP,10,13,0,0,0,0,2,35.09,0,0,4,64.71,0,0,1,0.87,0,0,0,0
Sep-20,09-2020,RJD,16,21,0,0,0,0,6,51.5,2,3,9,337.8,1,18,0,0,0,0,0,0
Sep-20,09-2020,SAC,42,46,0,0,0,0,0,0,1,21.25,5,84.97,0,0,1,17.69,1,5.4,0,0
Sep-20,09-2020,SATF,8,9,0,0,0,0,0,0,3,11.7,1,18,0,0,0,0,2,1.2,0,0
Sep-20,09-2020,SCC,30,44,0,0,0,0,2,37.5,4,23.7,3,16.7,2,397.631,0,0,5,21,0,0
Sep-20,09-2020,SOL,65,68,0,0,0,0,1,1.5,7,152.9,0,0,0,0,0,0,0,0,0,0
Sep-20,09-2020,SQ,13,16,0,0,0,0,1,20.6,0,0,4,210.5,0,0,3,108.28,1,0.04,0,0
Sep-20,09-2020,SVSP,23,67,0,0,0,0,6,112.04,9,280.05,5,35.28,3,1730.54,4,71.9,1,1.13,0,0
Sep-20,09-2020,VSP,3,3,0,0,0,0,0,0,0,0,1,1.55,0,0,0,0,0,0,0,0
Sep-20,09-2020,WSP,6,6,0,0,0,0,2,31,0,0,0,0,0,0,0,0,2,11.03,0,0
Oct-20,10-2020,ASP,1,1,0,0,0,0,0,0,1,0.14,5,80.55,0,0,0,0,1,0.248,0,0
Oct-20,10-2020,CAC,17,22,0,0,0,0,1,0.43,0,0,0,0,0,0,0,0,0,0,0,0
Oct-20,10-2020,CAL,11,16,0,0,0,0,5,119.9,2,11.3,23,485.6,0,0,0,0,6,49,0,0
Oct-20,10-2020,CCC,31,34,0,0,0,0,2,12.8,2,8.5,2,2.3,0,0,0,0,2,2.4,0,0
Oct-20,10-2020,CCI,7,7,0,0,0,0,2,2.07,3,3.31,25,879.44,0,0,0,0,5,159.4,0,0
Oct-20,10-2020,CCWF,1,1,0,0,0,0,2,17.8,0,0,4,79.3,0,0,0,0,4,0.3,0,0
Oct-20,10-2020,CEN,32,44,0,0,0,0,1,4.6,1,18.7,2,93.4,0,0,0,0,1,0,0,0
Oct-20,10-2020,CHCF,4,5,0,0,0,0,0,0,1,3.2,0,0,1,20.3,0,0,0,0,0,0
Oct-20,10-2020,CIM,7,10,0,0,0,0,1,1.8,3,35.2,2,4.6,1,19,0,0,1,0,0,0
Oct-20,10-2020,CIW,1,1,0,0,0,0,2,60,0,0,4,11,0,0,0,0,0,0,0,0
Oct-20,10-2020,CMC,3,3,0,0,0,0,0,0,0,0,0,0,0,0,0,0,0,0,0,0
Oct-20,10-2020,CMF,19,20,0,0,0,0,0,0,0,0,4,13.64,0,0,0,0,0,0,0,0
Oct-20,10-2020,COR,6,6,0,0,0,0,1,3.6,3,16.36,5,128.7,1,34,3,17.2,0,0,0,0
Oct-20,10-2020,CRC,14,42,1,1.6,0,0,1,24.8,3,187.3,3,34.7,2,255,0,0,0,0,0,0
Oct-20,10-2020,CTF,2,3,0,0,0,0,4,29.62,1,5.3,1,0.5,0,0,0,0,3,0.43,0,0
Oct-20,10-2020,CVSP,1,1,0,0,0,0,0,0,0,0,0,0,0,0,0,0,0,0,0,0
Oct-20,10-2020,DVI,2,22,0,0,6,54.359,4,18.8,5,54,0,0,0,0,0,0,2,0.07,0,0
Oct-20,10-2020,FOL,9,18,0,0,0,0,0,0,1,123.75,0,0,0,0,1,6.71,0,0,0,0
Oct-20,10-2020,HDSP,4,4,0,0,0,0,0,0,0,0,5,91.3,0,0,0,0,0,0,0,0
Oct-20,10-2020,ISP,2,2,0,0,0,0,0,0,0,0,0,0,0,0,0,0,0,0,0,0
Oct-20,10-2020,KVSP,14,31,0,0,0,0,8,79.37,2,15.1,7,176,0,0,0,0,0,0,0,0
Oct-20,10-2020,LAC,27,75,1,0.12,0,0,8,17.17,5,13.55,5,19.97,1,111.9,0,0,0,0,0,0
Oct-20,10-2020,MCSP,2,2,0,0,0,0,0,0,0,0,1,51,0,0,0,0,0,0,0,0
Oct-20,10-2020,NKSP,3,5,0,0,0,0,0,0,0,0,2,10.6,0,0,0,0,1,0,0,0
Oct-20,10-2020,PBSP,2,2,1,3.4,0,0,2,30.6,0,0,9,0,0,0,0,0,4,0,0,0
Oct-20,10-2020,PVSP,5,7,0,0,0,0,2,1.59,0,0,3,106.65,1,35.96,0,0,1,0.32,0,0
Oct-20,10-2020,RJD,15,19,0,0,0,0,1,8.4,3,221.8,7,350.9,1,36,0,0,2,0,0,0
Oct-20,10-2020,SAC,19,27,0,0,0,0,0,0,1,3.15,7,250.66,1,102.14,4,46.53,2,32,0,0
Oct-20,10-2020,SATF,20,24,0,0,0,0,3,21.9,2,54.1,1,16.8,0,0,0,0,0,0,0,0
Oct-20,10-2020,SCC,45,81,0,0,0,0,0,0,6,109.4,4,55.9,9,5479.546,0,0,2,2,0,0
Oct-20,10-2020,SOL,78,197,0,0,0,0,0,0,0,0,0,0,0,0,0,0,0,0,0,0
Oct-20,10-2020,SQ,12,13,0,0,0,0,0,0,2,186.07,9,261.78,0,0,0,0,4,11.18,0,0
Oct-20,10-2020,SVSP,35,92,0,0,0,0,9,54.1,4,1035.78,12,478.98,1,297.96,6,100.12,0,0,0,0
Oct-20,10-2020,VSP,2,2,0,0,0,0,0,0,0,0,0,0,0,0,0,0,0,0,0,0
Oct-20,10-2020,WSP,1,1,0,0,0,0,1,0.25,0,0,2,28.09,0,0,0,0,2,0.7,0,0
Nov-20,11-2020,ASP,0,0,0,0,0,0,0,0,0,0,1,36.83,0,0,0,0,1,1,0,0
Nov-20,11-2020,CAC,9,9,0,0,0,0,1,79.3,1,52.8,1,30.6,0,0,0,0,0,0,0,0
Nov-20,11-2020,CAL,12,12,0,0,0,0,2,6.3,6,556.1,14,316.2,0,0,0,0,6,11,0,0
Nov-20,11-2020,CCC,30,43,0,0,0,0,2,8.6,2,1.71,1,33.6,0,0,0,0,0,0,0,0
Nov-20,11-2020,CCI,4,4,0,0,0,0,0,0,0,0,3,120.8,0,0,0,0,1,0.7,0,0
Nov-20,11-2020,CCWF,2,2,0,0,0,0,3,78.1,1,37.1,5,126.8,0,0,0,0,3,0,0,0
Nov-20,11-2020,CEN,26,36,0,0,0,0,1,0.9,0,0,2,22.5,1,1793,0,0,0,0,0,0
Nov-20,11-2020,CHCF,4,4,0,0,0,0,0,0,0,0,2,31.3,0,0,0,0,0,0,0,0
Nov-20,11-2020,CIM,11,13,0,0,0,0,0,0,2,86.7,2,3.2,1,384.4,0,0,1,0.01,0,0
Nov-20,11-2020,CIW,2,2,0,0,0,0,2,37.1,1,2,2,16.9,1,2.4,0,0,0,0,0,0
Nov-20,11-2020,CMC,1,1,0,0,0,0,1,0.7,0,0,1,0.1,0,0,1,0,1,0.01,0,0
Nov-20,11-2020,CMF,11,11,0,0,0,0,0,0,1,1.15,1,7.7,0,0,0,0,0,0,0,0
Nov-20,11-2020,COR,15,25,0,0,0,0,2,17.3,3,39.88,2,27.21,0,0,0,0,0,0,0,0
Nov-20,11-2020,CRC,13,21,0,0,0,0,2,14.6,1,5.1,1,12.2,0,0,0,0,0,0,0,0
Nov-20,11-2020,CTF,2,2,0,0,0,0,1,0.4,1,0.33,2,4.3,0,0,0,0,5,1.4,0,0
Nov-20,11-2020,CVSP,0,0,0,0,0,0,0,0,0,0,0,0,0,0,0,0,0,0,0,0
Nov-20,11-2020,DVI,2,36,0,0,1,0.133,0,0,1,88,0,0,0,0,0,0,0,0,0,0
Nov-20,11-2020,FOL,11,20,0,0,0,0,1,2.41,0,0,0,0,0,0,0,0,0,0,0,0
Nov-20,11-2020,HDSP,3,3,0,0,1,5.7,0,0,2,34.3,8,266.5,0,0,0,0,2,12,0,0
Nov-20,11-2020,ISP,8,17,0,0,0,0,0,0,0,0,0,0,0,0,0,0,0,0,0,0
Nov-20,11-2020,KVSP,9,30,0,0,0,0,4,15.8,3,12.2,7,161.6,1,269.2,0,0,1,0.4,0,0
Nov-20,11-2020,LAC,37,45,1,0.5,0,0,10,174.73,15,693.72,6,258.99,0,0,0,0,4,288,1,0.6
Nov-20,11-2020,MCSP,1,1,0,0,0,0,0,0,0,0,0,0,0,0,0,0,0,0,0,0
Nov-20,11-2020,NKSP,10,36,0,0,0,0,0,0,1,6.4,1,24.9,0,0,0,0,0,0,0,0
Nov-20,11-2020,PBSP,0,0,1,4.2,0,0,1,8,0,0,0,0,0,0,0,0,0,0,0,0
Nov-20,11-2020,PVSP,4,4,0,0,0,0,2,4.77,0,0,0,0,0,0,0,0,0,0,0,0
Nov-20,11-2020,RJD,14,36,0,0,0,0,3,6.9,1,2,12,549.3,2,664,0,0,5,0,0,0
Nov-20,11-2020,SAC,14,28,0,0,0,0,4,63.42,2,2.66,3,736.9,0,0,1,41,1,1.8,0,0
Nov-20,11-2020,SATF,2,3,0,0,0,0,0,0,0,0,1,38.7,0,0,1,109.4,0,0,0,0
Nov-20,11-2020,SCC,41,76,0,0,0,0,1,1,9,175.7,5,52.8,7,1199.4876,0,0,4,25,0,0
Nov-20,11-2020,SOL,35,75,0,0,0,0,0,0,0,0,0,0,0,0,0,0,0,0,0,0
Nov-20,11-2020,SQ,11,12,0,0,0,0,2,20.51,2,235.12,9,165.05,0,0,0,0,0,0,0,0
Nov-20,11-2020,SVSP,30,62,0,0,0,0,4,61.11,5,106.2,3,112.43,3,546.96,0,0,1,1.7,0,0
Nov-20,11-2020,VSP,0,0,0,0,0,0,0,0,0,0,0,0,0,0,0,0,0,0,0,0
Nov-20,11-2020,WSP,1,1,0,0,0,0,0,0,0,0,2,26.83,0,0,0,0,1,0.2,1,15
Dec-20,12-2020,ASP,0,0,0,0,0,0,0,0,0,0,1,41.2,0,0,0,0,1,0.067,0,0
Dec-20,12-2020,CAC,2,2,0,0,0,0,0,0,0,0,0,0,0,0,0,0,0,0,0,0
Dec-20,12-2020,CAL,3,3,0,0,0,0,4,30.8,0,0,9,135.2,0,0,0,0,1,2,0,0
Dec-20,12-2020,CCC,27,27,0,0,0,0,0,0,8,147.78,3,48.3,0,0,0,0,0,0,0,0
Dec-20,12-2020,CCI,2,2,0,0,0,0,0,0,1,3.6,1,21.7,0,0,0,0,1,19.8,0,0
Dec-20,12-2020,CCWF,2,4,1,3.4,0,0,2,28.4,2,4450.2,2,251.4,0,0,0,0,0,0,0,0
Dec-20,12-2020,CEN,9,10,0,0,0,0,1,7.9,1,0.2,3,35.2,1,19,0,0,2,0,0,0
Dec-20,12-2020,CHCF,1,1,0,0,0,0,0,0,0,0,1,26.698,0,0,0,0,0,0,0,0
Dec-20,12-2020,CIM,9,15,0,0,0,0,1,0.1,2,75.8,4,124.4,2,593,0,0,2,1.8,0,0
Dec-20,12-2020,CIW,1,1,0,0,0,0,0,0,1,4.2,3,28.9,0,0,0,0,2,1.7,0,0
Dec-20,12-2020,CMC,4,4,0,0,0,0,0,0,0,0,0,0,0,0,0,0,2,0.02,0,0
Dec-20,12-2020,CMF,6,6,0,0,0,0,5,5.31,2,4.72,2,17.5,0,0,0,0,1,0.21,0,0
Dec-20,12-2020,COR,8,13,0,0,0,0,1,2.4,1,24.8,7,130,0,0,0,0,1,0.3,0,0
Dec-20,12-2020,CRC,19,57,0,0,0,0,0,0,3,93.3,4,83.9,3,345,0,0,0,0,0,0
Dec-20,12-2020,CTF,3,3,0,0,0,0,0,0,2,4.18,3,6,0,0,0,0,2,2,0,0
Dec-20,12-2020,CVSP,0,0,0,0,0,0,0,0,0,0,0,0,0,0,0,0,0,0,0,0
Dec-20,12-2020,DVI,2,14,0,0,0,0,1,2,4,41.7,1,2,0,0,0,0,0,0,0,0
Dec-20,12-2020,FOL,16,17,0,0,0,0,0,0,0,0,0,0,0,0,0,0,0,0,0,0
Dec-20,12-2020,HDSP,0,0,0,0,0,0,1,2.2,0,0,6,111,0,0,0,0,2,5,0,0
Dec-20,12-2020,ISP,8,10,0,0,0,0,0,0,0,0,0,0,0,0,0,0,0,0,0,0
Dec-20,12-2020,KVSP,13,39,0,0,0,0,1,12.6,7,189.6,1,19.89,1,365.9,0,0,0,0,0,0
Dec-20,12-2020,LAC,9,11,0,0,0,0,4,40.9,1,0.6,4,58.9,1,18.8,0,0,0,0,0,0
Dec-20,12-2020,MCSP,0,0,0,0,0,0,0,0,0,0,0,0,0,0,0,0,0,0,0,0
Dec-20,12-2020,NKSP,6,6,0,0,0,0,1,1.6,0,0,0,0,0,0,0,0,1,0,0,0
Dec-20,12-2020,PBSP,0,0,0,0,0,0,0,0,0,0,0,0,0,0,0,0,0,0,0,0
Dec-20,12-2020,PVSP,3,3,0,0,0,0,2,19.38,0,0,1,23.89,0,0,0,0,0,0,0,0
Dec-20,12-2020,RJD,7,8,0,0,0,0,1,112,1,0.2,6,89.6,1,122,0,0,0,0,0,0
Dec-20,12-2020,SAC,22,22,0,0,0,0,5,107.72,3,74.87,3,70.17,1,565,0,0,0,0,0,0
Dec-20,12-2020,SATF,7,8,0,0,0,0,1,1.2,0,0,2,424.5,0,0,1,45.3,0,0,0,0
Dec-20,12-2020,SCC,43,109,0,0,0,0,1,1.1,9,699,4,44.9,8,7567.267,0,0,2,7,0,0
Dec-20,12-2020,SOL,16,31,0,0,0,0,1,1.1,1,0.4,1,1,0,0,0,0,0,0,0,0
Dec-20,12-2020,SQ,15,16,0,0,0,0,2,31.33,0,0,3,57.87,0,0,0,0,2,0.08,0,0
Dec-20,12-2020,SVSP,23,59,0,0,0,0,0,0,1,14.88,1,2.92,1,22.32,2,26.81,3,0.53,0,0
Dec-20,12-2020,VSP,0,0,0,0,0,0,0,0,0,0,0,0,0,0,0,0,0,0,0,0
Dec-20,12-2020,WSP,1,1,0,0,0,0,0,0,0,0,0,0,0,0,0,0,0,0,0,0