SearchDate,MonthYear,Institution,Cocaine,Hash,Heroin,Marijuana,Methamphetamine,Butane_Oil,Suboxone,Fentanyl,Total
Jan-18,01-2018,ASP,0.0,0.0,0.2,2.6,0.0,0.0,0.0,0.0,2.8000000000000003
Jan-18,01-2018,CAC,0.0,0.0,0.0,0.0,0.0,0.0,0.0,0.0,0.0
Jan-18,01-2018,CAL,0.0,0.0,571.4200000000001,213.34,3.9699999999999998,0.0,0.0,0.0,788.7300000000001
Jan-18,01-2018,CCC,0.0,1.8,0.0,4990.79,1.9,0.0,0.0,0.0,4994.49
Jan-18,01-2018,CCI,0.0,0.0,1.96,0.0,38.19,0.0,0.0,0.0,40.15
Jan-18,01-2018,CCWF,0.0,0.0,5.9,0.0,0.0,0.0,0.0,0.0,5.9
Jan-18,01-2018,CEN,0.0,0.0,7.0,72.5,31.0,0.0,0.0,0.0,110.5
Jan-18,01-2018,CHCF,0.0,0.0,0.0,17.53,0.0,0.0,0.0,0.0,17.53
Jan-18,01-2018,CIM,0.0,0.0,0.0,9.8,0.0,0.0,0.0,0.0,9.8
Jan-18,01-2018,CIW,0.0,0.0,31.9,5.4,50.8,0.0,0.0,0.0,88.1
Jan-18,01-2018,CMC,0.0,0.0,0.0,107.59,0.0,0.0,0.0,0.0,107.59
Jan-18,01-2018,CMF,0.0,0.01,0.0,55.0,7.363,0.0,0.0,0.0,62.373
Jan-18,01-2018,COR,0.0,0.0,20.8,1236.3,40.5,0.0,0.0,0.0,1297.6
Jan-18,01-2018,CRC,0.0,0.0,18.5,74.30000000000001,1.6,0.0,0.0,0.0,94.4
Jan-18,01-2018,CTF,0.0,0.0,3.6799999999999997,15.45,0.01,0.0,0.0,0.0,19.14
Jan-18,01-2018,CVSP,0.0,0.0,0.0,0.0,0.0,0.0,0.0,0.0,0.0
Jan-18,01-2018,DVI,0.0,0.0,3.9219999999999997,34.881,0.0,0.0,0.0,0.0,38.803
Jan-18,01-2018,FOL,0.0,0.0,0.1,440.15999999999997,13.0,0.0,0.0,0.0,453.26
Jan-18,01-2018,HDSP,0.0,0.0,5.0,10.0,0.0,0.0,0.0,0.0,15.0
Jan-18,01-2018,ISP,0.0,0.0,22.3,0.0,13.12,0.0,0.0,0.0,35.42
Jan-18,01-2018,KVSP,0.0,0.0,49.72,0.6,151.4,0.0,0.0,0.0,201.72
Jan-18,01-2018,LAC,0.0,0.0,7.07,114.44999999999999,32.370000000000005,0.0,0.0,0.0,153.89
Jan-18,01-2018,MCSP,0.0,0.0,59.199999999999996,64.0,87.6,0.0,0.0,0.0,210.79999999999998
Jan-18,01-2018,NKSP,0.0,0.0,0.0,93.1,0.0,0.0,0.0,0.0,93.1
Jan-18,01-2018,PBSP,0.0,0.0,0.0,0.0,0.0,0.0,0.0,0.0,0.0
Jan-18,01-2018,PVSP,0.0,0.0,88.1,6.59,48.17,0.0,0.0,0.0,142.86
Jan-18,01-2018,RJD,33.8,0.0,38.2,30.5,0.0,0.0,0.0,0.0,102.5
Jan-18,01-2018,SAC,0.0,0.0,8.97,1.6,48.910000000000004,0.0,0.0,0.0,59.480000000000004
Jan-18,01-2018,SATF,0.0,0.0,1.23,0.0,72.9,0.0,0.0,0.0,74.13000000000001
Jan-18,01-2018,SCC,0.0,0.0,0.0,0.0,31.2,0.0,0.0,0.0,31.2
Jan-18,01-2018,SOL,0.0,0.0,19.5,370.8,26.6,0.0,0.0,0.0,416.90000000000003
Jan-18,01-2018,SQ,0.0,0.0,116.44,154.8,347.65,0.0,0.0,0.0,618.89
Jan-18,01-2018,SVSP,33.8,0.0,243.76,85.58,66.08,0.0,0.0,0.0,429.21999999999997
Jan-18,01-2018,VSP,0.0,0.0,0.0,94.2,2.83,0.0,0.0,0.0,97.03
Jan-18,01-2018,WSP,0.0,0.0,0.0,0.0,0.0,0.0,0.0,0.0,0.0
Feb-18,02-2018,ASP,0.0,0.0,0.0,0.0,3.14,0.0,0.0,0.0,3.14
Feb-18,02-2018,CAC,0.0,0.0,0.0,0.0,0.0,0.0,0.0,0.0,0.0
Feb-18,02-2018,CAL,0.0,0.0,144.8,9.02,31.3,0.0,0.0,0.0,185.12000000000003
Feb-18,02-2018,CCC,0.0,0.0,0.0,133.3,5.42,0.0,0.0,0.0,138.72
Feb-18,02-2018,CCI,0.0,0.0,11.86,0.0,18.88,0.0,0.0,0.0,30.74
Feb-18,02-2018,CCWF,0.0,0.0,28.4,7.8,0.0,0.0,0.0,0.0,36.199999999999996
Feb-18,02-2018,CEN,0.0,0.0,0.0,94.96,54.5,0.0,0.0,0.0,149.45999999999998
Feb-18,02-2018,CHCF,0.0,0.0,0.0,4.71,0.0,0.0,0.0,0.0,4.71
Feb-18,02-2018,CIM,0.0,0.0,0.0,3.4,1.0,0.0,0.0,0.0,4.4
Feb-18,02-2018,CIW,0.0,0.0,12.67,0.68,52.42,0.0,0.0,0.0,65.77
Feb-18,02-2018,CMC,0.0,0.0,0.0,440.9,1.2,0.0,0.0,0.0,442.09999999999997
Feb-18,02-2018,CMF,0.0,0.0,0.0,0.0,6.431,0.0,0.0,0.0,6.431
Feb-18,02-2018,COR,0.0,0.0,83.04,428.8,80.5,0.0,0.0,0.0,592.34
Feb-18,02-2018,CRC,0.0,0.0,13.1,213.5,29.2,0.0,0.0,0.0,255.79999999999998
Feb-18,02-2018,CTF,0.0,0.0,13.57,0.48,22.15,0.0,0.0,0.0,36.2
Feb-18,02-2018,CVSP,0.0,0.0,0.0,0.0,0.0,0.0,0.0,0.0,0.0
Feb-18,02-2018,DVI,0.0,0.0,1.6,0.0,74.0,0.0,0.0,0.0,75.6
Feb-18,02-2018,FOL,0.0,0.0,0.7,95.3,4.32,0.0,0.0,0.0,100.32
Feb-18,02-2018,HDSP,0.0,0.0,103.1,110.69999999999999,108.80000000000001,0.0,0.0,0.0,322.6
Feb-18,02-2018,ISP,0.0,0.0,0.1,0.0,14.48,0.0,0.0,0.0,14.58
Feb-18,02-2018,KVSP,0.0,0.0,549.3,154.9,343.1,0.0,0.0,0.0,1047.3
Feb-18,02-2018,LAC,0.0,0.0,75.3,184.82,27.0,0.0,0.0,0.0,287.12
Feb-18,02-2018,MCSP,0.0,0.0,4.2,0.2,33.2,7.8,0.0,0.0,45.4
Feb-18,02-2018,NKSP,0.0,0.0,32.0,110.9,37.7,0.0,0.0,0.0,180.60000000000002
Feb-18,02-2018,PBSP,0.0,0.0,0.20199999999999999,0.0,0.5,0.0,0.0,0.0,0.702
Feb-18,02-2018,PVSP,0.0,0.0,0.0,0.0,63.74,0.0,0.0,0.0,63.74
Feb-18,02-2018,RJD,0.0,0.0,76.10000000000001,121.1,41.9,0.0,0.0,0.0,239.1
Feb-18,02-2018,SAC,0.0,0.0,3.641,5.48,745.69,0.0,0.0,0.0,754.811
Feb-18,02-2018,SATF,0.0,0.0,18.099999999999998,0.0,221.7,0.0,0.0,0.0,239.79999999999998
Feb-18,02-2018,SCC,0.0,0.0,0.0,26.400000000000002,133.5,0.0,0.0,0.0,159.9
Feb-18,02-2018,SOL,0.0,0.6,1.0,1.3,0.6,0.6,0.0,0.0,4.1000000000000005
Feb-18,02-2018,SQ,0.0,0.0,60.019999999999996,9.78,7.47,0.0,0.0,0.0,77.27
Feb-18,02-2018,SVSP,0.0,0.0,54.03,64.564,51.67,0.0,0.0,0.0,170.264
Feb-18,02-2018,VSP,0.0,0.0,0.0,0.0,0.68,0.0,0.0,0.0,0.68
Feb-18,02-2018,WSP,234.6,0.0,292.49,225.62,177.35,0.0,0.0,0.0,930.0600000000001
Mar-18,03-2018,ASP,0.0,0.0,0.3,0.0,99.27,0.0,0.0,0.0,99.57
Mar-18,03-2018,CAC,0.0,0.0,0.0,0.0,0.0,0.0,0.0,0.0,0.0
Mar-18,03-2018,CAL,0.0,726.0,51.91,3399.05,0.5,0.0,0.0,0.0,4177.46
Mar-18,03-2018,CCC,0.0,0.0,0.0,595.4,0.5,0.0,0.0,0.0,595.9
Mar-18,03-2018,CCI,0.0,0.0,0.0,0.0,0.0,0.0,0.0,0.0,0.0
Mar-18,03-2018,CCWF,0.0,0.0,6.7,0.0,58.4,0.0,0.0,0.0,65.1
Mar-18,03-2018,CEN,0.0,0.0,79.7,36.9,14.4,0.0,0.0,0.0,131.0
Mar-18,03-2018,CHCF,0.0,0.0,0.0,2.35,0.0,0.0,0.0,0.0,2.35
Mar-18,03-2018,CIM,0.0,0.0,15.0,3.3,16.3,0.0,0.0,0.0,34.6
Mar-18,03-2018,CIW,0.0,0.0,17.56,0.3,57.4,0.0,0.0,0.0,75.25999999999999
Mar-18,03-2018,CMC,0.0,0.0,0.0,0.0,0.35100000000000003,0.0,0.0,0.0,0.35100000000000003
Mar-18,03-2018,CMF,0.0,0.0,4.699999999999999,0.0,0.0,0.0,0.0,0.0,4.699999999999999
Mar-18,03-2018,COR,0.0,0.0,54.8,378.0,6.2,0.0,0.0,0.0,439.0
Mar-18,03-2018,CRC,0.0,0.0,4.7,3.9,18.5,0.0,0.0,0.0,27.1
Mar-18,03-2018,CTF,0.0,0.0,1.3399999999999999,4.13,1.05,0.0,0.0,0.0,6.52
Mar-18,03-2018,CVSP,0.0,0.0,0.0,0.0,0.0,0.0,0.0,0.0,0.0
Mar-18,03-2018,DVI,0.0,0.0,0.0,0.5,2.7,0.0,0.0,0.0,3.2
Mar-18,03-2018,FOL,0.0,15.0,32.8,104.39999999999999,90.8,15.0,0.0,0.0,258.0
Mar-18,03-2018,HDSP,0.6,0.0,0.3,10.5,132.4,0.0,0.0,0.0,143.8
Mar-18,03-2018,ISP,0.0,0.0,8.19,3.06,7.34,0.0,0.0,0.0,18.59
Mar-18,03-2018,KVSP,0.0,0.0,220.6546,330.21,428.1,0.0,0.0,0.0,978.9646
Mar-18,03-2018,LAC,0.0,0.0,27.4,193.48,76.06,0.0,0.0,0.0,296.94
Mar-18,03-2018,MCSP,0.0,0.0,28.4,0.0,0.0,0.0,0.0,0.0,28.4
Mar-18,03-2018,NKSP,0.0,0.0,22.35,393.4,22.0,0.0,0.0,0.0,437.75
Mar-18,03-2018,PBSP,0.0,0.0,2.6,0.1,11.0,0.0,0.0,0.0,13.7
Mar-18,03-2018,PVSP,0.0,0.0,0.0,80.04,28.17,0.0,0.0,0.0,108.21000000000001
Mar-18,03-2018,RJD,0.8,0.0,10.4,249.8,7.9,0.0,0.0,0.0,268.9
Mar-18,03-2018,SAC,0.0,0.0,150.16,246.35,60.69,0.0,0.0,0.0,457.2
Mar-18,03-2018,SATF,4.8,0.0,54.1,18.8,67.80000000000001,57.8,0.0,0.0,203.3
Mar-18,03-2018,SCC,0.0,0.0,10.0,177.2,56.669,0.0,0.0,0.0,243.86899999999997
Mar-18,03-2018,SOL,0.0,0.8,4.6,15.7,0.7,0.8,0.0,0.0,22.599999999999998
Mar-18,03-2018,SQ,0.0,0.0,62.46,239.81,284.43,0.0,0.0,0.0,586.7
Mar-18,03-2018,SVSP,0.0,0.0,199.02700000000002,518.138,300.20799999999997,30.03,0.0,0.0,1047.403
Mar-18,03-2018,VSP,0.0,0.0,8.86,22.53,0.0,0.0,0.0,0.0,31.39
Mar-18,03-2018,WSP,0.0,0.0,11.3,52.58,46.53,2.13,0.0,0.0,112.53999999999999
Apr-18,04-2018,ASP,0.0,0.0,205.18,0.0,0.0,0.0,0.0,0.0,205.18
Apr-18,04-2018,CAC,0.0,0.0,15.54,0.0,0.0,0.0,0.0,0.0,15.54
Apr-18,04-2018,CAL,0.0,0.0,35.12,108.85,0.2,0.0,0.0,0.0,144.17
Apr-18,04-2018,CCC,12.1,0.0,69.0,27.9,152.6,0.0,0.0,0.0,261.6
Apr-18,04-2018,CCI,0.0,0.0,0.0,0.0,8.1,0.0,0.0,0.0,8.1
Apr-18,04-2018,CCWF,0.0,0.0,0.0,0.0,0.0,0.0,0.0,0.0,0.0
Apr-18,04-2018,CEN,0.0,0.0,32.2,14.9,0.5,0.0,0.0,0.0,47.6
Apr-18,04-2018,CHCF,0.0,0.0,0.0,0.0,2.18,0.0,0.0,0.0,2.18
Apr-18,04-2018,CIM,0.0,0.0,0.5,10.7,1.7,0.0,0.0,0.0,12.899999999999999
Apr-18,04-2018,CIW,0.0,0.0,0.0,0.0,5.6,0.0,0.0,0.0,5.6
Apr-18,04-2018,CMC,0.0,0.0,0.0,20.0,20.0,0.0,0.0,0.0,40.0
Apr-18,04-2018,CMF,0.0,0.0,0.45299999999999996,39.827,11.868,0.07400000000000001,0.0,0.0,52.222
Apr-18,04-2018,COR,0.0,0.0,0.2,77.2,10.9,0.0,0.0,0.0,88.30000000000001
Apr-18,04-2018,CRC,0.0,0.0,36.9,213.5,85.4,0.0,0.0,0.0,335.8
Apr-18,04-2018,CTF,0.0,0.0,11.19,0.024,0.0,0.0,0.0,0.0,11.213999999999999
Apr-18,04-2018,CVSP,0.0,0.0,0.0,0.0,0.0,0.0,0.0,0.0,0.0
Apr-18,04-2018,DVI,0.0,0.0,0.0,1.0,0.0,1.0,0.0,0.0,2.0
Apr-18,04-2018,FOL,0.0,0.0,26.21,59.400000000000006,19.5,0.0,0.0,0.0,105.11000000000001
Apr-18,04-2018,HDSP,0.0,0.0,18.41,23.5,58.9,61.2,0.0,0.0,162.01
Apr-18,04-2018,ISP,0.0,0.0,7.48,0.06,6.42,0.0,0.0,0.0,13.96
Apr-18,04-2018,KVSP,0.0,0.0,14.32,20.0,242.0,0.0,0.0,0.0,276.32
Apr-18,04-2018,LAC,0.0,0.0,10.32,199.09,128.82,0.0,0.0,0.0,338.23
Apr-18,04-2018,MCSP,0.0,0.0,49.4,18.6,45.0,0.0,0.0,0.0,113.0
Apr-18,04-2018,NKSP,0.0,0.0,106.3,39.8,126.5,0.0,0.0,0.0,272.6
Apr-18,04-2018,PBSP,0.0,0.0,1.0,0.0,2.6,0.0,0.0,0.0,3.6
Apr-18,04-2018,PVSP,0.0,0.0,0.0,0.29,4.3,0.29,0.0,0.0,4.88
Apr-18,04-2018,RJD,0.0,0.0,10.3,9.8,31.9,0.0,0.0,0.0,52.0
Apr-18,04-2018,SAC,0.0,0.0,33.8201,95.25,32.36,0.0,0.0,0.0,161.43009999999998
Apr-18,04-2018,SATF,0.0,0.0,16.32,0.0,129.2,0.0,0.0,0.0,145.51999999999998
Apr-18,04-2018,SCC,0.0,0.0,8.876,211.60000000000002,359.5,0.0,0.0,0.0,579.976
Apr-18,04-2018,SOL,0.0,0.0,4.0,88.89999999999999,6.1,0.0,0.0,0.0,98.99999999999999
Apr-18,04-2018,SQ,6.71,0.48,0.0,64.85,0.0,0.0,0.0,0.0,72.03999999999999
Apr-18,04-2018,SVSP,0.0,0.0,52.6,183.38099999999997,132.953,30.81,0.0,0.0,399.74399999999997
Apr-18,04-2018,VSP,0.0,0.0,0.34,3.0,0.0,0.0,0.0,0.0,3.34
Apr-18,04-2018,WSP,0.0,0.0,5.82,76.94,26.0,0.0,0.0,0.0,108.75999999999999
May-18,05-2018,ASP,0.0,0.0,6.1,4.3,6.1,0.0,0.0,0.0,16.5
May-18,05-2018,CAC,0.0,0.37,118.01,66.0,119.42,0.0,0.0,0.0,303.8
May-18,05-2018,CAL,0.0,0.0,56.85,4.85,94.8,0.8,0.0,0.0,157.3
May-18,05-2018,CCC,0.0,0.0,0.0,261.9,22.5,0.0,0.0,0.0,284.4
May-18,05-2018,CCI,0.0,0.0,25.95,11.73,5.28,0.0,0.0,0.0,42.96
May-18,05-2018,CCWF,0.0,0.0,1.0,0.0,1.0,0.0,0.0,0.0,2.0
May-18,05-2018,CEN,0.0,5.0,68.8,345.9,125.5,0.0,0.0,0.0,545.2
May-18,05-2018,CHCF,0.0,0.0,0.7,2.88,0.0,0.0,0.0,0.0,3.58
May-18,05-2018,CIM,0.0,0.0,0.0,0.0,0.25,0.0,0.0,0.0,0.25
May-18,05-2018,CIW,0.0,0.0,22.0,0.0,2.5,0.0,0.0,0.0,24.5
May-18,05-2018,CMC,0.0,0.0,22.01,0.0,3.0,0.0,0.0,0.0,25.01
May-18,05-2018,CMF,0.0,0.0,0.0,113.52000000000001,22.5,0.0,0.0,0.0,136.02
May-18,05-2018,COR,0.0,0.0,26.8,226.1,21.4,0.0,0.0,0.0,274.3
May-18,05-2018,CRC,0.0,0.0,0.8,26.6,3.28,0.0,0.0,0.0,30.680000000000003
May-18,05-2018,CTF,0.0,0.0,0.25,46.374,14.84,0.0,0.0,0.0,61.464
May-18,05-2018,CVSP,0.0,0.0,0.0,0.0,68.0,0.0,0.0,0.0,68.0
May-18,05-2018,DVI,0.0,0.0,2.0,31.965,2.21,0.0,0.0,0.0,36.175000000000004
May-18,05-2018,FOL,0.0,0.0,62.71,235.31,64.91,0.0,0.0,0.0,362.92999999999995
May-18,05-2018,HDSP,0.0,0.0,3.6,295.69,16.6,5.7,0.0,0.0,321.59000000000003
May-18,05-2018,ISP,0.0,0.0,0.77,6.24,40.52,0.0,0.0,0.0,47.53
May-18,05-2018,KVSP,0.0,0.0,0.98,159.9,20.41,0.0,0.0,0.0,181.29
May-18,05-2018,LAC,0.0,0.0,6.2,124.859,22.2,0.0,0.0,0.0,153.259
May-18,05-2018,MCSP,0.0,0.0,1.0,129.5,0.0,0.0,0.0,0.0,130.5
May-18,05-2018,NKSP,0.0,0.0,39.8,82.2,5.3,0.0,0.0,0.0,127.3
May-18,05-2018,PBSP,0.0,0.0,61.0,0.0,0.0,0.0,0.0,0.0,61.0
May-18,05-2018,PVSP,0.0,0.0,83.44,131.52,0.7,0.0,0.0,0.0,215.66
May-18,05-2018,RJD,0.0,0.0,13.4,47.6,16.6,0.0,0.0,0.0,77.6
May-18,05-2018,SAC,0.0,10.68,103.221,40.339999999999996,9.09,0.0,0.0,0.0,163.33100000000002
May-18,05-2018,SATF,0.0,0.0,0.12,19.61,103.21,0.0,0.0,0.0,122.94
May-18,05-2018,SCC,0.0,0.0,7.295,103.7,152.857,0.0,0.0,0.0,263.852
May-18,05-2018,SOL,0.0,0.0,0.0,83.8,3.7,1.8,0.0,0.0,89.3
May-18,05-2018,SQ,0.0,0.0,27.71,75.97,1.25,0.0,0.0,0.0,104.93
May-18,05-2018,SVSP,0.0,0.0,69.02000000000001,906.218,4.3629999999999995,14.74,0.0,0.0,994.3409999999999
May-18,05-2018,VSP,0.0,0.0,27.49,125.09,73.01,0.0,0.0,0.0,225.59000000000003
May-18,05-2018,WSP,0.0,0.0,0.63,0.0,19.46,0.0,0.0,0.0,20.09
Jun-18,06-2018,ASP,0.0,0.0,8.54,0.0,54.77,0.0,0.0,0.0,63.31
Jun-18,06-2018,CAC,0.0,0.0,0.0,6.69,0.0,0.0,0.0,0.0,6.69
Jun-18,06-2018,CAL,0.0,0.0,14.6,23.8,4.6,0.0,0.0,0.0,43.0
Jun-18,06-2018,CCC,0.0,0.0,1.5,19077.77,9.600000000000001,0.0,0.0,0.0,19088.87
Jun-18,06-2018,CCI,0.0,0.0,54.75,0.0,46.91,0.0,0.0,0.0,101.66
Jun-18,06-2018,CCWF,0.0,0.0,0.0,0.0,28.6,0.0,0.0,0.0,28.6
Jun-18,06-2018,CEN,0.0,0.0,69.2,207.1,39.0,0.0,0.0,0.0,315.3
Jun-18,06-2018,CHCF,0.0,0.0,0.0,66.46000000000001,25.63,0.0,0.0,0.0,92.09
Jun-18,06-2018,CIM,0.0,0.0,1.1,22.3,5.4,0.0,0.0,0.0,28.800000000000004
Jun-18,06-2018,CIW,0.0,0.0,22.4,0.0,84.18,0.0,0.0,0.0,106.58000000000001
Jun-18,06-2018,CMC,0.0,0.0,1.4,24.9,74.1,0.0,0.0,0.0,100.39999999999999
Jun-18,06-2018,CMF,0.0,0.0,0.0,0.3,0.0,0.0,0.0,0.0,0.3
Jun-18,06-2018,COR,0.0,0.0,82.19999999999999,0.1,1.8,0.0,0.0,0.0,84.09999999999998
Jun-18,06-2018,CRC,0.0,0.0,0.4,71.1,1.6,0.0,0.0,0.0,73.1
Jun-18,06-2018,CTF,0.0,0.0,13.45,17.7,9.469999999999999,0.0,0.0,0.0,40.62
Jun-18,06-2018,CVSP,0.0,0.0,0.0,0.0,0.0,0.0,0.0,0.0,0.0
Jun-18,06-2018,DVI,0.0,0.0,0.0,54.5,0.0,0.0,0.0,0.0,54.5
Jun-18,06-2018,FOL,0.0,0.0,2.6,1.8,5.7,0.0,0.0,0.0,10.100000000000001
Jun-18,06-2018,HDSP,0.0,0.0,0.0,8.3,23.4,4.0,0.0,0.0,35.7
Jun-18,06-2018,ISP,0.0,0.0,55.989999999999995,86.01,65.9,0.0,0.0,0.0,207.9
Jun-18,06-2018,KVSP,0.0,0.0,87.3,35.7,93.72,0.0,0.0,0.0,216.72
Jun-18,06-2018,LAC,0.0,0.0,197.96,92.5,5.0,21.8,0.0,0.0,317.26000000000005
Jun-18,06-2018,MCSP,0.0,0.0,0.3,0.0,0.0,0.0,0.0,0.0,0.3
Jun-18,06-2018,NKSP,0.0,0.0,0.5,3.4,1.2,0.0,0.0,0.0,5.1
Jun-18,06-2018,PBSP,0.0,0.0,0.3,0.0,0.0,0.0,0.0,0.0,0.3
Jun-18,06-2018,PVSP,0.0,0.0,100.81,84.5,24.27,0.0,0.0,0.0,209.58
Jun-18,06-2018,RJD,0.0,0.0,36.7,270.9,107.5,0.0,0.0,0.0,415.09999999999997
Jun-18,06-2018,SAC,0.0,0.0,69.68,0.0,1.8900000000000001,0.0,0.0,0.0,71.57000000000001
Jun-18,06-2018,SATF,0.0,0.0,1.3,4.0,26.5,0.0,0.0,0.0,31.8
Jun-18,06-2018,SCC,0.0,0.0,45.4,21.0,180.60000000000002,0.0,0.0,0.0,247.00000000000003
Jun-18,06-2018,SOL,0.0,0.0,111.5,113.89999999999999,11.6,6.1,0.0,0.0,243.09999999999997
Jun-18,06-2018,SQ,0.0,0.0,99.64999999999999,177.97,22.299999999999997,0.0,0.0,0.0,299.92
Jun-18,06-2018,SVSP,1.0,0.0,6.9,398.21999999999997,266.87,0.2,0.0,0.0,673.19
Jun-18,06-2018,VSP,0.0,0.0,45.59,0.0,114.25,0.0,0.0,0.0,159.84
Jun-18,06-2018,WSP,0.0,0.0,0.0,0.0,965.8,0.0,0.0,0.0,965.8
Jul-18,07-2018,ASP,0.0,0.0,109.34,1.06,15.06,0.0,0.0,0.0,125.46000000000001
Jul-18,07-2018,CAC,0.0,0.0,12.66,0.0,0.0,0.0,0.0,0.0,12.66
Jul-18,07-2018,CAL,0.1,0.0,29.4,0.28,40.3,3.3,0.0,0.0,73.38
Jul-18,07-2018,CCC,0.0,0.0,2.4,12.57,0.0,0.0,0.0,0.0,14.97
Jul-18,07-2018,CCI,0.0,0.0,2.42,0.0,7.72,0.0,0.0,0.0,10.14
Jul-18,07-2018,CCWF,0.0,0.0,8.0,0.0,18.0,0.0,0.0,0.0,26.0
Jul-18,07-2018,CEN,0.0,0.0,286.8,118.2,434.29999999999995,0.0,0.0,0.0,839.3
Jul-18,07-2018,CHCF,0.0,0.0,0.0,112.86,15.68,0.0,0.0,0.0,128.54
Jul-18,07-2018,CIM,0.0,0.0,0.5,0.0,2.7,0.0,0.0,0.0,3.2
Jul-18,07-2018,CIW,0.0,0.0,0.0,0.0,37.72,0.0,0.0,0.0,37.72
Jul-18,07-2018,CMC,0.0,0.0,21.35,0.02,0.03,0.0,0.0,0.0,21.400000000000002
Jul-18,07-2018,CMF,0.0,0.0,4.7,0.2,34.8,0.0,0.0,0.0,39.699999999999996
Jul-18,07-2018,COR,0.0,0.0,0.1,653.0,0.74,0.0,0.0,0.0,653.84
Jul-18,07-2018,CRC,0.0,0.0,7.6,1118.41,0.0,0.0,0.0,0.0,1126.01
Jul-18,07-2018,CTF,0.0,0.0,2.017,0.64,0.05,0.0,0.0,0.0,2.707
Jul-18,07-2018,CVSP,0.0,0.0,0.0,0.0,0.0,0.0,0.0,0.0,0.0
Jul-18,07-2018,DVI,0.0,0.0,0.165,10.359,2.1830000000000003,0.0,0.0,0.0,12.706999999999999
Jul-18,07-2018,FOL,0.0,0.0,0.1,10.6,0.9,0.0,0.0,0.0,11.6
Jul-18,07-2018,HDSP,0.0,0.0,53.04,22.8,55.8,3.4,0.0,0.0,135.04
Jul-18,07-2018,ISP,0.0,0.0,3.45,0.0,0.0,0.0,0.0,0.0,3.45
Jul-18,07-2018,KVSP,0.0,0.0,0.3,96.6,170.99,0.0,0.0,0.0,267.89
Jul-18,07-2018,LAC,0.0,0.0,16.72,43.93,24.1,7.9,0.0,0.0,92.65
Jul-18,07-2018,MCSP,0.0,0.0,5.1,42.29,19.0,26.3,0.0,0.0,92.69
Jul-18,07-2018,NKSP,0.0,0.0,6.2,4.4,0.4,0.0,0.0,0.0,11.000000000000002
Jul-18,07-2018,PBSP,0.0,0.0,0.0,0.01,0.0,0.0,0.0,0.0,0.01
Jul-18,07-2018,PVSP,0.0,0.0,61.02,0.0,62.6,6.2,0.0,0.0,129.82
Jul-18,07-2018,RJD,0.0,0.0,5.1,86.9,22.1,0.0,0.0,0.0,114.1
Jul-18,07-2018,SAC,0.0,0.0,25.200000000000003,79.64,1.67,0.0,0.0,0.0,106.51
Jul-18,07-2018,SATF,0.0,0.0,86.1,16.7,45.2,0.0,0.0,0.0,148.0
Jul-18,07-2018,SCC,0.0,0.0,7.6,0.2,85.87,0.0,0.0,0.0,93.67
Jul-18,07-2018,SOL,0.0,0.0,19.6,50.82,10.25,31.9,0.0,0.0,112.57
Jul-18,07-2018,SQ,0.0,0.0,62.06,576.02,317.45000000000005,0.0,0.0,0.0,955.53
Jul-18,07-2018,SVSP,0.0,0.0,340.55,26.2,119.08,0.0,0.0,0.0,485.83
Jul-18,07-2018,VSP,0.0,0.0,0.0,135.87,73.83,0.0,0.0,0.0,209.7
Jul-18,07-2018,WSP,0.0,0.0,7.49,2.66,0.3,0.0,0.0,0.0,10.450000000000001
Aug-18,08-2018,ASP,0.0,0.0,3.9701,1.78,0.0,1.78,0.0,0.0,7.5301
Aug-18,08-2018,CAC,0.0,0.0,557.12,19.4,0.0,0.0,0.0,0.0,576.52
Aug-18,08-2018,CAL,0.0,0.0,65.7,20.62,0.74,2.3,0.0,0.0,89.36
Aug-18,08-2018,CCC,0.0,0.0,3.5,0.26,1.1,2.9,0.0,0.0,7.76
Aug-18,08-2018,CCI,0.0,0.0,0.0,0.0,29.61,0.0,0.0,0.0,29.61
Aug-18,08-2018,CCWF,0.0,0.0,3.5,0.2,4.7,0.0,0.0,0.0,8.4
Aug-18,08-2018,CEN,0.0,0.0,198.1,142.7,35.0,0.0,0.0,0.0,375.79999999999995
Aug-18,08-2018,CHCF,0.0,0.0,0.0,193.57999999999998,0.0,0.0,0.0,0.0,193.57999999999998
Aug-18,08-2018,CIM,0.0,0.0,1.8,0.3,0.2,0.0,0.0,0.0,2.3000000000000003
Aug-18,08-2018,CIW,0.0,0.0,0.08,0.7,2.8,0.0,0.0,0.0,3.5799999999999996
Aug-18,08-2018,CMC,0.0,0.0,2.92,3.0,5.525,0.0,0.0,0.0,11.445
Aug-18,08-2018,CMF,0.0,0.0,0.21899999999999997,36.8,2.6,0.0,0.0,0.0,39.619
Aug-18,08-2018,COR,0.0,0.0,78.4,33.699999999999996,3.4,0.0,0.0,0.0,115.5
Aug-18,08-2018,CRC,0.0,0.0,78.2,98.4,485.4,0.0,0.0,0.0,662.0
Aug-18,08-2018,CTF,0.0,0.0,76.53,0.45,0.71,0.0,0.0,0.0,77.69
Aug-18,08-2018,CVSP,0.0,0.0,0.0,0.0,0.0,0.0,0.0,0.0,0.0
Aug-18,08-2018,DVI,0.0,0.74,0.667,84.123,4.252000000000001,0.0,0.0,0.0,89.782
Aug-18,08-2018,FOL,0.0,0.0,2.62,313.9,4.0,0.0,0.0,0.0,320.52
Aug-18,08-2018,HDSP,0.0,0.0,164.2,9.8,112.19999999999999,2.1,0.0,0.0,288.3
Aug-18,08-2018,ISP,0.0,0.0,56.46,1.22,0.0,69.72,0.0,0.0,127.4
Aug-18,08-2018,KVSP,0.0,0.0,4.04,157.1,60.07,38.2,0.0,0.0,259.40999999999997
Aug-18,08-2018,LAC,0.0,0.0,30.8,48.89,26.65,42.02,0.0,0.0,148.36
Aug-18,08-2018,MCSP,0.4,0.0,49.3,18.66,83.7,0.0,0.0,0.0,152.06
Aug-18,08-2018,NKSP,0.0,0.0,0.0,1.0,0.0,0.0,0.0,0.0,1.0
Aug-18,08-2018,PBSP,0.0,0.0,59.3,12.41,0.0,0.0,0.0,0.0,71.71
Aug-18,08-2018,PVSP,0.0,0.0,2.46,113.01,28.22,0.0,0.0,0.0,143.69
Aug-18,08-2018,RJD,0.0,0.0,2.1,0.9,1.8,0.0,0.0,0.0,4.8
Aug-18,08-2018,SAC,0.0,0.0,2.23,17.215,2.45,0.0,0.0,0.0,21.895
Aug-18,08-2018,SATF,0.0,0.0,19.8,3.4,6.6,4.4,0.0,0.0,34.199999999999996
Aug-18,08-2018,SCC,0.0,0.0,0.754,10.0,67.6,0.0,0.0,0.0,78.354
Aug-18,08-2018,SOL,0.0,0.0,30.1,349.5,5.4,2.8,0.0,0.0,387.8
Aug-18,08-2018,SQ,0.0,0.0,6.31,44.88,0.94,0.0,0.0,0.0,52.13
Aug-18,08-2018,SVSP,0.0,0.0,168.97,241.69,63.24,0.0,0.0,0.0,473.9
Aug-18,08-2018,VSP,0.0,0.0,0.0,8.04,1.86,0.0,0.0,0.0,9.899999999999999
Aug-18,08-2018,WSP,0.0,0.0,0.0,0.11,55.5,4.78,0.0,0.0,60.39
Sep-18,09-2018,ASP,0.0,0.0,6.8101,0.0,24.56,0.0,0.0,0.0,31.3701
Sep-18,09-2018,CAC,0.0,0.0,30.810000000000002,57.4,6.6,0.0,0.0,0.0,94.81
Sep-18,09-2018,CAL,0.0,0.0,77.30000000000001,4.2,152.9,0.0,0.0,0.0,234.40000000000003
Sep-18,09-2018,CCC,0.3,0.0,0.8,148.1,95.4,0.0,0.0,0.0,244.6
Sep-18,09-2018,CCI,0.0,0.0,7.44,4.66,0.23,0.0,0.0,0.0,12.330000000000002
Sep-18,09-2018,CCWF,0.0,0.0,10.4,7.5,28.5,0.0,0.0,0.0,46.4
Sep-18,09-2018,CEN,0.0,0.0,112.3,58.1,63.7,0.0,0.0,0.0,234.10000000000002
Sep-18,09-2018,CHCF,0.0,0.0,0.0,45.62,1.48,0.0,0.0,0.0,47.099999999999994
Sep-18,09-2018,CIM,0.0,0.0,0.0,0.0,15.3,0.0,0.0,0.0,15.3
Sep-18,09-2018,CIW,0.0,0.0,8.2,0.0,0.0,0.0,0.0,0.0,8.2
Sep-18,09-2018,CMC,0.0,0.0,25.03,56.451,42.08,0.0,0.0,0.0,123.56099999999999
Sep-18,09-2018,CMF,0.0,0.0,2.0,167.2,63.4,0.0,0.0,0.0,232.6
Sep-18,09-2018,COR,0.0,0.0,11.81,75.3,2.4,0.0,0.0,0.0,89.51
Sep-18,09-2018,CRC,0.0,0.0,0.2,11.4,448.8,0.0,0.0,0.0,460.40000000000003
Sep-18,09-2018,CTF,0.0,0.0,0.0,0.0,0.0,0.0,0.0,0.0,0.0
Sep-18,09-2018,CVSP,0.0,0.0,0.0,0.0,66.0,0.0,0.0,0.0,66.0
Sep-18,09-2018,DVI,0.0,0.0,45.751000000000005,58.24100000000001,73.72699999999999,0.0,0.0,0.0,177.719
Sep-18,09-2018,FOL,0.0,0.0,0.3,132.1,21.2,0.0,0.0,0.0,153.6
Sep-18,09-2018,HDSP,0.0,0.0,105.8,29.5,73.0,1.5,0.0,0.0,209.8
Sep-18,09-2018,ISP,0.0,0.0,9.41,0.0,0.0,0.0,0.0,0.0,9.41
Sep-18,09-2018,KVSP,0.0,0.0,32.3,54.6,56.22,0.0,0.0,0.0,143.12
Sep-18,09-2018,LAC,0.0,0.0,8.17,46.2,55.58,0.05,0.0,0.0,110.0
Sep-18,09-2018,MCSP,0.0,0.0,0.2,74.8,2.8,0.0,0.0,0.0,77.8
Sep-18,09-2018,NKSP,0.0,0.0,3.9000000000000004,85.9,32.3,0.0,0.0,0.0,122.10000000000001
Sep-18,09-2018,PBSP,0.0,0.01,0.0,0.0,0.0,0.0,0.0,0.0,0.01
Sep-18,09-2018,PVSP,0.0,0.0,90.56,156.34,1.06,13.55,0.0,0.0,261.51
Sep-18,09-2018,RJD,19.2,0.0,52.3,259.0,193.8,0.0,0.0,0.0,524.3
Sep-18,09-2018,SAC,0.0,0.0,48.77,1.46,1.35,0.0,0.0,0.0,51.580000000000005
Sep-18,09-2018,SATF,0.0,0.0,169.0,0.0,91.2,60.4,0.0,0.0,320.59999999999997
Sep-18,09-2018,SCC,0.0,0.0,1.9,133.39999999999998,180.4,0.0,0.0,0.0,315.7
Sep-18,09-2018,SOL,0.0,0.0,26.8,87.1,2.5,0.0,0.0,0.0,116.39999999999999
Sep-18,09-2018,SQ,0.0,0.0,30.85,1.09,16.89,0.0,0.0,0.0,48.83
Sep-18,09-2018,SVSP,0.0,0.0,121.2,222.9,77.164,1.2,0.0,0.0,422.464
Sep-18,09-2018,VSP,0.0,0.0,0.0,95.75999999999999,0.0,0.0,0.0,0.0,95.75999999999999
Sep-18,09-2018,WSP,0.0,0.0,0.85,11.15,22.05,0.0,0.0,0.0,34.05
Oct-18,10-2018,ASP,0.0,0.0,0.09,0.0,100.03,0.0,0.0,0.0,100.12
Oct-18,10-2018,CAC,0.0,0.0,0.0,75.8,62.2,0.0,0.0,0.0,138.0
Oct-18,10-2018,CAL,0.0,0.0,56.67,0.1,73.8,31.3,0.0,0.0,161.87
Oct-18,10-2018,CCC,0.0,0.0,0.10099999999999999,3.2,0.0,0.0,0.0,0.0,3.301
Oct-18,10-2018,CCI,0.0,0.0,22.05,0.0,164.49,0.0,0.0,0.0,186.54000000000002
Oct-18,10-2018,CCWF,0.0,0.0,0.1,2.3,0.8,0.0,0.0,0.0,3.2
Oct-18,10-2018,CEN,0.0,0.0,43.2,453.29999999999995,100.4,0.0,0.0,0.0,596.9
Oct-18,10-2018,CHCF,0.0,0.0,0.0,7.47,0.26,0.0,0.0,0.0,7.7299999999999995
Oct-18,10-2018,CIM,0.0,0.0,0.0,14.7,51.2,0.0,0.0,0.0,65.9
Oct-18,10-2018,CIW,0.0,0.0,0.0,0.0,123.7,0.0,0.0,0.0,123.7
Oct-18,10-2018,CMC,0.0,0.0,0.0,92.26,0.05,0.0,0.0,0.0,92.31
Oct-18,10-2018,CMF,0.3,0.0,46.0,161.2,0.0,0.0,0.0,0.0,207.5
Oct-18,10-2018,COR,0.0,0.0,15.8,2.0,25.1,0.0,0.0,0.0,42.900000000000006
Oct-18,10-2018,CRC,0.0,0.0,0.0,48.3,0.0,0.0,0.0,0.0,48.3
Oct-18,10-2018,CTF,0.0,0.0,7.720000000000001,0.0,0.0,0.0,0.0,0.0,7.720000000000001
Oct-18,10-2018,CVSP,0.0,0.0,0.0,0.0,0.0,0.0,0.0,0.0,0.0
Oct-18,10-2018,DVI,0.0,0.0,0.0,128.04000000000002,0.0,0.0,0.0,0.0,128.04000000000002
Oct-18,10-2018,FOL,0.0,0.0,8.9,16.9,47.7,0.0,0.0,0.0,73.5
Oct-18,10-2018,HDSP,0.0,0.0,5.0,1.2,42.2,0.0,0.0,0.0,48.400000000000006
Oct-18,10-2018,ISP,0.0,0.0,58.35,2.17,3.94,2.55,0.0,0.0,67.01
Oct-18,10-2018,KVSP,0.0,0.0,96.9,115.08,56.4,0.0,0.0,0.0,268.38
Oct-18,10-2018,LAC,0.0,0.0,44.32,73.6,2.58,0.0,0.0,0.0,120.49999999999999
Oct-18,10-2018,MCSP,0.0,0.0,58.0,20.6,106.39999999999999,0.0,0.0,0.0,185.0
Oct-18,10-2018,NKSP,0.0,0.0,0.0,0.0,1.0,0.0,0.0,0.0,1.0
Oct-18,10-2018,PBSP,0.0,0.0,5.2,0.0,1.0,0.0,0.0,0.0,6.2
Oct-18,10-2018,PVSP,0.0,0.0,0.37,5.1,1.79,0.0,0.0,0.0,7.26
Oct-18,10-2018,RJD,0.7,0.0,0.0,78.9,9.3,0.0,0.0,0.0,88.9
Oct-18,10-2018,SAC,0.0,0.0,6.6802,0.0001,0.0001,0.0,0.0,0.0,6.6804
Oct-18,10-2018,SATF,0.0,0.0,34.7,65.9,257.3,1.5,0.0,0.0,359.40000000000003
Oct-18,10-2018,SCC,0.5,0.0,91.80000000000001,263.5,360.79999999999995,0.0,0.0,0.0,716.5999999999999
Oct-18,10-2018,SOL,0.0,0.0,101.4,70.6,18.2,1.0,0.0,0.0,191.2
Oct-18,10-2018,SQ,0.0,0.0,23.23,138.6,2.52,0.0,0.0,0.0,164.35
Oct-18,10-2018,SVSP,0.0,0.0,113.08,134.5,134.101,0.0,0.0,0.0,381.681
Oct-18,10-2018,VSP,0.0,0.0,0.0,116.37,51.78,0.0,0.0,0.0,168.15
Oct-18,10-2018,WSP,0.0,0.0,75.32,0.0,23.57,0.0,0.0,0.0,98.88999999999999
Nov-18,11-2018,ASP,0.0,0.0,94.65,9.87,29.95,0.0,0.0,0.0,134.47
Nov-18,11-2018,CAC,0.0,0.0,1.9,0.0,0.0,0.0,0.0,0.0,1.9
Nov-18,11-2018,CAL,0.0,0.0,16.15,3.06,76.9,0.0,0.0,0.0,96.11
Nov-18,11-2018,CCC,0.0,0.0,0.1,1110.29,0.9,0.03,0.0,0.0,1111.32
Nov-18,11-2018,CCI,0.0,0.0,0.0,0.11,53.0,0.0,0.0,0.0,53.11
Nov-18,11-2018,CCWF,0.0,0.0,10.2,0.0,19.2,0.0,0.0,0.0,29.4
Nov-18,11-2018,CEN,0.0,0.0,18.2,71.10000000000001,23.2,0.0,0.0,0.0,112.50000000000001
Nov-18,11-2018,CHCF,0.0,0.0,0.0,23.76,5.14,0.0,0.0,0.0,28.900000000000002
Nov-18,11-2018,CIM,0.0,0.0,11.9,0.0,36.1,0.0,0.0,0.0,48.0
Nov-18,11-2018,CIW,0.0,0.0,0.0,0.0,121.1,0.0,0.0,0.0,121.1
Nov-18,11-2018,CMC,0.0,0.0,42.8,74.16,6.16,12.7,0.0,0.0,135.82
Nov-18,11-2018,CMF,0.0,0.0,4.0,127.814,1.0,0.0,0.0,0.0,132.814
Nov-18,11-2018,COR,0.0,0.0,4.7,74.4,9.5,0.0,0.0,0.0,88.60000000000001
Nov-18,11-2018,CRC,0.0,0.0,0.0,293.9,2.8,0.0,0.0,0.0,296.7
Nov-18,11-2018,CTF,0.0,0.0,18.0,0.94,0.0,0.0,0.0,0.0,18.94
Nov-18,11-2018,CVSP,0.0,0.0,0.0,0.0,0.0,0.0,0.0,0.0,0.0
Nov-18,11-2018,DVI,0.0,0.0,14.665,14.0,0.0,0.0,0.0,0.0,28.665
Nov-18,11-2018,FOL,0.0,0.0,2.4,25.32,2.71,0.0,0.0,0.0,30.43
Nov-18,11-2018,HDSP,0.0,0.0,77.2,3.4,72.1,0.0,0.0,0.0,152.7
Nov-18,11-2018,ISP,0.0,0.0,25.254,2.84,0.043,15.67,0.0,0.0,43.807
Nov-18,11-2018,KVSP,0.0,0.0,48.2,70.0,65.22,0.0,0.0,0.0,183.42000000000002
Nov-18,11-2018,LAC,0.0,0.0,12.71,287.44,366.2,0.0,0.0,0.0,666.3499999999999
Nov-18,11-2018,MCSP,0.0,43.9,4.64,8.2,0.0,0.0,0.0,0.0,56.739999999999995
Nov-18,11-2018,NKSP,0.0,0.0,209.2,28.6,52.1,0.0,0.0,0.0,289.9
Nov-18,11-2018,PBSP,0.0,0.0,58.8,0.0,0.0,0.0,0.0,0.0,58.8
Nov-18,11-2018,PVSP,0.0,0.0,1.6,15.55,6.19,0.0,0.0,0.0,23.340000000000003
Nov-18,11-2018,RJD,0.0,0.0,14.0,17.7,21.9,0.0,0.0,0.0,53.599999999999994
Nov-18,11-2018,SAC,0.0,0.0,2.51,184.41,47.3701,0.6,0.0,0.0,234.8901
Nov-18,11-2018,SATF,0.0,0.0,26.5,1.5,1.4,0.8,0.0,0.0,30.2
Nov-18,11-2018,SCC,0.4,0.0,0.75,506.135,220.66,0.0,0.0,0.0,727.9449999999999
Nov-18,11-2018,SOL,0.0,0.0,1.0,6.4,0.0,1.4,0.0,0.0,8.8
Nov-18,11-2018,SQ,0.0,0.0,0.11,72.58,1.38,0.0,0.0,0.0,74.07
Nov-18,11-2018,SVSP,0.0,0.0,20.03,2.6609999999999996,0.5,0.0,0.0,0.0,23.191000000000003
Nov-18,11-2018,VSP,0.0,0.0,21.49,54.99,44.97,0.0,0.0,0.0,121.45
Nov-18,11-2018,WSP,0.0,0.0,1.44,57.72,6.3,1.7,0.0,0.0,67.16
Dec-18,12-2018,ASP,0.0,0.0,59.79,0.0,13.92,0.0,0.0,0.0,73.71
Dec-18,12-2018,CAC,0.0,0.0,28.41,0.0,54.7,0.0,0.0,0.0,83.11
Dec-18,12-2018,CAL,0.0,0.0,597.4000000000001,83.95,27.0,60.1,0.0,0.0,768.4500000000002
Dec-18,12-2018,CCC,0.0,0.0,0.0,137.13,80.4,0.0,0.0,0.0,217.53
Dec-18,12-2018,CCI,0.0,0.0,19.88,0.0,17.61,0.0,0.0,0.0,37.489999999999995
Dec-18,12-2018,CCWF,0.0,0.0,124.0,16.8,65.4,0.0,0.0,0.0,206.20000000000002
Dec-18,12-2018,CEN,0.0,0.0,49.6,41.0,0.0,0.0,0.0,0.0,90.6
Dec-18,12-2018,CHCF,0.0,0.0,0.0,0.0,0.0,0.0,0.0,0.0,0.0
Dec-18,12-2018,CIM,0.0,0.0,0.0,17.2,0.0,0.0,0.0,0.0,17.2
Dec-18,12-2018,CIW,0.0,0.0,0.02,0.0,19.6,0.0,0.0,0.0,19.62
Dec-18,12-2018,CMC,0.0,0.0,78.85,330.98,67.5,0.0,0.0,0.0,477.33000000000004
Dec-18,12-2018,CMF,0.0,0.0,2.1,60.800000000000004,0.0,7.8,0.0,0.0,70.7
Dec-18,12-2018,COR,0.0,0.0,23.3,58.699999999999996,29.7,0.0,0.0,0.0,111.7
Dec-18,12-2018,CRC,0.0,0.0,0.2,212.2,97.5,0.0,0.0,0.0,309.9
Dec-18,12-2018,CTF,0.0,0.0,0.0,0.0,167.0,0.0,0.0,0.0,167.0
Dec-18,12-2018,CVSP,0.0,0.0,0.0,0.0,0.0,0.0,0.0,0.0,0.0
Dec-18,12-2018,DVI,0.0,0.0,0.0,128.14,86.514,0.0,0.0,0.0,214.654
Dec-18,12-2018,FOL,0.0,0.0,14.4,633.2,467.01000000000005,2.7,0.0,0.0,1117.3100000000002
Dec-18,12-2018,HDSP,0.0,0.0,281.0,149.0,46.300000000000004,0.0,0.0,0.0,476.3
Dec-18,12-2018,ISP,0.0,0.0,10.58,77.56,0.027999999999999997,0.0,0.0,0.0,88.168
Dec-18,12-2018,KVSP,0.0,0.0,221.33,145.82,100.42,0.0,0.0,0.0,467.57
Dec-18,12-2018,LAC,0.0,0.0,20.04,2.91,43.5,0.0,0.0,0.0,66.45
Dec-18,12-2018,MCSP,0.0,0.0,0.4,9.8,28.8,0.0,0.0,0.0,39.0
Dec-18,12-2018,NKSP,0.0,0.0,0.0,5.4,0.0,0.6,0.0,0.0,6.0
Dec-18,12-2018,PBSP,0.0,0.0,31.0,0.0,2.4,18.0,0.0,0.0,51.4
Dec-18,12-2018,PVSP,0.0,0.0,100.85,43.04,3.2,0.0,0.0,0.0,147.08999999999997
Dec-18,12-2018,RJD,0.0,0.0,16.5,57.5,2.1,0.0,0.0,0.0,76.1
Dec-18,12-2018,SAC,0.0,0.0,19.98,81.63,40.66,0.0,0.0,0.0,142.26999999999998
Dec-18,12-2018,SATF,0.0,0.0,0.6,33.8,144.3,0.0,0.0,0.0,178.70000000000002
Dec-18,12-2018,SCC,0.0,0.0,7.0,194.778,79.78899999999999,0.0,0.0,0.0,281.567
Dec-18,12-2018,SOL,0.0,0.0,0.1,2.9,0.0,0.4,0.0,0.0,3.4
Dec-18,12-2018,SQ,0.0,0.0,5.56,360.14,63.489999999999995,0.0,0.0,0.0,429.19
Dec-18,12-2018,SVSP,0.0,0.0,34.46,31.46,88.82,45.72,0.0,0.0,200.46
Dec-18,12-2018,VSP,0.0,0.0,9.2,65.95,0.8,0.0,0.0,0.0,75.95
Dec-18,12-2018,WSP,0.0,0.0,16.45,109.63,29.33,0.0,0.0,0.0,155.41
Jan-19,01-2019,ASP,0.0,0.0,13.27,0.0,0.0,0.0,6.787000000000001,0.0,20.057000000000002
Jan-19,01-2019,CAC,0.0,0.0,24.82,0.0,56.7,0.0,0.0,0.0,81.52000000000001
Jan-19,01-2019,CAL,10.0,0.0,113.28999999999999,24.71,26.24,0.0,0.0,0.0,174.24
Jan-19,01-2019,CCC,0.0,0.0,0.8,9.8,7.0,0.0,0.0,0.0,17.6
Jan-19,01-2019,CCI,129.3,0.0,84.56,14.37,66.89999999999999,0.0,0.0,0.0,295.13
Jan-19,01-2019,CCWF,0.0,0.0,44.2,0.0,12.7,0.0,0.0,0.0,56.900000000000006
Jan-19,01-2019,CEN,0.0,0.0,117.0,238.4,116.4,0.0,0.0,0.0,471.79999999999995
Jan-19,01-2019,CHCF,0.0,0.0,0.0,0.0,15.63,0.0,0.0,0.0,15.63
Jan-19,01-2019,CIM,0.0,0.0,14.0,5.3,41.4,0.0,0.0,0.0,60.7
Jan-19,01-2019,CIW,0.0,0.0,0.0,23.2,4.2,0.0,0.0,0.0,27.4
Jan-19,01-2019,CMC,0.83,0.0,16.66,1238.4699999999998,216.79,0.25,0.0,0.0,1472.9999999999998
Jan-19,01-2019,CMF,0.0,0.0,9.5,57.975,3.835,0.0,0.0,0.0,71.30999999999999
Jan-19,01-2019,COR,0.0,0.0,0.5,7.6,4.3,0.0,0.0,0.0,12.399999999999999
Jan-19,01-2019,CRC,0.0,0.0,1.98,0.0,18.93,0.0,0.0,0.0,20.91
Jan-19,01-2019,CTF,0.0,0.0,6.31,52.91,2.23,0.0,0.0,0.0,61.449999999999996
Jan-19,01-2019,CVSP,0.0,0.0,0.0,0.0,0.0,0.0,0.0,0.0,0.0
Jan-19,01-2019,DVI,0.0,0.0,4.5,79.395,0.204,0.0,0.0,0.0,84.09899999999999
Jan-19,01-2019,FOL,0.0,0.0,110.4,13.9,57.6,0.0,0.0,0.0,181.9
Jan-19,01-2019,HDSP,0.0,0.0,100.1,33.1,11.0,0.0,0.0,0.0,144.2
Jan-19,01-2019,ISP,0.0,0.0,154.12,0.0,469.32,0.0,0.0,0.0,623.44
Jan-19,01-2019,KVSP,53.1,0.0,87.0,152.03,91.83,21.6,0.0,0.0,405.56
Jan-19,01-2019,LAC,0.0,0.0,0.71,91.91499999999999,48.099999999999994,0.0,0.0,0.0,140.72499999999997
Jan-19,01-2019,MCSP,0.0,0.0,26.011,30.85,3.36,0.0,0.0,0.0,60.221000000000004
Jan-19,01-2019,NKSP,0.0,63.7,5.3,0.0,29.0,0.0,0.0,0.0,98.0
Jan-19,01-2019,PBSP,0.0,0.0,0.0,0.0,0.0,0.0,0.0,0.0,0.0
Jan-19,01-2019,PVSP,0.0,0.0,9.69,0.0,6.14,0.0,0.0,0.0,15.829999999999998
Jan-19,01-2019,RJD,0.0,0.0,69.9,140.3,34.0,0.0,0.0,0.0,244.20000000000002
Jan-19,01-2019,SAC,0.0,0.0,8.445,33.96,0.0,0.0,0.0,0.0,42.405
Jan-19,01-2019,SATF,0.0,0.0,0.0,11.9,41.1,0.0,0.0,0.0,53.0
Jan-19,01-2019,SCC,28.46,0.0,0.0,90.93,47.409,0.0,0.0,0.0,166.799
Jan-19,01-2019,SOL,0.9,0.0,9.3,1.0,0.0,4.7,0.0,0.0,15.900000000000002
Jan-19,01-2019,SQ,0.0,0.0,0.19,62.55,4.55,0.0,0.0,0.0,67.28999999999999
Jan-19,01-2019,SVSP,0.0,0.0,66.02,438.48,5.49,0.0,0.0,0.0,509.99
Jan-19,01-2019,VSP,0.0,0.0,78.0,305.26,188.0,0.0,0.0,0.0,571.26
Jan-19,01-2019,WSP,0.0,0.0,0.0,59.97,266.56,15.2,0.0,0.0,341.72999999999996
Feb-19,02-2019,ASP,0.0,0.0,4.79,0.0,5.49,0.0,0.0,0.0,10.280000000000001
Feb-19,02-2019,CAC,0.0,0.0,112.8,0.0,0.0,0.0,0.0,0.0,112.8
Feb-19,02-2019,CAL,0.0,0.0,4.4,694.64,41.82,52.57,0.0,0.0,793.4300000000001
Feb-19,02-2019,CCC,0.0,0.0,15.1,126.671,0.0,0.0,0.0,0.0,141.77100000000002
Feb-19,02-2019,CCI,0.0,0.0,293.01,75.60000000000001,23.37,0.0,0.0,0.0,391.98
Feb-19,02-2019,CCWF,0.0,0.0,24.3,38.4,46.3,0.0,0.0,0.0,109.0
Feb-19,02-2019,CEN,0.0,0.0,138.0,23.200000000000003,0.0,0.0,0.0,0.0,161.2
Feb-19,02-2019,CHCF,0.0,0.0,0.0,51.3,2.27,0.0,0.0,0.0,53.57
Feb-19,02-2019,CIM,0.0,0.0,38.6,9.6,59.2,0.0,0.0,0.0,107.4
Feb-19,02-2019,CIW,0.0,0.0,7.8,66.1,28.7,0.0,0.0,0.0,102.6
Feb-19,02-2019,CMC,0.0,0.0,0.0,15.0,0.2,0.0,0.0,0.0,15.2
Feb-19,02-2019,CMF,0.0,0.0,0.0,26.25,2.94,0.0,0.0,0.0,29.19
Feb-19,02-2019,COR,0.0,0.0,39.3,41.22,2.1,0.0,0.0,0.0,82.61999999999999
Feb-19,02-2019,CRC,0.0,0.0,0.0,123.3,7.5,0.0,0.0,0.0,130.8
Feb-19,02-2019,CTF,0.0,0.0,6.43,0.0,0.0,0.0,0.0,0.0,6.43
Feb-19,02-2019,CVSP,0.0,0.0,0.0,0.0,0.0,0.0,0.0,0.0,0.0
Feb-19,02-2019,DVI,0.0,0.0,0.5,2.296,10.0,0.0,0.0,0.0,12.796
Feb-19,02-2019,FOL,0.0,0.0,9.4,45.4,57.2,1.1,0.0,0.0,113.1
Feb-19,02-2019,HDSP,0.0,0.0,0.6,13.6,55.0,0.0,0.0,0.0,69.2
Feb-19,02-2019,ISP,0.0,0.0,8.530000000000001,0.0,0.0,0.0,0.0,0.0,8.530000000000001
Feb-19,02-2019,KVSP,0.0,0.0,32.8,3.8000000000000003,180.6146,0.1,0.0,0.0,217.31459999999998
Feb-19,02-2019,LAC,0.0,0.0,38.69,60.6,176.87,0.0,0.0,0.0,276.15999999999997
Feb-19,02-2019,MCSP,0.0,0.0,0.1,23.0,7.199999999999999,0.0,0.0,0.0,30.3
Feb-19,02-2019,NKSP,0.0,0.0,188.25,0.0,0.0,0.0,0.0,0.0,188.25
Feb-19,02-2019,PBSP,0.0,0.0,0.0,0.0,0.0,0.0,0.0,0.0,0.0
Feb-19,02-2019,PVSP,0.0,0.0,63.81,33.46,56.93,21.41,0.0,0.0,175.61
Feb-19,02-2019,RJD,0.0,0.0,17.4,2.1,4.5,0.0,0.0,0.0,24.0
Feb-19,02-2019,SAC,0.0,0.0,254.63,79.81,1e-05,0.0,0.0,0.0,334.44001
Feb-19,02-2019,SATF,0.0,0.0,57.7,4.0,28.8,71.6,0.0,0.0,162.1
Feb-19,02-2019,SCC,0.0,0.0,10.16,90.6,5.9,0.0,0.0,0.0,106.66
Feb-19,02-2019,SOL,0.0,0.1,0.9,33.0,9.3,0.0,0.0,0.0,43.3
Feb-19,02-2019,SQ,0.0,0.0,0.0,16.88,6.99,0.0,0.0,0.0,23.869999999999997
Feb-19,02-2019,SVSP,0.0,0.0,160.0,17.31,2.64,110.9,0.0,0.0,290.85
Feb-19,02-2019,VSP,0.0,0.0,0.0,0.0,23.37,0.0,0.0,0.0,23.37
Feb-19,02-2019,WSP,0.0,0.0,1.5,1.51,0.0,0.0,0.0,0.0,3.01
Mar-19,03-2019,ASP,0.0,0.0,0.0,0.0,29.64,0.0,0.0,0.0,29.64
Mar-19,03-2019,CAC,0.0,0.0,0.63,65.6,32.53,0.0,0.0,0.0,98.75999999999999
Mar-19,03-2019,CAL,0.0,0.0,208.8,156.04,0.1,75.0,0.0,0.0,439.94000000000005
Mar-19,03-2019,CCC,0.0,0.0,1.3,62.6,0.0,0.0,0.0,0.0,63.9
Mar-19,03-2019,CCI,0.0,0.0,25.22,28.6,55.12,0.0,0.0,10.06,119.0
Mar-19,03-2019,CCWF,0.0,0.0,2.8,0.8,54.0,0.0,0.0,0.0,57.6
Mar-19,03-2019,CEN,0.0,0.0,366.5,23.2,28.4,0.0,0.0,0.0,418.09999999999997
Mar-19,03-2019,CHCF,0.0,0.0,0.0,32.5,0.14,0.0,0.0,0.0,32.64
Mar-19,03-2019,CIM,0.0,0.0,8.0,8.6,24.1,0.0,0.0,0.0,40.7
Mar-19,03-2019,CIW,0.0,0.0,0.0,0.0,13.9,0.0,0.0,0.0,13.9
Mar-19,03-2019,CMC,5.1,0.0,55.7,0.02,108.626,0.0,0.0,0.0,169.44600000000003
Mar-19,03-2019,CMF,0.0,0.0,0.0,70.67,0.0,0.65,0.0,0.0,71.32000000000001
Mar-19,03-2019,COR,0.0,0.0,124.1,70.1,86.2,2.3,0.0,0.0,282.7
Mar-19,03-2019,CRC,0.0,0.0,0.0,117.7,160.9,0.0,0.0,0.0,278.6
Mar-19,03-2019,CTF,0.0,0.0,0.64,11.15,0.85,0.0,0.0,0.0,12.64
Mar-19,03-2019,CVSP,0.0,0.0,0.0,0.0,0.0,0.0,0.0,0.0,0.0
Mar-19,03-2019,DVI,0.473,0.0,26.223000000000003,825.1739999999999,123.0,0.0,0.0,0.0,974.8699999999999
Mar-19,03-2019,FOL,0.0,0.0,75.22,137.96,206.83999999999997,0.0,0.0,0.0,420.02
Mar-19,03-2019,HDSP,0.0,0.0,0.1,0.9,32.0,0.91,0.0,0.0,33.91
Mar-19,03-2019,ISP,0.0,0.0,0.5599999999999999,2.4,0.0,0.0,0.0,0.0,2.96
Mar-19,03-2019,KVSP,0.0,0.0,39.0,35.28,226.5,0.0,0.0,0.0,300.78
Mar-19,03-2019,LAC,0.0,0.0,1.89,38.52,29.56,0.0,0.0,0.0,69.97
Mar-19,03-2019,MCSP,1.7,0.0,36.5,13.4,28.4,0.0,0.0,0.0,80.0
Mar-19,03-2019,NKSP,0.0,0.0,1.09,0.0,1.078,0.0,0.0,0.0,2.168
Mar-19,03-2019,PBSP,0.0,0.0,0.0,0.0,0.0,0.0,0.0,0.0,0.0
Mar-19,03-2019,PVSP,0.0,0.0,54.77,0.0,14.71,0.77,0.0,0.0,70.25
Mar-19,03-2019,RJD,0.0,0.0,15.2,196.3,14.6,0.0,0.0,0.0,226.1
Mar-19,03-2019,SAC,0.0,0.0,0.0,22.2,62.12,0.0,0.0,0.0,84.32
Mar-19,03-2019,SATF,0.0,0.0,69.7,33.800000000000004,135.2,29.5,0.0,0.0,268.2
Mar-19,03-2019,SCC,1.0,0.0,0.6,31.64,183.96,0.0,0.0,0.0,217.20000000000002
Mar-19,03-2019,SOL,0.0,0.0,0.0,26.4,15.0,26.8,0.0,0.0,68.2
Mar-19,03-2019,SQ,0.0,0.0,2.59,8.63,31.13,0.0,0.0,0.0,42.35
Mar-19,03-2019,SVSP,0.0,0.0,190.28,153.23999999999998,53.980000000000004,13.08,0.0,0.0,410.58
Mar-19,03-2019,VSP,0.0,0.0,0.12,0.14,0.0,0.0,0.0,0.0,0.26
Mar-19,03-2019,WSP,0.0,0.0,5.43,266.66999999999996,0.38,0.0,0.0,0.0,272.47999999999996
Apr-19,04-2019,ASP,0.0,0.0,0.0,0.0,9.24,0.0,0.0,0.0,9.24
Apr-19,04-2019,CAC,0.0,0.0,8.18,0.79,0.0,0.79,0.0,0.0,9.759999999999998
Apr-19,04-2019,CAL,0.0,0.0,93.53,18.07,35.0,60.0,0.0,0.0,206.6
Apr-19,04-2019,CCC,0.0,0.0,13.4,36.452,32.558,0.02,0.0,0.0,82.42999999999999
Apr-19,04-2019,CCI,0.0,0.0,2.69,19.3,20.610000000000003,0.0,0.0,0.0,42.60000000000001
Apr-19,04-2019,CCWF,0.0,0.0,7.9,0.1,1.9,0.0,0.0,0.0,9.9
Apr-19,04-2019,CEN,0.0,0.0,165.7,3.4,6.0,0.0,0.0,0.0,175.1
Apr-19,04-2019,CHCF,0.0,0.0,2.25,0.0,0.0,0.0,0.0,0.0,2.25
Apr-19,04-2019,CIM,0.0,0.0,3.3,0.0,9.2,0.0,0.0,0.0,12.5
Apr-19,04-2019,CIW,0.0,0.0,18.9,0.0,16.3,0.0,0.0,0.0,35.2
Apr-19,04-2019,CMC,0.0,0.0,1.0,0.0,4.1,0.0,0.0,0.0,5.1
Apr-19,04-2019,CMF,0.0,0.0,4.16,76.69999999999999,16.46,0.0,0.0,0.0,97.32
Apr-19,04-2019,COR,0.0,0.0,153.60999999999999,223.5,5.1,2.5,0.0,0.0,384.71000000000004
Apr-19,04-2019,CRC,0.0,0.0,0.0,307.38,5.8,0.0,0.0,0.0,313.18
Apr-19,04-2019,CTF,0.0,0.0,0.67,0.0,68.64,0.0,0.0,0.0,69.31
Apr-19,04-2019,CVSP,0.0,0.0,0.0,0.0,0.0,0.0,0.0,0.0,0.0
Apr-19,04-2019,DVI,0.0,0.0,27.34,123.711,1066.8419999999999,0.0,0.0,5.64,1223.533
Apr-19,04-2019,FOL,0.0,0.0,157.12,292.58000000000004,283.27,0.0,0.0,0.0,732.97
Apr-19,04-2019,HDSP,0.0,0.0,47.0,10.0,0.0,0.0,0.0,0.0,57.0
Apr-19,04-2019,ISP,0.0,0.0,34.37,0.0,3.84,0.0,0.0,0.0,38.209999999999994
Apr-19,04-2019,KVSP,0.0,0.0,44.11,73.06,89.69,0.0,0.0,0.0,206.86
Apr-19,04-2019,LAC,4.7,0.0,327.45,596.18,282.24,0.0,0.0,0.0,1210.57
Apr-19,04-2019,MCSP,0.8,1.0,3.2,260.2,14.2,0.0,0.0,0.0,279.4
Apr-19,04-2019,NKSP,0.0,0.0,0.3,0.0,0.1,0.0,0.0,0.0,0.4
Apr-19,04-2019,PBSP,0.0,0.0,0.0,0.0,0.0,0.0,0.0,0.0,0.0
Apr-19,04-2019,PVSP,0.0,0.0,52.43,0.0,14.2,0.89,0.0,0.0,67.52
Apr-19,04-2019,RJD,0.0,0.0,100.91,516.7,93.4,0.0,0.0,0.0,711.01
Apr-19,04-2019,SAC,0.0,0.0,21.580000000000002,0.0,0.0,0.0,0.0,0.0,21.580000000000002
Apr-19,04-2019,SATF,0.0,0.0,4.5,39.3,94.2,70.5,0.0,0.0,208.5
Apr-19,04-2019,SCC,0.0,0.0,2.6,32.5,56.44,0.0,0.0,0.0,91.53999999999999
Apr-19,04-2019,SOL,0.0,0.0,20.2,66.9,4.4,9.2,0.0,0.0,100.70000000000002
Apr-19,04-2019,SQ,0.0,0.0,0.0,57.84,2.56,0.0,0.0,0.0,60.400000000000006
Apr-19,04-2019,SVSP,0.0,0.0,46.28,335.84999999999997,83.0,20.11,0.0,0.0,485.24
Apr-19,04-2019,VSP,0.0,0.0,0.55,0.0,0.0,0.0,0.0,0.0,0.55
Apr-19,04-2019,WSP,0.0,0.0,55.65,6.1499999999999995,39.79,0.47,0.0,0.0,102.06
May-19,05-2019,ASP,0.0,0.0,137.87,2.0,20.5,0.0,0.28300000000000003,0.0,160.653
May-19,05-2019,CAC,0.0,0.0,3.8499999999999996,0.0,0.0,0.0,0.0,0.0,3.8499999999999996
May-19,05-2019,CAL,0.0,0.0,53.4,12.28,0.0,1.2,2.0,0.0,68.88
May-19,05-2019,CCC,0.0,0.0,0.0,3.6,2.8,0.0,0.034,0.0,6.434
May-19,05-2019,CCI,0.0,0.0,6.800000000000001,48.4,145.39,0.0,0.0,0.0,200.58999999999997
May-19,05-2019,CCWF,0.0,0.0,131.3,77.0,26.9,0.0,18.2,0.0,253.4
May-19,05-2019,CEN,0.0,0.0,69.73,30.0,10.06,0.0,0.2,0.0,109.99000000000001
May-19,05-2019,CHCF,0.0,0.0,0.0,8.905000000000001,0.0,0.0,0.0,0.0,8.905000000000001
May-19,05-2019,CIM,0.0,0.0,3.2,2.6,15.9,0.0,8.0,0.0,29.700000000000003
May-19,05-2019,CIW,0.0,0.0,0.0,0.0,34.5,0.0,0.0,0.0,34.5
May-19,05-2019,CMC,0.0,0.0,18.56,29.4,0.0,0.0,0.0,0.0,47.959999999999994
May-19,05-2019,CMF,0.0,0.0,1.27,21.2,0.1,0.0,0.0,0.0,22.57
May-19,05-2019,COR,0.0,0.0,12.6,4.4,55.5,3.0,0.0,0.0,75.5
May-19,05-2019,CRC,0.0,0.0,0.9,12.5,1.5,0.0,0.0,0.0,14.9
May-19,05-2019,CTF,0.0,0.0,0.0,6.13,0.0,0.0,0.0,0.0,6.13
May-19,05-2019,CVSP,0.0,0.0,0.0,0.0,0.0,0.0,0.0,0.0,0.0
May-19,05-2019,DVI,0.0,0.0,1.608,37.858000000000004,1.742,0.0,0.0,0.0,41.208
May-19,05-2019,FOL,0.0,0.0,418.34000000000003,1354.42,1009.94,0.0,0.0,0.0,2782.7000000000003
May-19,05-2019,HDSP,0.0,0.0,135.0,0.1,112.1,0.0,0.0,0.0,247.2
May-19,05-2019,ISP,0.0,0.0,101.66999999999999,1.29,47.86,0.0,0.0,0.0,150.82
May-19,05-2019,KVSP,0.0,0.0,294.59,202.9,284.62,0.0,15.1,0.0,797.21
May-19,05-2019,LAC,0.0,0.0,100.61,31.42,149.38,0.0,0.0,0.47,281.88
May-19,05-2019,MCSP,0.0,0.0,30.701,0.0,85.4,0.0,0.4,0.0,116.501
May-19,05-2019,NKSP,0.0,0.0,0.0,11.0,1.1,0.7,0.0,0.0,12.799999999999999
May-19,05-2019,PBSP,0.0,0.0,0.0,0.0,0.0,0.0,0.0,0.0,0.0
May-19,05-2019,PVSP,0.0,0.0,213.21,1.0,0.0,0.2,0.33,0.0,214.74
May-19,05-2019,RJD,0.0,0.0,108.10000000000001,330.90000000000003,298.7,0.0,0.0,54.2,791.9000000000001
May-19,05-2019,SAC,0.0,0.0,20.67,70.24000000000001,23.31,0.0,0.0,0.0,114.22000000000001
May-19,05-2019,SATF,0.0,0.0,39.1,100.7,29.6,0.0,0.0,0.0,169.4
May-19,05-2019,SCC,0.0,0.0,0.0,137.2,112.42,0.0,0.0,0.0,249.62
May-19,05-2019,SOL,0.0,0.1,48.8,1.1,20.9,472.9,0.0,0.0,543.8
May-19,05-2019,SQ,0.0,0.0,55.730000000000004,200.11,51.92,0.0,0.0,0.0,307.76000000000005
May-19,05-2019,SVSP,1.5,0.0,200.53,1491.26,507.83000000000004,0.08,0.0,0.0,2201.2
May-19,05-2019,VSP,0.0,0.0,7.2,23.0,0.0,0.0,15.0,0.0,45.2
May-19,05-2019,WSP,0.0,0.0,26.48,8.059999999999999,11.54,0.0,0.0,0.0,46.08
Jun-19,06-2019,ASP,0.0,0.0,16.87,13.43,19.67,0.0,0.0,0.0,49.97
Jun-19,06-2019,CAC,0.0,0.0,121.75,3.81,0.0,0.0,0.0,0.0,125.56
Jun-19,06-2019,CAL,0.0,0.0,26.86,6.1,56.0,0.0,9.0,0.0,97.96000000000001
Jun-19,06-2019,CCC,0.0,0.0,4.9,18.1,25.711,0.0,0.20800000000000002,0.0,48.919
Jun-19,06-2019,CCI,0.0,0.0,283.58,18.9,17.52,0.0,0.69,0.0,320.68999999999994
Jun-19,06-2019,CCWF,0.0,0.0,51.5,0.0,40.7,0.0,11.8,0.0,104.0
Jun-19,06-2019,CEN,0.0,0.0,2.51,2.2,2.6,0.0,0.0,0.0,7.3100000000000005
Jun-19,06-2019,CHCF,0.0,0.0,0.0,0.0,0.0,0.0,0.0,0.0,0.0
Jun-19,06-2019,CIM,0.0,0.0,14.9,14.9,40.4,0.0,8.7,0.0,78.9
Jun-19,06-2019,CIW,0.0,0.0,0.0,0.0,72.4,0.0,4.5,0.0,76.9
Jun-19,06-2019,CMC,0.0,0.0,0.0,0.0,16.0,0.0,0.0,0.0,16.0
Jun-19,06-2019,CMF,0.0,0.0,0.43,31.93,9.97,0.0,0.0,0.0,42.33
Jun-19,06-2019,COR,0.0,0.0,109.3,60.5,3.6,0.0,0.1,0.0,173.5
Jun-19,06-2019,CRC,0.0,0.0,0.0,87.7,50.7,0.0,0.0,0.0,138.4
Jun-19,06-2019,CTF,0.0,0.0,0.03,56.91,12.0,0.0,0.8,0.0,69.74
Jun-19,06-2019,CVSP,0.0,0.0,0.0,0.0,0.5,0.0,0.0,0.0,0.5
Jun-19,06-2019,DVI,0.0,0.0,7.767,0.0,3.363,0.0,0.0,0.0,11.13
Jun-19,06-2019,FOL,0.0,0.0,8.9,16.419999999999998,2.3,0.0,0.23,0.0,27.85
Jun-19,06-2019,HDSP,0.0,0.0,15.81,22.8,2939.8,3.0,0.3,0.0,2981.7100000000005
Jun-19,06-2019,ISP,0.0,28.55,85.02,0.0,4.04,0.0,0.0,0.0,117.61
Jun-19,06-2019,KVSP,3.9,0.0,164.29999999999998,162.57,57.85,0.0,0.1,0.0,388.72
Jun-19,06-2019,LAC,0.0,0.0,100.66,3.5599999999999996,6.4,0.0,0.8,0.0,111.42
Jun-19,06-2019,MCSP,0.0,0.0,48.0,1081.6,123.10000000000001,0.0,0.4,0.0,1253.1
Jun-19,06-2019,NKSP,0.0,0.0,21.1,10.8,3.2,0.0,0.0,0.0,35.1
Jun-19,06-2019,PBSP,0.0,0.0,18.8,0.02,0.4,0.0,0.0,0.0,19.22
Jun-19,06-2019,PVSP,0.0,0.0,15.88,96.07,19.76,0.77,4.37,0.0,136.85
Jun-19,06-2019,RJD,0.0,0.0,66.9,62.5,3.0999999999999996,0.0,0.0,0.0,132.5
Jun-19,06-2019,SAC,0.0,0.0,136.52,29.6,24.25,0.7,0.1,0.0,191.17
Jun-19,06-2019,SATF,0.0,0.0,50.9,0.0,97.4,0.0,3.0,0.0,151.3
Jun-19,06-2019,SCC,0.0,0.0,1.0,1.1,3.0,0.0,5.0,0.0,10.1
Jun-19,06-2019,SOL,0.0,0.0,12.5,135.60000000000002,0.0,71.9,0.0,0.0,220.00000000000003
Jun-19,06-2019,SQ,0.0,0.0,4.98,260.78,18.78,0.0,0.0,0.0,284.53999999999996
Jun-19,06-2019,SVSP,0.9,0.0,119.39,299.53999999999996,55.62,0.0,4.58,0.26,480.28999999999996
Jun-19,06-2019,VSP,0.0,0.0,0.0,109.31,59.0,0.0,62.0,0.0,230.31
Jun-19,06-2019,WSP,0.0,0.0,0.0,59.18,137.42000000000002,0.0,0.0,0.0,196.60000000000002
Jul-19,07-2019,ASP,0.0,0.0,0.0,0.0,8.15,0.0,0.0,0.0,8.15
Jul-19,07-2019,CAC,0.0,0.0,2.93,0.0,0.0,0.0,0.0,0.0,2.93
Jul-19,07-2019,CAL,0.0,0.0,29.23,87.91,143.0,0.0,9.0,0.0,269.14
Jul-19,07-2019,CCC,0.0,0.0,4.1,19.84,41.699999999999996,0.0,9.0,0.0,74.63999999999999
Jul-19,07-2019,CCI,0.0,0.0,17.42,2.0,0.5,0.0,0.0,0.0,19.92
Jul-19,07-2019,CCWF,0.0,0.0,4.3,40.9,10.5,0.0,1.1,0.0,56.8
Jul-19,07-2019,CEN,1.1,1.6,226.3,3.4,14.8,0.0,0.0,0.0,247.20000000000002
Jul-19,07-2019,CHCF,0.0,0.0,0.0,5.96,38.78,0.0,0.0,0.0,44.74
Jul-19,07-2019,CIM,0.0,0.0,0.0,12.0,93.2,0.0,0.0,0.0,105.2
Jul-19,07-2019,CIW,0.0,0.0,10.5,0.0,90.9,0.0,0.0,0.0,101.4
Jul-19,07-2019,CMC,0.0,0.0,42.24,57.56,21.35,0.0,0.0,0.0,121.15
Jul-19,07-2019,CMF,0.0,0.0,0.0,102.63,0.0,0.0,0.0,0.0,102.63
Jul-19,07-2019,COR,0.0,0.0,102.7,77.75,54.8,0.0,0.0,0.0,235.25
Jul-19,07-2019,CRC,0.0,0.0,21.9,40.2,101.19999999999999,0.0,0.0,0.0,163.29999999999998
Jul-19,07-2019,CTF,0.0,0.0,0.0,4.26,0.5,0.0,1.0,0.0,5.76
Jul-19,07-2019,CVSP,0.0,0.0,0.0,0.0,0.0,0.0,0.0,0.0,0.0
Jul-19,07-2019,DVI,0.0,0.0,49.056000000000004,111.34100000000001,62.854,0.0,0.0,0.0,223.25100000000003
Jul-19,07-2019,FOL,0.84,0.0,47.57,133.39999999999998,47.8,0.0,1.9,0.0,231.50999999999996
Jul-19,07-2019,HDSP,0.0,0.0,0.21,26.1,62.5,13.6,0.0,0.0,102.41
Jul-19,07-2019,ISP,0.0,103.77,218.55,27.32,1.09,0.0,0.0,0.0,350.72999999999996
Jul-19,07-2019,KVSP,0.0,0.0,148.95,98.7,112.64,67.2,0.72,0.0,428.21
Jul-19,07-2019,LAC,0.0,0.0,15.05,14.510000000000002,29.28,0.0,0.08800000000000001,0.0,58.928000000000004
Jul-19,07-2019,MCSP,0.0,0.0,22.0,1.26,17.5,0.0,0.62,0.0,41.38
Jul-19,07-2019,NKSP,0.0,0.0,0.0,0.0,96.4,0.0,0.0,0.0,96.4
Jul-19,07-2019,PBSP,0.0,0.0,8.4,0.0,2.5,0.0,0.0,0.0,10.9
Jul-19,07-2019,PVSP,0.0,0.0,8.16,5.59,24.06,15.71,1.3,0.0,54.82
Jul-19,07-2019,RJD,0.0,0.0,2.0,40.1,8.4,0.0,0.0,0.0,50.5
Jul-19,07-2019,SAC,0.0,0.0,1.6,2.4001,0.6,2.3,0.0,0.0,6.900099999999999
Jul-19,07-2019,SATF,0.0,0.8,83.4,78.8,4.3,32.4,1.4,0.0,201.10000000000002
Jul-19,07-2019,SCC,0.0,0.0,10.0,70.7,25.112,0.0,5.0,0.0,110.812
Jul-19,07-2019,SOL,0.0,25.0,153.2,16.1,56.8,25.5,0.0,0.0,276.59999999999997
Jul-19,07-2019,SQ,0.0,0.0,20.0,24.18,67.81,0.0,0.0,0.0,111.99000000000001
Jul-19,07-2019,SVSP,14.06,0.0,217.04,240.45,74.67,6.45,0.0,0.0,552.67
Jul-19,07-2019,VSP,0.0,0.0,0.0,36.52,0.0,0.0,0.0,0.0,36.52
Jul-19,07-2019,WSP,0.0,0.0,0.0,59.76,68.8,0.0,0.0,0.0,128.56
Aug-19,08-2019,ASP,0.0,0.0,0.0,0.0,0.0,0.0,0.254,0.0,0.254
Aug-19,08-2019,CAC,0.0,0.0,0.0,0.0,56.85,0.0,0.004,0.0,56.854
Aug-19,08-2019,CAL,0.0,0.0,81.23,82.34,6.0,73.5,20.0,0.0,263.07
Aug-19,08-2019,CCC,0.0,0.0,1.48,1.26,1.3,0.0,4.0,0.0,8.04
Aug-19,08-2019,CCI,0.0,0.0,54.8,29.83,10.78,0.0,1.1,0.0,96.50999999999999
Aug-19,08-2019,CCWF,0.0,0.0,159.9,16.3,66.5,0.0,0.0,0.0,242.70000000000002
Aug-19,08-2019,CEN,30.6,0.0,357.40000000000003,275.7,18.4,0.0,224.0,0.0,906.1
Aug-19,08-2019,CHCF,0.0,0.0,0.0,138.23,65.2,0.0,0.0,0.0,203.43
Aug-19,08-2019,CIM,0.0,0.0,3.0,26.5,18.3,0.0,0.0,0.0,47.8
Aug-19,08-2019,CIW,0.0,0.0,0.0,0.0,51.5,0.0,0.0,0.0,51.5
Aug-19,08-2019,CMC,0.0,0.0,0.0,224.66,0.0,142.34,0.0,0.0,367.0
Aug-19,08-2019,CMF,0.0,0.0,0.0,32.56,31.12,0.0,0.0,0.0,63.68000000000001
Aug-19,08-2019,COR,0.0,0.0,72.8,184.8,45.1,39.7,0.0,0.0,342.40000000000003
Aug-19,08-2019,CRC,0.0,0.0,87.4,19.2,6.1,0.0,0.2,0.0,112.9
Aug-19,08-2019,CTF,0.0,0.0,3.69,13.08,8.87,0.0,4.0,0.0,29.64
Aug-19,08-2019,CVSP,0.0,0.0,0.0,0.0,86.8,0.0,0.0,0.0,86.8
Aug-19,08-2019,DVI,0.0,0.0,20.0,39.583,2.25,0.0,0.0,0.0,61.833
Aug-19,08-2019,FOL,0.0,0.0,20.12,332.3,172.77,42.13,0.3,0.0,567.62
Aug-19,08-2019,HDSP,0.0,0.0,12.5,0.1,78.9,0.1,90.0,0.005,181.605
Aug-19,08-2019,ISP,0.0,0.32,2.02,2.68,1.67,0.0,0.0,0.0,6.6899999999999995
Aug-19,08-2019,KVSP,0.0,0.0,80.13,13.7,49.0,0.0,1.13,0.0,143.95999999999998
Aug-19,08-2019,LAC,0.0,0.0,40.02,66.2,45.900000000000006,0.0,0.0,0.0,152.12
Aug-19,08-2019,MCSP,0.0,7.4,35.7,0.2,95.7,7.4,2.4419999999999997,0.1,148.942
Aug-19,08-2019,NKSP,0.0,0.0,5.7,48.4,25.8,10.9,0.0,0.0,90.80000000000001
Aug-19,08-2019,PBSP,0.0,0.0,0.0,0.0,0.0,0.0,0.0,0.0,0.0
Aug-19,08-2019,PVSP,0.0,0.0,1.98,3.35,27.87,29.76,7.54,0.0,70.50000000000001
Aug-19,08-2019,RJD,0.0,0.0,2.5,244.4,37.1,0.0,0.0,0.0,284.0
Aug-19,08-2019,SAC,0.0,0.0,139.04000000000002,186.15099999999998,121.39,183.4,0.0,0.0,629.981
Aug-19,08-2019,SATF,0.0,0.0,184.7,10.4,115.928,50.5,0.5,0.0,362.028
Aug-19,08-2019,SCC,0.0,0.0,0.0,0.0,5.0,0.0,0.0,0.0,5.0
Aug-19,08-2019,SOL,0.0,0.0,1.1,63.3,0.1,0.0,0.0,0.0,64.49999999999999
Aug-19,08-2019,SQ,0.0,0.0,8.59,14.35,93.63,0.0,0.0,0.0,116.57
Aug-19,08-2019,SVSP,0.0,0.0,167.81,499.09000000000003,479.4,0.17,0.0,0.0,1146.4700000000003
Aug-19,08-2019,VSP,0.0,0.0,0.0,0.0,0.0,0.0,0.0,0.0,0.0
Aug-19,08-2019,WSP,0.0,0.0,2.28,280.68,14.82,0.0,0.0,0.0,297.78
Sep-19,09-2019,ASP,0.0,0.0,0.0,4.109999999999999,29.99,1.74,0.0,0.0,35.839999999999996
Sep-19,09-2019,CAC,0.0,0.0,4.5,0.0,0.0,0.0,0.0,0.0,4.5
Sep-19,09-2019,CAL,0.0,0.0,10.79,0.0,41.35,0.0,15.0,0.0,67.14
Sep-19,09-2019,CCC,0.0,0.0,0.0,8.9,5.0,0.0,7.0,0.0,20.9
Sep-19,09-2019,CCI,0.0,0.0,70.7,0.0,162.3,0.0,0.0,0.0,233.0
Sep-19,09-2019,CCWF,0.0,0.0,0.0,0.8,57.2,0.0,10.13,0.0,68.13
Sep-19,09-2019,CEN,0.0,0.0,343.9,210.1,0.88,0.0,0.0,0.0,554.88
Sep-19,09-2019,CHCF,0.0,0.0,0.0,2.23,0.37,0.0,0.0,0.0,2.6
Sep-19,09-2019,CIM,0.0,0.0,1.0,0.79,10.5,0.0,0.0,0.0,12.29
Sep-19,09-2019,CIW,0.0,0.0,0.0,0.0,10.5,0.0,5.0,0.0,15.5
Sep-19,09-2019,CMC,0.0,0.0,0.02,144.68,5.3,0.0,0.0,0.0,150.00000000000003
Sep-19,09-2019,CMF,0.0,0.0,0.0,0.86,29.16,0.0,0.0,0.0,30.02
Sep-19,09-2019,COR,0.0,0.0,79.2,67.9,96.6,0.0,0.0,0.0,243.70000000000002
Sep-19,09-2019,CRC,0.0,0.0,2.1,160.33,53.6,0.0,64.6,0.0,280.63
Sep-19,09-2019,CTF,0.0,0.0,1.83,8.18,1.37,0.0,0.0,0.0,11.379999999999999
Sep-19,09-2019,CVSP,0.0,0.0,0.0,0.0,0.0,0.0,0.0,0.0,0.0
Sep-19,09-2019,DVI,0.0,0.0,0.109,0.213,1.8,0.0,0.0,0.0,2.122
Sep-19,09-2019,FOL,0.0,0.0,28.29,2.115,71.75,0.0,0.0,0.0,102.155
Sep-19,09-2019,HDSP,0.0,0.0,5.6,0.0,12.9,0.0,0.1,0.0,18.6
Sep-19,09-2019,ISP,0.0,0.32,37.04,0.0,0.0,0.0,0.0,0.0,37.36
Sep-19,09-2019,KVSP,0.0,0.0,1.181,123.9,66.6,0.0,0.0,0.0,191.68099999999998
Sep-19,09-2019,LAC,0.0,0.0,103.95,226.13,163.69,0.0,4.72,0.14,498.63
Sep-19,09-2019,MCSP,0.0,0.0,12.1,35.400000000000006,108.7,0.0,2.4,0.0,158.60000000000002
Sep-19,09-2019,NKSP,0.0,0.0,1.1099999999999999,0.0,28.4,0.0,0.0,0.0,29.509999999999998
Sep-19,09-2019,PBSP,0.0,0.0,0.0,0.0,0.0,0.0,0.0,0.0,0.0
Sep-19,09-2019,PVSP,0.0,0.0,127.49000000000001,20.34,121.96000000000001,0.17,2.19,0.0,272.15000000000003
Sep-19,09-2019,RJD,0.0,0.0,1.4,6.699999999999999,51.0,0.0,0.0,0.0,59.1
Sep-19,09-2019,SAC,0.0,0.0,69.75,135.46,60.55,0.6,0.0,0.0,266.36
Sep-19,09-2019,SATF,0.0,0.0,1.6,0.0,0.0,0.2,0.3,0.0,2.1
Sep-19,09-2019,SCC,0.0,0.0,0.0,10.0,0.0,0.0,0.0,0.0,10.0
Sep-19,09-2019,SOL,0.0,0.0,62.62,22.7,0.7,0.3,0.3,0.0,86.61999999999999
Sep-19,09-2019,SQ,0.0,0.0,1.18,30.46,74.24,0.0,0.0,0.0,105.88
Sep-19,09-2019,SVSP,0.0,0.0,70.24,567.69,328.69,285.12,0.0,0.0,1251.7400000000002
Sep-19,09-2019,VSP,0.0,0.0,0.0,0.0,0.21,0.0,0.0,0.0,0.21
Sep-19,09-2019,WSP,0.0,0.0,118.41,1214.63,555.04,8.06,0.036000000000000004,0.0,1896.1760000000002
Oct-19,10-2019,ASP,0.0,0.0,27.02,7.24,58.37,0.0,0.0,0.0,92.63
Oct-19,10-2019,CAC,0.0,0.0,3.94,0.1,27.0,0.0,0.0,0.0,31.04
Oct-19,10-2019,CAL,0.0,0.0,15.620000000000001,4.37,3.02,0.19,19.0,0.0,42.2
Oct-19,10-2019,CCC,0.0,0.0,7.35,4.81,64.68,0.11,0.13,0.0,77.08
Oct-19,10-2019,CCI,0.0,0.0,18.7,0.0,81.9,0.0,9.81,0.0,110.41000000000001
Oct-19,10-2019,CCWF,0.0,0.0,49.1,0.0,3.8,0.0,1.3,0.0,54.199999999999996
Oct-19,10-2019,CEN,0.5,0.0,14.5,81.0,0.0,0.0,688.0,0.0,784.0
Oct-19,10-2019,CHCF,0.0,0.0,19.74,1.54,2.16,0.0,0.0,0.0,23.439999999999998
Oct-19,10-2019,CIM,0.0,0.0,1.3,20.7,97.4,0.0,36.7,0.0,156.10000000000002
Oct-19,10-2019,CIW,0.0,0.0,6.2,0.0,22.4,0.0,1.1,0.0,29.7
Oct-19,10-2019,CMC,0.0,0.0,0.0,6.89,1.6,0.0,0.0,0.0,8.49
Oct-19,10-2019,CMF,0.0,0.0,1.0,51.89,17.18,19.3,0.0,0.0,89.36999999999999
Oct-19,10-2019,COR,0.0,0.0,33.0,669.0,32.01,3.1,0.0,0.0,737.11
Oct-19,10-2019,CRC,10.1,0.0,1.5,42.6,22.3,0.0,2.0,0.0,78.5
Oct-19,10-2019,CTF,0.12,0.0,34.67,55.81,12.950000000000001,0.0,0.877,0.0,104.42699999999999
Oct-19,10-2019,CVSP,0.0,0.0,1.0,0.0,0.0,0.0,0.0,0.0,1.0
Oct-19,10-2019,DVI,0.0,0.0,16.862000000000002,14.626,0.2,0.0,0.0,0.0,31.688
Oct-19,10-2019,FOL,0.0,0.0,112.59,3.5,10.58,0.0,0.02,0.0,126.69
Oct-19,10-2019,HDSP,0.0,0.0,7.4,0.0,84.61,0.0,8.02,0.0,100.03
Oct-19,10-2019,ISP,0.0,0.0,8.88,0.0,7.56,6.76,0.0,0.0,23.200000000000003
Oct-19,10-2019,KVSP,0.0,0.0,13.84,48.0,141.5,0.0,0.22,0.0,203.56
Oct-19,10-2019,LAC,0.0,0.0,66.35,250.61,53.9,0.0,0.136,39.86,410.85600000000005
Oct-19,10-2019,MCSP,0.0,0.0,60.8,54.0,7.1,0.0,8.93,6.4,137.23
Oct-19,10-2019,NKSP,0.0,0.0,53.1,0.0,7.0,0.0,0.0,0.0,60.1
Oct-19,10-2019,PBSP,0.0,0.0,15.15,0.0,0.0,0.0,0.0,0.0,15.15
Oct-19,10-2019,PVSP,0.0,0.0,3.9499999999999997,0.22,9.55,0.0,1.6,0.0,15.32
Oct-19,10-2019,RJD,0.0,0.0,31.5,0.0,50.3,0.0,10.2,0.0,92.0
Oct-19,10-2019,SAC,0.17,0.0,47.82,8.25,30.62,88.17,0.0,0.0,175.03
Oct-19,10-2019,SATF,0.0,0.0,118.1,11.6,4.3,0.3,0.1,0.0,134.4
Oct-19,10-2019,SCC,0.0,0.0,0.0,20.0,29.48,0.0,2.0,0.0,51.480000000000004
Oct-19,10-2019,SOL,0.0,0.0,9.68,0.72,65.82,86.8,0.5,0.0,163.51999999999998
Oct-19,10-2019,SQ,0.0,0.0,3.13,122.88,12.44,0.0,0.0,0.0,138.45
Oct-19,10-2019,SVSP,0.0,0.0,79.12,20.87,52.51,171.76,0.0,0.0,324.26
Oct-19,10-2019,VSP,0.0,0.0,0.0,0.0,5.19,0.0,0.0,0.0,5.19
Oct-19,10-2019,WSP,0.0,0.0,0.29,0.1,5.24,0.0,0.0,0.0,5.63
Nov-19,11-2019,ASP,0.0,0.0,0.0,175.15,0.0,0.0,0.0,0.0,175.15
Nov-19,11-2019,CAC,0.0,0.0,8.31,0.54,0.0,0.0,0.0,0.0,8.850000000000001
Nov-19,11-2019,CAL,0.0,0.0,82.58,0.0,71.4,0.0,0.0,0.0,153.98000000000002
Nov-19,11-2019,CCC,0.0,0.0,0.0,21.45,0.8600000000000001,0.0,0.0,0.0,22.31
Nov-19,11-2019,CCI,0.0,0.0,0.0,0.0,2.5,0.0,0.0,0.0,2.5
Nov-19,11-2019,CCWF,0.0,0.0,16.0,3.2,80.1,0.0,6.1,0.0,105.39999999999999
Nov-19,11-2019,CEN,0.0,0.0,0.0,125.4,0.0,0.0,0.0,0.0,125.4
Nov-19,11-2019,CHCF,0.0,0.0,0.1,0.0,0.0,0.0,0.0,0.0,0.1
Nov-19,11-2019,CIM,0.0,0.0,20.4,7.0,28.8,0.0,0.0,0.0,56.2
Nov-19,11-2019,CIW,0.0,0.0,0.0,0.0,16.7,0.0,0.8,0.0,17.5
Nov-19,11-2019,CMC,0.0,0.0,35.247,6.87,47.0,0.0,0.0,0.0,89.11699999999999
Nov-19,11-2019,CMF,0.0,0.0,2.47,73.3,0.0,0.0,0.0,0.0,75.77
Nov-19,11-2019,COR,0.0,0.6,6.2,1.6,131.6,0.0,0.1,0.0,140.1
Nov-19,11-2019,CRC,0.0,0.0,0.0,20.1,35.306,0.0,0.3,0.0,55.705999999999996
Nov-19,11-2019,CTF,0.0,0.0,24.74,58.29,102.72,0.0,0.75,0.0,186.5
Nov-19,11-2019,CVSP,0.0,0.0,0.0,0.0,9.2,0.0,0.0,0.0,9.2
Nov-19,11-2019,DVI,0.0,0.0,1.325,75.36899999999999,22.11,3.391,0.0,0.0,102.195
Nov-19,11-2019,FOL,0.0,0.0,61.03,9.2,20.95,24.5,2.1,0.0,117.78
Nov-19,11-2019,HDSP,0.0,0.0,209.0,913.1,18.8,0.0,0.0,0.0,1140.8999999999999
Nov-19,11-2019,ISP,0.0,0.0,75.93,0.0,0.0,0.0,1.0,0.0,76.93
Nov-19,11-2019,KVSP,0.0,0.0,221.48,126.75,113.61,0.0,0.09,0.0,461.93
Nov-19,11-2019,LAC,0.0,0.0,44.63,39.68,91.66,0.0,0.0,33.5,209.47
Nov-19,11-2019,MCSP,0.0,0.0,0.0,64.3,92.5,3.4,1.3,1.3,162.80000000000004
Nov-19,11-2019,NKSP,0.0,0.0,0.3,0.0,35.0,0.0,0.0,0.0,35.3
Nov-19,11-2019,PBSP,0.0,0.0,0.0,119.3,0.0,0.0,0.0,0.0,119.3
Nov-19,11-2019,PVSP,0.0,0.0,142.61,12.79,23.32,24.28,1.6,0.0,204.6
Nov-19,11-2019,RJD,0.0,0.0,0.0,51.58,7.4,0.0,0.0,0.0,58.98
Nov-19,11-2019,SAC,0.0,0.0,19.72,123.10000000000001,105.12,7.71,0.01,0.0,255.66
Nov-19,11-2019,SATF,0.0,0.0,56.5,0.0,10.1,0.0,0.0,0.0,66.6
Nov-19,11-2019,SCC,0.0,0.0,0.0,159.9,34.0,0.0,15.0,0.0,208.9
Nov-19,11-2019,SOL,0.0,0.0,19.1,15.1,0.3,1.2,0.1,0.0,35.800000000000004
Nov-19,11-2019,SQ,0.0,0.0,160.81,43.660000000000004,2.61,0.0,0.0,0.0,207.08
Nov-19,11-2019,SVSP,0.0,0.0,47.23,204.38,29.76,142.03,0.0,0.0,423.4
Nov-19,11-2019,VSP,0.0,0.0,0.0,4.390000000000001,0.0,0.0,0.0,0.0,4.390000000000001
Nov-19,11-2019,WSP,0.0,0.0,0.0,147.3,0.0,147.3,0.0,0.0,294.6
Dec-19,12-2019,ASP,0.0,0.0,0.0,0.03,5.19,0.0,0.0,0.0,5.220000000000001
Dec-19,12-2019,CAC,0.0,0.0,35.65,66.27000000000001,0.0,0.0,1.0,0.0,102.92000000000002
Dec-19,12-2019,CAL,0.0,0.0,6.2,27.48,38.81,0.0,8.0,0.0,80.49000000000001
Dec-19,12-2019,CCC,0.0,0.0,0.0,0.0,4.4,0.0,0.0,0.0,4.4
Dec-19,12-2019,CCI,44.1,0.0,12.6,0.0,0.4,0.0,2.33,3.66,63.09
Dec-19,12-2019,CCWF,0.0,0.0,21.6,5.3,58.2,0.0,6.6,0.0,91.7
Dec-19,12-2019,CEN,0.0,0.0,128.7,71.3,0.2,0.0,0.0,0.0,200.2
Dec-19,12-2019,CHCF,0.0,0.0,0.0,0.0,0.0,0.0,0.0,0.0,0.0
Dec-19,12-2019,CIM,0.0,0.0,0.0,23.7,72.3,0.0,5.4,0.0,101.4
Dec-19,12-2019,CIW,0.0,0.0,14.71,0.0,48.88,0.0,2.2,0.0,65.79
Dec-19,12-2019,CMC,0.0,0.0,9.53,68.56,4.22,0.0,0.0,0.0,82.31
Dec-19,12-2019,CMF,0.0,0.0,0.0,0.0,0.0,0.0,0.0,0.0,0.0
Dec-19,12-2019,COR,0.7,0.0,152.8,20.8,60.4,0.3,0.0,0.0,235.00000000000003
Dec-19,12-2019,CRC,0.0,0.0,12.7,11.0,2.2,0.0,4.6,0.0,30.5
Dec-19,12-2019,CTF,0.0,0.0,0.0,503.16999999999996,0.0,0.0,0.0,0.0,503.16999999999996
Dec-19,12-2019,CVSP,0.0,0.0,0.0,0.0,0.0,0.0,0.0,0.0,0.0
Dec-19,12-2019,DVI,0.0,0.0,5.276,432.07,129.002,0.0,0.0,0.0,566.348
Dec-19,12-2019,FOL,0.0,10.68,303.84,81.21,9.5,25.98,0.74,0.0,431.95
Dec-19,12-2019,HDSP,0.0,3.8,2.71,0.0,23.8,0.0,0.0,0.0,30.310000000000002
Dec-19,12-2019,ISP,0.0,0.0,221.64,962.27,546.15,0.0,0.05,0.0,1730.11
Dec-19,12-2019,KVSP,0.0,0.0,7.71,0.0,119.9,0.0,0.1,0.0,127.71
Dec-19,12-2019,LAC,0.0,0.0,110.78999999999999,1423.92,117.31,0.0,0.8,0.0,1652.82
Dec-19,12-2019,MCSP,3.0,0.0,43.2,0.0,75.9,0.0,0.0,2.8,124.9
Dec-19,12-2019,NKSP,0.0,0.0,1.3,0.0,0.0,0.0,0.3,0.0,1.6
Dec-19,12-2019,PBSP,0.0,0.0,0.0,0.0,0.0,0.0,0.0,0.0,0.0
Dec-19,12-2019,PVSP,0.0,0.0,40.93,0.57,86.43,13.72,0.0,0.0,141.65
Dec-19,12-2019,RJD,5.2,0.0,28.2,33.0,10.1,0.0,0.0,0.0,76.5
Dec-19,12-2019,SAC,0.44,0.0,10.78,8.030000000000001,0.0,0.0,0.0,0.0,19.25
Dec-19,12-2019,SATF,0.0,0.0,0.8,0.1,33.9,0.0,0.0,0.0,34.8
Dec-19,12-2019,SCC,0.0,0.0,0.157,125.78,57.571,0.0,0.0,0.0,183.50799999999998
Dec-19,12-2019,SOL,5.5,0.0,15.8,38.8,0.0,0.0,0.0,0.0,60.099999999999994
Dec-19,12-2019,SQ,0.0,195.63,6.91,146.03,214.25,0.0,0.0,0.0,562.8199999999999
Dec-19,12-2019,SVSP,0.0,0.0,86.35,56.97,40.95,9.94,0.0,0.0,194.20999999999998
Dec-19,12-2019,VSP,0.0,0.006999999999999999,36.0,1.4809999999999999,26.7,0.0,0.0,0.0,64.188
Dec-19,12-2019,WSP,0.0,0.0,2.44,0.0,3.72,2.08,0.0,0.0,8.24
Jan-20,01-2020,ASP,0.0,0.0,0.72,0.0,11.7,0.0,0.0,0.0,12.42
Jan-20,01-2020,CAC,0.0,0.0,17.52,0.0,110.82,0.0,11.0,0.0,139.34
Jan-20,01-2020,CAL,0.0,0.0,47.9,36.6,0.3,0.0,44.0,0.0,128.8
Jan-20,01-2020,CCC,0.0,0.0,2.2,2455.9,99.0,1.5,0.0,0.0,2558.6
Jan-20,01-2020,CCI,0.2,0.0,0.0,0.0,3.2,0.0,3.5,0.0,6.9
Jan-20,01-2020,CCWF,0.0,0.0,9.3,0.0,0.0,0.0,6.1,0.0,15.4
Jan-20,01-2020,CEN,0.0,0.0,103.9,1.8,3.3,0.0,0.0,0.0,109.0
Jan-20,01-2020,CHCF,0.0,0.0,0.0,0.0,3.73,0.0,0.0,0.0,3.73
Jan-20,01-2020,CIM,0.0,0.0,8.4,54.8,111.6,0.0,2.7,0.0,177.49999999999997
Jan-20,01-2020,CIW,0.0,0.0,26.1,0.0,121.9,0.0,0.0,0.0,148.0
Jan-20,01-2020,CMC,0.0,0.0,0.0,23.3,0.0,0.0,0.0,0.0,23.3
Jan-20,01-2020,CMF,0.0,0.0,7.75,45.016,0.15,0.0,0.0,0.0,52.916
Jan-20,01-2020,COR,0.0,0.0,110.81,201.3,40.2,121.1,20.0,0.0,493.40999999999997
Jan-20,01-2020,CRC,0.0,0.0,1.1,2.2,2.2,0.2,5.5,0.0,11.2
Jan-20,01-2020,CTF,0.0,0.0,0.0,135.73,6.49,0.0,0.0,0.0,142.22
Jan-20,01-2020,CVSP,0.0,0.0,0.0,147.0,0.0,0.0,1.6,0.0,148.6
Jan-20,01-2020,DVI,0.0,0.0,0.11900000000000001,16.349,0.0,0.0,0.0,0.0,16.468
Jan-20,01-2020,FOL,0.0,0.0,0.49,2.7,0.12,0.11,0.0,0.0,3.4200000000000004
Jan-20,01-2020,HDSP,0.0,0.0,0.4,2.4,181.2,0.4,0.5,0.0,184.9
Jan-20,01-2020,ISP,0.0,0.0,42.03,2.83,73.86,0.0,0.0,0.0,118.72
Jan-20,01-2020,KVSP,0.0,0.0,2.37,122.77,44.36,0.0,0.01,0.0,169.51
Jan-20,01-2020,LAC,0.0,0.0,60.8,713.8,97.0,0.0,1.1,0.1,872.8
Jan-20,01-2020,MCSP,0.0,0.0,32.0,0.28,17.7,0.0,0.0,0.0,49.980000000000004
Jan-20,01-2020,NKSP,0.0,0.0,4.0,87.9,0.0,0.0,0.0,0.0,91.9
Jan-20,01-2020,PBSP,0.0,0.0,0.0,80.6,0.0,0.0,0.0,0.0,80.6
Jan-20,01-2020,PVSP,0.0,49.86,174.29000000000002,95.96,28.48,0.55,0.02,0.0,349.16
Jan-20,01-2020,RJD,0.0,0.0,21.8,38.2,32.9,0.0,0.0,0.0,92.9
Jan-20,01-2020,SAC,0.0,0.0,26.92,64.13,0.78,47.61,0.0,0.0,139.44
Jan-20,01-2020,SATF,0.0,0.0,248.1,15.3,9.5,230.5,0.0,0.0,503.4
Jan-20,01-2020,SCC,0.0,0.0,1.0,14.9,0.1,0.0,12.130999999999998,0.0,28.131
Jan-20,01-2020,SOL,0.0,2.4,4.1,60.45,133.5,0.0,0.0,0.0,200.45
Jan-20,01-2020,SQ,0.0,0.0,15.28,52.94,10.65,1.08,0.0,0.0,79.95
Jan-20,01-2020,SVSP,0.0,0.0,53.51,459.61,557.27,59.27,0.0,0.0,1129.6599999999999
Jan-20,01-2020,VSP,0.0,0.0,0.0,0.0,0.01,0.0,0.0,0.0,0.01
Jan-20,01-2020,WSP,0.0,0.0,0.0,0.0,0.0,0.0,0.0,0.0,0.0
Feb-20,02-2020,ASP,0.0,0.0,17.48,72.08,44.15,45.05,0.866,0.0,179.626
Feb-20,02-2020,CAC,0.0,0.0,105.4,0.0,0.0,0.0,0.0,0.0,105.4
Feb-20,02-2020,CAL,0.0,0.0,15.1,0.0,0.4,0.0,33.0,0.0,48.5
Feb-20,02-2020,CCC,0.0,0.0,0.59,455.9,31.0,11.53,0.5,0.0,499.5199999999999
Feb-20,02-2020,CCI,0.0,0.0,9.3,0.0,0.0,0.0,18.4,11.2,38.9
Feb-20,02-2020,CCWF,0.0,0.0,1.0,0.0,136.8,0.0,3.6,0.0,141.4
Feb-20,02-2020,CEN,0.0,0.0,109.61,4.7,4.11,0.0,0.0,0.0,118.42
Feb-20,02-2020,CHCF,0.0,0.0,0.0,0.0,0.31,0.0,0.0,0.0,0.31
Feb-20,02-2020,CIM,0.0,0.0,19.2,153.2,1.0,0.0,0.5,0.0,173.89999999999998
Feb-20,02-2020,CIW,0.0,0.0,1.22,0.0,2.0,0.0,0.0,0.0,3.2199999999999998
Feb-20,02-2020,CMC,0.0,0.0,1.6800000000000002,53.24,0.06,0.0,0.0,0.0,54.980000000000004
Feb-20,02-2020,CMF,0.0,0.0,0.55,6.37,2.12,0.0,0.0,0.0,9.04
Feb-20,02-2020,COR,0.0,0.0,352.5,215.3,28.5,0.0,0.4,0.0,596.6999999999999
Feb-20,02-2020,CRC,0.0,0.0,3.0,40.92,73.9,2.7,56.6,0.0,177.12
Feb-20,02-2020,CTF,0.0,0.0,1.77,0.0,6.64,0.0,1.7,0.0,10.11
Feb-20,02-2020,CVSP,0.0,0.0,0.0,0.0,94.5,0.0,1.0,0.0,95.5
Feb-20,02-2020,DVI,0.0,0.0,6.588,397.795,0.0,0.0,0.0,4.38,408.76300000000003
Feb-20,02-2020,FOL,0.0,0.0,5.16,30.5,16.8,0.0,0.11,0.0,52.56999999999999
Feb-20,02-2020,HDSP,0.0,0.0,129.5,0.0,169.81,14.1,0.02,0.0,313.43
Feb-20,02-2020,ISP,0.0,0.0,16.72,24.88,18.85,0.03,0.0,0.0,60.48
Feb-20,02-2020,KVSP,0.0,0.0,108.5,189.6,38.6,0.0,0.0,0.0,336.70000000000005
Feb-20,02-2020,LAC,0.0,0.0,244.28,410.13,63.03,0.0,6.93,0.0,724.3699999999999
Feb-20,02-2020,MCSP,0.0,0.0,5.6,30.5,0.0,0.0,0.3,0.0,36.4
Feb-20,02-2020,NKSP,0.0,10.5,7.4,46.9,1.2,10.5,0.0,0.0,76.5
Feb-20,02-2020,PBSP,0.0,0.0,111.6,0.0,13.6,0.0,176.44,0.0,301.64
Feb-20,02-2020,PVSP,0.0,0.0,216.69,8.92,12.55,19.59,0.0,0.0,257.75
Feb-20,02-2020,RJD,0.0,0.0,52.6,22.7,0.2,0.0,0.0,0.0,75.5
Feb-20,02-2020,SAC,0.0,0.0,115.53001000000002,13.5,2.25,0.0,0.0,0.0,131.28001
Feb-20,02-2020,SATF,0.0,0.0,140.7,0.8,9.6,1.4,0.0,0.0,152.5
Feb-20,02-2020,SCC,0.0,0.0,4.0,302.85200000000003,107.0,0.0,6.0,0.0,419.85200000000003
Feb-20,02-2020,SOL,0.0,0.0,23.9,165.5,0.3,1.2,0.0,0.0,190.9
Feb-20,02-2020,SQ,0.0,0.0,34.68,8.66,4.3,0.0,0.0,0.0,47.64
Feb-20,02-2020,SVSP,0.0,0.0,31.53,0.54,53.75,11.98,0.29,0.0,98.09
Feb-20,02-2020,VSP,0.0,0.0,0.0,0.43,65.42,0.0,0.0,0.0,65.85000000000001
Feb-20,02-2020,WSP,0.0,0.0,94.38,0.0,23.85,0.0,0.0,0.0,118.22999999999999
Mar-20,03-2020,ASP,0.0,0.0,0.0,0.0,0.0,0.0,0.0,0.0,0.0
Mar-20,03-2020,CAC,0.0,0.0,0.3,2.13,0.0,0.0,0.0,0.0,2.4299999999999997
Mar-20,03-2020,CAL,0.0,0.0,55.39,27.7,18.8,0.0,27.0,0.0,128.89
Mar-20,03-2020,CCC,0.0,0.0,3.52,22.36,112.67,0.0,0.032,0.0,138.58200000000002
Mar-20,03-2020,CCI,0.0,0.0,0.08,0.0,42.7,0.0,0.0,0.0,42.78
Mar-20,03-2020,CCWF,0.0,0.0,30.5,0.0,23.7,0.0,6.1,0.0,60.300000000000004
Mar-20,03-2020,CEN,0.0,7.8,84.0,31.9,2.5,0.0,0.024,0.0,126.22399999999999
Mar-20,03-2020,CHCF,0.0,0.0,0.0,0.0,0.0,0.0,0.0,0.0,0.0
Mar-20,03-2020,CIM,0.0,0.0,0.8,0.0,4.7,0.0,1.23,0.0,6.73
Mar-20,03-2020,CIW,0.0,0.0,0.0,0.0,1.6,0.0,0.0,0.0,1.6
Mar-20,03-2020,CMC,0.0,0.0,0.01,0.02,0.01,0.0,0.0,0.02,0.06
Mar-20,03-2020,CMF,0.0,0.0,17.0,5.47,17.64,0.0,0.0,0.0,40.11
Mar-20,03-2020,COR,0.0,0.0,45.3,104.9,27.599999999999998,35.0,0.9,0.0,213.7
Mar-20,03-2020,CRC,0.0,0.0,163.16,106.0,0.3,20.9,0.0,0.0,290.35999999999996
Mar-20,03-2020,CTF,0.0,0.0,1.22,73.81,19.67,0.0,0.5,0.0,95.2
Mar-20,03-2020,CVSP,0.0,0.0,0.0,0.0,0.9,0.0,0.0,0.0,0.9
Mar-20,03-2020,DVI,0.0,0.0,23.0,6.79,0.493,0.0,0.0,0.0,30.282999999999998
Mar-20,03-2020,FOL,0.0,0.6,1.3,26.5,0.0,0.6,0.0,0.0,29.0
Mar-20,03-2020,HDSP,0.0,0.0,72.3,0.2,102.0,0.0,0.04,0.0,174.54
Mar-20,03-2020,ISP,0.0,0.0,0.05,0.0,0.0,0.0,0.0,0.0,0.05
Mar-20,03-2020,KVSP,0.0,0.0,9.51,9.5,73.3,0.0,0.32,0.0,92.63
Mar-20,03-2020,LAC,0.0,0.0,1.2,36.379999999999995,12.47,0.0,1.4380000000000002,0.0,51.488
Mar-20,03-2020,MCSP,0.0,0.0,2.6,5.0,23.2,0.9,0.0,0.0,31.699999999999996
Mar-20,03-2020,NKSP,0.0,26.3,2.1,78.0,51.4,26.3,0.0,0.0,184.10000000000002
Mar-20,03-2020,PBSP,0.0,0.0,0.1,0.0,0.0,0.0,0.0,0.0,0.1
Mar-20,03-2020,PVSP,0.0,0.0,235.04,64.5,0.0,0.0,0.29,0.0,299.83
Mar-20,03-2020,RJD,0.0,0.0,18.0,15.4,0.0,0.0,0.0,0.7,34.1
Mar-20,03-2020,SAC,0.0,1.46,1.5899999999999999,0.0,1.07,24.2,0.0,0.0,28.32
Mar-20,03-2020,SATF,0.0,0.0,18.4,0.0,55.6,1.1,0.0,0.0,75.1
Mar-20,03-2020,SCC,29.0,0.0,28.2,172.8,108.5,0.0,0.0,0.0,338.5
Mar-20,03-2020,SOL,0.0,0.0,3.4,7.9,1.3,0.5,0.0,0.0,13.100000000000001
Mar-20,03-2020,SQ,0.0,0.0,4.74,4.33,0.0,0.0,0.0,0.0,9.07
Mar-20,03-2020,SVSP,0.0,0.0,224.63,570.55,440.88,0.26,0.0,0.0,1236.32
Mar-20,03-2020,VSP,0.0,0.0,0.0,32.6,98.67,0.0,12.0,0.0,143.27
Mar-20,03-2020,WSP,0.0,0.0,0.0,0.0,0.0,0.0,0.0,0.0,0.0
Apr-20,04-2020,ASP,0.0,0.0,6.1,0.0,44.04,0.0,0.069,0.0,50.209
Apr-20,04-2020,CAC,0.0,0.0,17.79,0.0,0.0,0.0,0.0,0.0,17.79
Apr-20,04-2020,CAL,0.0,0.0,54.07,68.0,154.22,0.0,77.0,0.0,353.28999999999996
Apr-20,04-2020,CCC,0.0,0.0,0.0,30.3,22.26,0.0,0.4,0.0,52.96
Apr-20,04-2020,CCI,0.0,0.0,0.0,16.4,109.69999999999999,0.0,90.3,0.0,216.39999999999998
Apr-20,04-2020,CCWF,0.0,0.0,4.4,0.0,173.5,0.0,0.0,0.0,177.9
Apr-20,04-2020,CEN,0.0,1.5,16.5,1.5,3.6,0.0,0.055999999999999994,0.0,23.156000000000002
Apr-20,04-2020,CHCF,0.0,0.0,0.0,0.0,0.0,0.0,0.0,0.0,0.0
Apr-20,04-2020,CIM,0.0,0.0,0.0,18.2,27.9,0.0,16.2,0.0,62.3
Apr-20,04-2020,CIW,0.0,0.0,0.0,0.0,30.0,0.0,0.08,0.0,30.08
Apr-20,04-2020,CMC,0.0,0.0,0.0,0.68,0.0,0.0,0.0,0.0,0.68
Apr-20,04-2020,CMF,0.0,0.0,1.81,22.92,6.59,0.0,0.0,0.0,31.32
Apr-20,04-2020,COR,0.0,35.6,243.5,5.1,67.82000000000001,37.6,0.0,0.0,389.62000000000006
Apr-20,04-2020,CRC,0.0,0.0,67.9,177.54999999999998,54.64,1.1,2.0,0.0,303.19
Apr-20,04-2020,CTF,0.0,0.0,40.05,0.0,0.0,0.0,0.1,0.0,40.15
Apr-20,04-2020,CVSP,0.0,0.0,0.0,0.0,0.0,0.0,0.0,0.0,0.0
Apr-20,04-2020,DVI,0.0,0.0,11.684999999999999,159.63,36.106,0.0,0.0,11.0,218.421
Apr-20,04-2020,FOL,0.0,0.0,6.0,28.4,63.6,0.0,0.0,0.0,98.0
Apr-20,04-2020,HDSP,6.4,0.0,5.7,0.0,46.400000000000006,0.0,33.0,0.0,91.5
Apr-20,04-2020,ISP,0.0,0.0,0.1,0.0,0.0,0.0,0.0,0.0,0.1
Apr-20,04-2020,KVSP,0.0,0.0,52.1,61.1,208.7,0.0,4.4,0.0,326.29999999999995
Apr-20,04-2020,LAC,0.0,0.0,34.32,288.06,29.6,0.0,112.64,0.0,464.62
Apr-20,04-2020,MCSP,0.0,0.0,0.0,0.0,51.0,0.0,1.0,0.0,52.0
Apr-20,04-2020,NKSP,0.0,0.0,2.0,0.0,0.0,0.0,0.0,0.0,2.0
Apr-20,04-2020,PBSP,0.0,0.0,0.0,0.0,0.0,0.0,0.0,0.0,0.0
Apr-20,04-2020,PVSP,0.0,0.0,150.38,2.0,1.3,3.72,6.64,0.0,164.04
Apr-20,04-2020,RJD,0.0,0.0,7.8,108.9,6.8,0.0,2.8,0.0,126.3
Apr-20,04-2020,SAC,1.02,0.0,52.44,36.92,10.23,10.4,16.4,0.0,127.41
Apr-20,04-2020,SATF,0.0,0.0,2.0,0.0,157.0,4.5,1.8,0.0,165.3
Apr-20,04-2020,SCC,0.0,0.0,0.0,270.84000000000003,215.9,0.0,14.0,120.0,620.74
Apr-20,04-2020,SOL,0.0,0.0,70.8,6.9,0.6,3.7,0.0,0.0,82.0
Apr-20,04-2020,SQ,0.0,0.0,7.93,28.12,37.52,0.0,0.0,0.0,73.57
Apr-20,04-2020,SVSP,0.0,0.0,62.36,490.7,304.85,20.98,0.0,0.0,878.89
Apr-20,04-2020,VSP,0.0,0.0,0.0,0.0,0.0,0.0,3.0,0.0,3.0
Apr-20,04-2020,WSP,0.0,0.0,86.1,0.0,18.07,0.0,0.0,0.0,104.16999999999999
May-20,05-2020,ASP,0.0,0.0,0.0,0.0,11.17,0.0,0.187,0.0,11.357
May-20,05-2020,CAC,0.0,0.0,3.85,0.0,0.0,0.0,16.0,0.0,19.85
May-20,05-2020,CAL,79.6,0.0,7.2,0.0,143.2,0.0,52.0,0.0,282.0
May-20,05-2020,CCC,0.0,0.0,21.6,135.38,34.0,0.0,0.08,0.0,191.06
May-20,05-2020,CCI,0.0,0.0,116.44,238.16,96.4,0.0,1.1,0.0,452.1
May-20,05-2020,CCWF,0.0,0.0,6.6,0.0,10.4,0.0,1.1,0.0,18.1
May-20,05-2020,CEN,0.0,64.0,18.700000000000003,51.2,58.8,0.0,0.0,0.0,192.7
May-20,05-2020,CHCF,0.0,0.0,0.0,0.0,0.0,0.0,0.0,0.0,0.0
May-20,05-2020,CIM,0.0,0.0,4.6,0.0,16.9,0.0,0.0,0.0,21.5
May-20,05-2020,CIW,0.0,0.0,0.45,12.0,63.7,0.0,0.0,0.0,76.15
May-20,05-2020,CMC,0.0,0.0,0.0,0.01,0.0,0.0,3.33,0.0,3.34
May-20,05-2020,CMF,0.0,0.0,0.49,1.9,0.0,0.0,0.0,0.0,2.3899999999999997
May-20,05-2020,COR,0.0,0.0,95.6,53.0,164.70000000000002,10.9,1.0,0.0,325.2
May-20,05-2020,CRC,0.0,21.0,90.62,17.78,89.1,0.4,0.5,35.0,254.4
May-20,05-2020,CTF,0.0,0.0,0.0,25.18,0.0,0.0,0.0,0.0,25.18
May-20,05-2020,CVSP,0.0,0.0,0.0,0.0,0.0,0.0,0.0,0.0,0.0
May-20,05-2020,DVI,0.0,0.0,1.0,0.11699999999999999,0.0,0.0,0.0,0.0,1.117
May-20,05-2020,FOL,0.0,0.0,15.8,146.33,164.39,53.8,1.13,0.0,381.45
May-20,05-2020,HDSP,0.0,0.0,70.3,0.0,26.0,0.0,16.3,0.0,112.6
May-20,05-2020,ISP,0.0,0.0,0.0,0.32,23.9,0.0,0.0,0.0,24.22
May-20,05-2020,KVSP,0.0,0.0,31.8,624.89,242.2,0.0,7.2,0.0,906.0899999999999
May-20,05-2020,LAC,0.0,0.0,108.11,66.67,109.1,0.0,0.0,0.2,284.08
May-20,05-2020,MCSP,0.0,0.0,0.0,0.0,0.0,0.0,0.0,0.0,0.0
May-20,05-2020,NKSP,0.0,0.0,20.1,73.3,1.8,0.0,0.0,0.0,95.2
May-20,05-2020,PBSP,0.0,0.0,0.0,0.0,0.0,0.0,0.0,0.0,0.0
May-20,05-2020,PVSP,0.0,0.0,31.34,4.08,38.04,0.44,5.59,0.0,79.49000000000001
May-20,05-2020,RJD,0.0,0.0,32.5,27.7,71.0,0.0,5.2,0.0,136.39999999999998
May-20,05-2020,SAC,0.0,0.0,46.24,157.76999999999998,122.06,38.51,0.2,0.0,364.78
May-20,05-2020,SATF,0.0,0.0,86.6,0.0,11.1,0.0,0.1,0.0,97.79999999999998
May-20,05-2020,SCC,0.0,0.0,134.6,329.4846,280.7699,2.0,5.0,0.0,751.8545
May-20,05-2020,SOL,0.0,0.0,32.4,21.6,0.0,0.0,0.0,0.0,54.0
May-20,05-2020,SQ,0.0,0.0,5.02,9.48,0.0,10.29,0.0,0.0,24.79
May-20,05-2020,SVSP,0.0,0.0,7.09,219.92,36.16,6.73,0.001,0.0,269.90099999999995
May-20,05-2020,VSP,0.0,0.0,0.0,0.0,0.0,0.0,10.0,0.0,10.0
May-20,05-2020,WSP,0.0,0.0,3.7,39.77,0.0,0.0,0.0,0.0,43.470000000000006
Jun-20,06-2020,ASP,0.0,0.0,0.0,0.0,55.27,0.0,0.11800000000000001,0.0,55.388000000000005
Jun-20,06-2020,CAC,0.0,0.0,3.51,0.0,0.0,0.0,3.0,0.0,6.51
Jun-20,06-2020,CAL,0.0,0.0,91.8,56.3,0.0,0.0,85.0,0.0,233.1
Jun-20,06-2020,CCC,0.0,0.0,0.0,326.34,25.35,0.0,0.192,0.0,351.882
Jun-20,06-2020,CCI,0.0,0.0,0.2,0.0,51.0,0.0,36.41,0.0,87.61
Jun-20,06-2020,CCWF,0.0,0.0,0.0,1.2999999999999998,21.0,0.0,0.8,0.0,23.1
Jun-20,06-2020,CEN,0.0,0.0,18.6,0.1,30.2,0.0,0.0,0.0,48.900000000000006
Jun-20,06-2020,CHCF,0.0,0.0,0.0,0.0,0.0,0.0,0.0,0.0,0.0
Jun-20,06-2020,CIM,0.0,0.0,0.0,0.0,0.0,0.0,0.0,0.0,0.0
Jun-20,06-2020,CIW,0.0,0.0,0.0,0.0,27.2,0.0,0.0,0.0,27.2
Jun-20,06-2020,CMC,0.0,0.0,0.0,0.0,0.0,0.0,0.01,0.0,0.01
Jun-20,06-2020,CMF,13.74,0.0,3.69,31.51,0.0,0.0,5.7,0.0,54.64
Jun-20,06-2020,COR,0.0,3.0,14.100000000000001,29.9,52.099999999999994,2.3,0.6,0.0,101.99999999999999
Jun-20,06-2020,CRC,11.2,0.0,0.1,38.7,149.2,0.25,1.1,0.0,200.54999999999998
Jun-20,06-2020,CTF,0.0,0.0,0.0,0.0,0.55,0.0,0.0,0.0,0.55
Jun-20,06-2020,CVSP,0.0,0.0,0.0,0.0,0.0,0.0,0.0,0.0,0.0
Jun-20,06-2020,DVI,0.0,0.0,0.0,0.907,0.6,0.0,0.47100000000000003,0.0,1.9780000000000002
Jun-20,06-2020,FOL,0.0,0.0,0.13,0.0,0.0,60.63,0.08,0.0,60.84
Jun-20,06-2020,HDSP,0.0,37.4,6.1,37.2,35.2,0.0,7.0,0.0,122.9
Jun-20,06-2020,ISP,0.0,0.0,0.99,0.0,0.0,0.0,1.76,0.0,2.75
Jun-20,06-2020,KVSP,0.0,0.0,16.7,426.09999999999997,252.11,0.0,1.74,0.0,696.65
Jun-20,06-2020,LAC,0.0,0.0,25.37,51.25,1.89,0.0,112.8,1.6,192.91
Jun-20,06-2020,MCSP,0.0,0.0,0.0,81.8,17.8,0.0,0.8,0.0,100.39999999999999
Jun-20,06-2020,NKSP,0.0,0.0,114.8,0.9,114.8,0.0,0.0,0.0,230.5
Jun-20,06-2020,PBSP,0.0,0.0,15.5,0.0,0.0,0.0,472.8,0.0,488.3
Jun-20,06-2020,PVSP,1.58,0.0,84.53,9.79,26.65,7.01,7.8,0.0,137.36
Jun-20,06-2020,RJD,0.0,0.0,54.8,35.2,247.7,0.0,3.4,0.0,341.09999999999997
Jun-20,06-2020,SAC,0.0,1.7,13.14,92.41999999999999,5.74,1.72,0.0,0.0,114.71999999999998
Jun-20,06-2020,SATF,0.0,0.0,17.6,130.0,14.8,0.0,0.5,0.0,162.9
Jun-20,06-2020,SCC,0.0,0.0,0.0,56.99,100.4,1.255,1.0,0.0,159.645
Jun-20,06-2020,SOL,0.0,0.0,147.4,473.0,0.5,0.0,0.0,0.0,620.9
Jun-20,06-2020,SQ,3.01,0.0,0.0,5.37,33.27,0.75,11.21,0.0,53.61000000000001
Jun-20,06-2020,SVSP,0.0,0.0,121.28,84.03,78.51,89.5,0.15,0.0,373.46999999999997
Jun-20,06-2020,VSP,0.0,0.0,0.49,8.68,0.0,0.0,0.0,0.0,9.17
Jun-20,06-2020,WSP,0.0,0.0,0.0,0.0,12.05,0.0,0.12,0.0,12.17
Jul-20,07-2020,ASP,0.0,0.0,0.0,0.0,9.24,0.0,0.258,0.0,9.498000000000001
Jul-20,07-2020,CAC,3.74,0.0,20.21,0.0,0.0,0.0,5.0,0.0,28.950000000000003
Jul-20,07-2020,CAL,0.0,0.0,46.4,5.6,206.3,0.0,12.0,0.0,270.3
Jul-20,07-2020,CCC,0.0,0.0,0.0,0.0,0.0,0.0,0.56,0.0,0.56
Jul-20,07-2020,CCI,0.0,0.0,0.0,0.0,54.9,0.0,0.0,0.0,54.9
Jul-20,07-2020,CCWF,0.0,0.0,0.6,0.0,47.2,0.0,0.2,0.0,48.00000000000001
Jul-20,07-2020,CEN,0.0,16.2,492.6,9.6,0.0,0.0,0.0,0.0,518.4
Jul-20,07-2020,CHCF,0.0,0.0,0.0,0.0,0.0,0.0,0.0,0.0,0.0
Jul-20,07-2020,CIM,0.0,0.0,25.3,0.0,0.0,0.0,0.0,0.0,25.3
Jul-20,07-2020,CIW,0.0,0.0,0.0,0.0,0.2,0.0,1.7,0.0,1.9
Jul-20,07-2020,CMC,0.0,0.0,0.0,0.0,0.0,0.0,0.0,0.0,0.0
Jul-20,07-2020,CMF,0.0,0.0,3.16,276.89,1.7,0.0,1.48,0.0,283.23
Jul-20,07-2020,COR,0.0,0.0,19.2,11.0,35.6,0.0,0.0,0.0,65.8
Jul-20,07-2020,CRC,0.0,0.0,4.2,10.0,119.8,0.0,0.0,0.0,134.0
Jul-20,07-2020,CTF,0.0,0.0,0.0,71.42,15.33,0.0,0.5,0.0,87.25
Jul-20,07-2020,CVSP,0.0,0.0,0.0,0.0,0.0,0.0,0.0,0.0,0.0
Jul-20,07-2020,DVI,6.0,0.0,8.85,134.8,5.2,0.0,0.054000000000000006,0.0,154.904
Jul-20,07-2020,FOL,0.0,0.0,18.6,0.0,55.32,0.0,0.0,0.0,73.92
Jul-20,07-2020,HDSP,0.0,0.0,56.099999999999994,1.3,1.0,38.1,2.0,0.0,98.5
Jul-20,07-2020,ISP,0.0,0.0,95.73,45.59,0.8300000000000001,0.0,0.04,0.0,142.19
Jul-20,07-2020,KVSP,0.0,0.0,173.9,930.7,643.2,0.0,0.85,0.0,1748.65
Jul-20,07-2020,LAC,0.0,0.0,12.1,3.2,0.0,0.0,48.0,0.0,63.3
Jul-20,07-2020,MCSP,0.0,0.0,0.0,0.0,25.0,0.0,1.42,0.0,26.42
Jul-20,07-2020,NKSP,0.0,0.0,0.0,677.38,0.0,0.0,0.0,0.0,677.38
Jul-20,07-2020,PBSP,0.0,0.0,2.5,1000.0,13.4,0.0,1024.44,0.0,2040.3400000000001
Jul-20,07-2020,PVSP,0.0,0.0,29.44,1.33,43.42,0.0,3.06,0.0,77.25
Jul-20,07-2020,RJD,0.0,0.0,47.2,206.4,304.3,0.0,2.0,0.0,559.9000000000001
Jul-20,07-2020,SAC,0.0,0.0,187.78,370.61,0.04,47.8,0.001,0.0,606.2309999999999
Jul-20,07-2020,SATF,0.0,0.0,0.0,0.0,0.0,0.0,0.8,0.0,0.8
Jul-20,07-2020,SCC,0.2,0.0,0.0,1.712,45.900000000000006,0.0,13.0,0.0,60.812000000000005
Jul-20,07-2020,SOL,0.0,0.0,0.0,2.3,0.0,0.0,2.2,0.0,4.5
Jul-20,07-2020,SQ,0.0,0.0,16.14,42.97,15.12,0.0,0.0,0.0,74.23
Jul-20,07-2020,SVSP,0.0,0.0,27.61,91.39,29.58,10.03,0.86,9.14,168.61
Jul-20,07-2020,VSP,1.36,0.0,0.0,0.0,85.98,0.0,17.11,0.0,104.45
Jul-20,07-2020,WSP,0.0,0.0,7.48,0.0,13.25,0.0,0.71,0.0,21.44
Aug-20,08-2020,ASP,0.0,0.0,0.0,0.0,0.0,0.65,0.0,0.0,0.65
Aug-20,08-2020,CAC,0.0,0.0,0.0,0.0,0.0,0.0,6.0,0.0,6.0
Aug-20,08-2020,CAL,0.0,0.0,32.57,15.4,113.44,0.0,56.0,0.0,217.41
Aug-20,08-2020,CCC,0.0,0.0,0.0,4.4,0.0,0.0,0.0,0.0,4.4
Aug-20,08-2020,CCI,0.0,0.0,15.05,5.74,7.1,0.0,1.45,0.0,29.34
Aug-20,08-2020,CCWF,0.0,0.0,0.0,0.0,0.0,0.0,0.0,0.0,0.0
Aug-20,08-2020,CEN,0.0,0.0,3.9,0.6,103.4,0.0,0.096,0.0,107.99600000000001
Aug-20,08-2020,CHCF,0.0,0.0,0.0,97.2,24.8,0.0,0.0,0.0,122.0
Aug-20,08-2020,CIM,0.0,0.0,112.0,83.69999999999999,83.8,0.0,0.01,0.0,279.51
Aug-20,08-2020,CIW,0.0,0.0,0.0,0.0,16.3,0.0,1.2,0.0,17.5
Aug-20,08-2020,CMC,0.0,0.0,0.0,0.0,0.01,0.0,0.0,0.0,0.01
Aug-20,08-2020,CMF,0.47,0.0,0.0,2.04,1.36,0.0,0.0,0.0,3.87
Aug-20,08-2020,COR,0.0,1.0,4.8,113.2,333.1,1.0,0.0,0.0,453.1
Aug-20,08-2020,CRC,0.0,0.0,0.0,0.0,0.3,0.0,0.0,0.0,0.3
Aug-20,08-2020,CTF,2.86,0.0,0.0,13.2,73.41,0.0,1.5,0.0,90.97
Aug-20,08-2020,CVSP,0.0,0.0,0.0,0.0,34.7,0.0,0.0,0.0,34.7
Aug-20,08-2020,DVI,0.0,0.0,38.4,10784.9,0.0,0.0,0.0,0.0,10823.3
Aug-20,08-2020,FOL,0.0,0.0,0.0,0.0,44.69,0.0,0.006,0.0,44.696
Aug-20,08-2020,HDSP,0.0,0.0,612.0,0.36,74.8,0.0,11.5,0.0,698.66
Aug-20,08-2020,ISP,0.0,0.0,0.81,1.58,0.0,0.0,0.0,0.0,2.39
Aug-20,08-2020,KVSP,0.0,0.0,62.7,227.7,414.9,0.0,0.55,0.0,705.8499999999999
Aug-20,08-2020,LAC,0.0,0.0,21.03,249.76000000000002,347.46,0.0,0.0,0.0,618.25
Aug-20,08-2020,MCSP,0.0,0.0,0.0,29.1,49.6,0.0,5.7,0.0,84.4
Aug-20,08-2020,NKSP,0.0,0.0,0.0,0.0,0.0,0.0,0.0,0.0,0.0
Aug-20,08-2020,PBSP,0.0,0.0,14.1,0.0,0.0,0.0,0.0,0.0,14.1
Aug-20,08-2020,PVSP,0.0,0.0,10.32,0.0,34.44,10.87,0.47,0.0,56.099999999999994
Aug-20,08-2020,RJD,1.0,0.0,62.800000000000004,6.800000000000001,132.39999999999998,0.0,0.0,0.0,203.0
Aug-20,08-2020,SAC,0.0,0.0,0.0,8.19,378.61,8.19,0.0,0.0,394.99
Aug-20,08-2020,SATF,0.0,0.0,0.1,136.1,148.6,137.7,0.3,0.0,422.79999999999995
Aug-20,08-2020,SCC,0.0,0.0,0.0,172.8,110.7,0.0,238.0,0.0,521.5
Aug-20,08-2020,SOL,0.0,0.0,1.8,69.9,0.0,0.0,0.0,0.0,71.7
Aug-20,08-2020,SQ,0.0,0.0,18.86,0.0,79.7,0.0,0.0,0.0,98.56
Aug-20,08-2020,SVSP,0.0,0.0,203.25,672.68,35.06,38.61,0.02,0.0,949.62
Aug-20,08-2020,VSP,0.0,0.0,112.0,10.16,0.0,0.0,0.0,0.0,122.16
Aug-20,08-2020,WSP,0.0,0.0,1.0,0.0,0.0,0.0,0.0,0.0,1.0
Sep-20,09-2020,ASP,0.0,0.0,1.26,0.0,10.52,3.89,0.0,0.0,15.67
Sep-20,09-2020,CAC,0.0,0.0,0.01,0.0,0.0,2.0,0.0,0.0,2.01
Sep-20,09-2020,CAL,0.0,0.0,93.1,79.5,178.7,0.0,45.0,0.0,396.29999999999995
Sep-20,09-2020,CCC,0.0,0.0,6.8,84.39999999999999,39.92,1.4,0.0,0.0,132.52
Sep-20,09-2020,CCI,0.0,0.0,12.72,43.419999999999995,165.62,0.0,0.68,0.0,222.44
Sep-20,09-2020,CCWF,0.0,0.0,3.4,0.0,233.0,0.0,0.0,0.0,236.4
Sep-20,09-2020,CEN,0.0,0.0,19.6,0.0,71.3,0.0,0.0,0.0,90.9
Sep-20,09-2020,CHCF,0.0,0.0,0.0,13.899999999999999,59.6,0.0,0.0,0.0,73.5
Sep-20,09-2020,CIM,0.0,0.0,0.0,0.0,0.0,0.0,6.4,0.0,6.4
Sep-20,09-2020,CIW,0.0,0.0,5.5,0.0,47.33,0.0,2.1,0.0,54.93
Sep-20,09-2020,CMC,0.0,0.0,0.0,0.0,0.003,0.0,0.01,0.0,0.013000000000000001
Sep-20,09-2020,CMF,16.32,0.0,3.5,327.27,0.26,0.0,0.16,0.0,347.51
Sep-20,09-2020,COR,0.0,0.0,31.9,484.7,200.4,6.5,0.0,0.0,723.5
Sep-20,09-2020,CRC,0.0,0.0,43.400000000000006,1.6,51.6,0.0,0.0,0.0,96.60000000000001
Sep-20,09-2020,CTF,0.0,0.0,0.0,0.0,0.0,0.0,0.4,0.0,0.4
Sep-20,09-2020,CVSP,0.0,0.0,0.0,0.0,0.0,0.0,0.0,0.0,0.0
Sep-20,09-2020,DVI,0.0,4.9,17.6,35.4,15.6,0.0,2.0,0.0,75.5
Sep-20,09-2020,FOL,0.0,0.0,0.0,0.0,0.0,0.0,0.0,0.0,0.0
Sep-20,09-2020,HDSP,0.0,56.8,42.7,0.0,53.1,0.0,2.0,0.0,154.6
Sep-20,09-2020,ISP,0.0,0.0,0.0,0.0,0.0,0.0,0.0,0.0,0.0
Sep-20,09-2020,KVSP,0.0,0.0,320.03999999999996,119.53,821.58,0.0,0.0,0.0,1261.15
Sep-20,09-2020,LAC,0.0,0.0,8.48,157.6,20.07,0.0,0.0,0.0,186.14999999999998
Sep-20,09-2020,MCSP,0.0,0.0,9.8,0.0,0.0,0.0,27.8,0.0,37.6
Sep-20,09-2020,NKSP,0.0,0.0,0.0,0.0,0.0,0.0,0.0,0.0,0.0
Sep-20,09-2020,PBSP,0.0,0.0,2.5,0.0,0.0,0.0,0.0,0.0,2.5
Sep-20,09-2020,PVSP,0.0,0.0,35.09,0.1,64.71,0.87,0.0,0.0,100.77000000000001
Sep-20,09-2020,RJD,0.0,0.0,62.9,5.2,518.4,0.0,0.0,0.0,586.5
Sep-20,09-2020,SAC,0.0,0.0,0.0,60.19,86.62,17.69,5.4,0.0,169.9
Sep-20,09-2020,SATF,0.0,0.0,0.0,11.7,18.0,0.0,1.2,0.0,30.9
Sep-20,09-2020,SCC,0.0,0.0,37.5,23.7,28.9,0.0,21.0,0.0,111.1
Sep-20,09-2020,SOL,0.0,0.0,1.5,210.10000000000002,0.0,0.0,0.0,0.0,211.60000000000002
Sep-20,09-2020,SQ,0.0,0.0,20.6,0.0,210.5,108.28,0.04,0.0,339.42
Sep-20,09-2020,SVSP,0.0,0.0,112.04,340.62,35.28,71.9,1.13,0.0,560.97
Sep-20,09-2020,VSP,0.0,0.0,0.0,0.0,1.55,0.0,0.0,0.0,1.55
Sep-20,09-2020,WSP,0.0,0.0,31.0,0.0,0.0,0.0,11.03,0.0,42.03
Oct-20,10-2020,ASP,0.0,0.0,0.0,0.14,80.55,0.0,0.248,0.0,80.938
Oct-20,10-2020,CAC,0.0,0.0,0.43,0.0,0.0,0.0,0.0,0.0,0.43
Oct-20,10-2020,CAL,0.0,0.0,148.9,20.6,485.6,0.0,49.0,0.0,704.1
Oct-20,10-2020,CCC,0.0,0.0,12.8,8.5,2.3,0.0,2.4,0.0,26.0
Oct-20,10-2020,CCI,0.0,0.0,3.17,4.41,1202.64,0.0,159.4,0.0,1369.6200000000001
Oct-20,10-2020,CCWF,0.0,0.0,31.200000000000003,0.0,96.0,0.0,0.3,0.0,127.5
Oct-20,10-2020,CEN,0.0,0.0,9.2,18.7,120.10000000000001,0.0,0.0,0.0,148.0
Oct-20,10-2020,CHCF,0.0,0.0,0.0,6.4,0.0,0.0,0.0,0.0,6.4
Oct-20,10-2020,CIM,0.0,0.0,3.7,68.5,4.6,0.0,0.0,0.0,76.8
Oct-20,10-2020,CIW,0.0,0.0,60.0,0.0,11.0,0.0,0.0,0.0,71.0
Oct-20,10-2020,CMC,0.0,0.0,0.0,0.0,0.0,0.0,0.0,0.0,0.0
Oct-20,10-2020,CMF,0.0,0.0,0.0,0.0,13.64,0.0,0.0,0.0,13.64
Oct-20,10-2020,COR,0.0,0.0,7.2,29.759999999999998,128.7,17.2,0.0,0.0,182.85999999999999
Oct-20,10-2020,CRC,1.6,0.0,49.6,194.3,69.1,0.0,0.0,0.0,314.6
Oct-20,10-2020,CTF,0.0,0.0,58.74,5.3,0.5,0.0,0.43,0.0,64.97000000000001
Oct-20,10-2020,CVSP,0.0,0.0,0.0,0.0,0.0,0.0,0.0,0.0,0.0
Oct-20,10-2020,DVI,0.0,54.358999999999995,18.8,59.1,0.0,0.0,0.07,0.0,132.32899999999998
Oct-20,10-2020,FOL,0.0,0.0,0.0,123.75,0.0,6.71,0.0,0.0,130.46
Oct-20,10-2020,HDSP,0.0,0.0,0.0,0.0,91.3,0.0,0.0,0.0,91.3
Oct-20,10-2020,ISP,0.0,0.0,0.0,0.0,0.0,0.0,0.0,0.0,0.0
Oct-20,10-2020,KVSP,0.0,0.0,79.37,15.1,176.0,0.0,0.0,0.0,270.47
Oct-20,10-2020,LAC,0.12,0.0,17.17,13.55,19.97,0.0,0.0,0.0,50.81
Oct-20,10-2020,MCSP,0.0,0.0,0.0,0.0,51.0,0.0,0.0,0.0,51.0
Oct-20,10-2020,NKSP,0.0,0.0,0.0,0.0,10.6,0.0,0.0,0.0,10.6
Oct-20,10-2020,PBSP,3.4,0.0,30.6,8.5,55.9,0.0,0.0,0.0,98.4
Oct-20,10-2020,PVSP,0.0,0.0,1.59,0.0,106.65,0.0,0.32,0.0,108.56
Oct-20,10-2020,RJD,0.0,0.0,8.4,273.8,352.9,0.0,0.0,0.0,635.0999999999999
Oct-20,10-2020,SAC,0.0,0.0,0.0,8.13,250.66,46.53,32.0,0.0,337.32000000000005
Oct-20,10-2020,SATF,0.0,0.0,21.9,54.1,16.8,0.0,0.0,0.0,92.8
Oct-20,10-2020,SCC,0.0,0.0,0.0,109.5,55.9,0.0,2.0,0.0,167.4
Oct-20,10-2020,SOL,0.0,0.0,0.0,0.0,0.0,0.0,0.0,0.0,0.0
Oct-20,10-2020,SQ,0.0,0.0,0.0,371.52,261.78,0.0,11.18,0.0,644.4799999999999
Oct-20,10-2020,SVSP,0.0,0.0,67.44,1036.22,508.64000000000004,100.12,0.0,0.0,1712.42
Oct-20,10-2020,VSP,0.0,0.0,0.0,0.0,0.0,0.0,0.0,0.0,0.0
Oct-20,10-2020,WSP,0.0,0.0,0.25,0.0,28.09,0.0,0.7,0.0,29.04
Nov-20,11-2020,ASP,0.0,0.0,0.0,0.0,73.66,0.0,1.0,0.0,74.66
Nov-20,11-2020,CAC,0.0,0.0,85.2,57.8,44.1,0.0,0.0,0.0,187.1
Nov-20,11-2020,CAL,0.0,0.0,6.3,829.2,360.3,0.0,11.0,0.0,1206.8
Nov-20,11-2020,CCC,0.0,0.0,8.6,8.71,33.6,0.0,0.0,0.0,50.910000000000004
Nov-20,11-2020,CCI,0.0,0.0,1.5,0.0,163.6,0.0,0.7,0.0,165.79999999999998
Nov-20,11-2020,CCWF,0.0,0.0,78.1,37.1,160.1,0.0,0.0,0.0,275.29999999999995
Nov-20,11-2020,CEN,0.0,0.0,1.8,0.0,22.5,0.0,0.0,0.0,24.3
Nov-20,11-2020,CHCF,0.0,0.0,0.0,0.0,90.1,0.0,0.0,0.0,90.1
Nov-20,11-2020,CIM,0.0,0.0,0.0,86.7,3.2,0.0,0.01,0.0,89.91000000000001
Nov-20,11-2020,CIW,0.0,0.0,37.1,3.3,16.9,0.0,0.0,0.0,57.3
Nov-20,11-2020,CMC,0.0,0.0,0.7,0.0,0.1,0.0,0.01,0.0,0.8099999999999999
Nov-20,11-2020,CMF,0.0,0.0,0.0,1.15,7.7,0.0,0.0,0.0,8.85
Nov-20,11-2020,COR,0.0,0.0,17.3,39.88,27.21,0.0,0.0,0.0,84.39000000000001
Nov-20,11-2020,CRC,0.0,0.0,14.6,5.1,12.2,0.0,0.0,0.0,31.9
Nov-20,11-2020,CTF,0.0,0.0,26.4,0.33,4.3,0.0,1.4,0.0,32.43
Nov-20,11-2020,CVSP,0.0,0.0,0.0,0.0,0.0,0.0,0.0,0.0,0.0
Nov-20,11-2020,DVI,0.0,0.133,0.0,88.0,0.0,0.0,0.0,0.0,88.133
Nov-20,11-2020,FOL,0.0,0.0,2.41,0.0,0.0,0.0,0.0,0.0,2.41
Nov-20,11-2020,HDSP,0.0,5.7,0.0,34.3,266.5,0.0,12.0,0.0,318.5
Nov-20,11-2020,ISP,0.0,0.0,0.0,0.0,0.0,0.0,0.0,0.0,0.0
Nov-20,11-2020,KVSP,0.0,0.0,15.8,12.2,161.6,0.0,0.4,0.0,190.0
Nov-20,11-2020,LAC,0.5,0.0,275.09,1261.38,463.19,0.0,288.0,0.6,2288.7599999999998
Nov-20,11-2020,MCSP,0.0,0.0,0.0,0.0,0.0,0.0,0.0,0.0,0.0
Nov-20,11-2020,NKSP,0.0,0.0,0.0,6.4,24.9,0.0,0.0,0.0,31.299999999999997
Nov-20,11-2020,PBSP,4.2,0.0,8.0,0.0,36.9,0.0,0.0,0.0,49.099999999999994
Nov-20,11-2020,PVSP,0.0,0.0,4.77,0.0,0.0,0.0,0.0,0.0,4.77
Nov-20,11-2020,RJD,0.0,0.0,6.9,2.0,630.1999999999999,0.0,0.0,0.0,639.0999999999999
Nov-20,11-2020,SAC,0.0,0.0,80.44,2.66,1456.3,41.0,1.8,0.0,1582.1999999999998
Nov-20,11-2020,SATF,0.0,0.0,0.0,0.0,38.7,109.4,0.0,0.0,148.10000000000002
Nov-20,11-2020,SCC,0.0,0.0,1.0,179.6,63.5,0.0,25.0,0.0,269.1
Nov-20,11-2020,SOL,0.0,0.0,0.0,0.0,0.0,0.0,0.0,0.0,0.0
Nov-20,11-2020,SQ,0.0,0.0,27.73,466.13,165.05,0.0,0.0,0.0,658.9100000000001
Nov-20,11-2020,SVSP,0.0,0.0,119.15,119.23,112.43,0.0,1.7,0.0,352.51
Nov-20,11-2020,VSP,0.0,0.0,0.0,0.0,0.0,0.0,0.0,0.0,0.0
Nov-20,11-2020,WSP,0.0,0.0,0.0,0.0,26.83,0.0,0.2,15.0,42.03
Dec-20,12-2020,ASP,0.0,0.0,0.0,0.0,41.2,0.0,0.067,0.0,41.267
Dec-20,12-2020,CAC,0.0,0.0,0.0,0.0,0.0,0.0,0.0,0.0,0.0
Dec-20,12-2020,CAL,0.0,0.0,36.4,0.0,135.2,0.0,2.0,0.0,173.6
Dec-20,12-2020,CCC,0.0,0.0,0.0,147.78,48.3,0.0,0.0,0.0,196.07999999999998
Dec-20,12-2020,CCI,0.0,0.0,0.0,3.6,121.2,0.0,19.8,0.0,144.6
Dec-20,12-2020,CCWF,3.4,0.0,28.4,4450.2,251.4,0.0,0.0,0.0,4733.4
Dec-20,12-2020,CEN,0.0,0.0,7.9,0.2,35.2,0.0,0.0,0.0,43.300000000000004
Dec-20,12-2020,CHCF,0.0,0.0,0.0,0.0,65.098,0.0,0.0,0.0,65.098
Dec-20,12-2020,CIM,0.0,0.0,0.1,75.8,124.4,0.0,1.8,0.0,202.10000000000002
Dec-20,12-2020,CIW,0.0,0.0,0.0,4.2,28.9,0.0,1.7,0.0,34.800000000000004
Dec-20,12-2020,CMC,0.0,0.0,0.0,8.0,0.0,0.0,0.02,0.0,8.02
Dec-20,12-2020,CMF,0.0,0.0,5.31,4.72,17.5,0.0,0.21,0.0,27.740000000000002
Dec-20,12-2020,COR,0.0,0.0,2.4,24.8,160.1,0.0,0.3,0.0,187.6
Dec-20,12-2020,CRC,0.0,0.0,0.0,93.3,83.9,0.0,0.0,0.0,177.2
Dec-20,12-2020,CTF,0.0,0.0,0.0,7.82,61.63,0.0,2.0,0.0,71.45
Dec-20,12-2020,CVSP,0.0,0.0,0.0,0.0,0.0,0.0,0.0,0.0,0.0
Dec-20,12-2020,DVI,0.0,0.0,2.0,100.9,2.0,0.0,0.0,0.0,104.9
Dec-20,12-2020,FOL,0.0,0.0,0.0,0.0,0.0,0.0,0.0,0.0,0.0
Dec-20,12-2020,HDSP,0.0,0.0,2.2,0.0,111.0,0.0,5.0,0.0,118.2
Dec-20,12-2020,ISP,0.0,0.0,0.0,0.0,0.0,0.0,0.0,0.0,0.0
Dec-20,12-2020,KVSP,0.0,0.0,12.6,189.6,19.89,0.0,0.0,0.0,222.08999999999997
Dec-20,12-2020,LAC,0.0,0.0,52.5,15.6,71.0,0.0,0.0,0.0,139.1
Dec-20,12-2020,MCSP,0.0,0.0,0.0,0.0,0.0,0.0,0.0,0.0,0.0
Dec-20,12-2020,NKSP,0.0,0.0,1.6,0.0,0.0,0.0,0.0,0.0,1.6
Dec-20,12-2020,PBSP,0.0,0.0,0.0,0.0,0.0,0.0,0.0,0.0,0.0
Dec-20,12-2020,PVSP,0.0,0.0,19.38,0.0,23.89,0.0,0.0,0.0,43.269999999999996
Dec-20,12-2020,RJD,0.0,0.0,112.0,0.2,89.6,0.0,0.0,0.0,201.8
Dec-20,12-2020,SAC,0.0,0.0,128.25,105.74000000000001,72.76,0.0,0.0,0.0,306.75
Dec-20,12-2020,SATF,0.0,0.0,1.2,0.0,424.5,45.3,0.0,0.0,471.0
Dec-20,12-2020,SCC,0.0,0.0,1.1,917.8,50.5,0.0,7.0,0.0,976.4
Dec-20,12-2020,SOL,0.0,0.0,1.1,0.4,1.0,0.0,0.0,0.0,2.5
Dec-20,12-2020,SQ,0.0,0.0,31.33,0.0,57.87,0.0,0.08,0.0,89.27999999999999
Dec-20,12-2020,SVSP,0.0,0.0,0.0,34.660000000000004,56.24,26.81,0.53,0.0,118.24000000000001
Dec-20,12-2020,VSP,0.0,0.0,0.0,0.0,0.0,0.0,0.0,0.0,0.0
Dec-20,12-2020,WSP,0.0,0.0,0.0,0.0,0.0,0.0,0.0,0.0,0.0
