SearchDate,MonthYear,Institution,CellPhone,Cocaine,Hash,Heroin,Marijuana,Methamphetamine,Tobacco,Butane_Oil,Suboxone,Fentanyl,Total
Jan-18,01-2018,ASP,2,0,0,1,1,0,0,0,0,0,4
Jan-18,01-2018,CAC,11,0,0,0,0,0,0,0,0,0,11
Jan-18,01-2018,CAL,70,0,0,12,5,3,1,0,0,0,91
Jan-18,01-2018,CCC,64,0,1,0,13,3,11,0,0,0,92
Jan-18,01-2018,CCI,3,0,0,1,0,4,1,0,0,0,9
Jan-18,01-2018,CCWF,8,0,0,3,0,0,1,0,0,0,12
Jan-18,01-2018,CEN,25,0,0,1,4,1,0,0,0,0,31
Jan-18,01-2018,CHCF,2,0,0,0,7,0,2,0,0,0,11
Jan-18,01-2018,CIM,3,0,0,0,1,0,1,0,0,0,5
Jan-18,01-2018,CIW,12,0,0,4,1,7,3,0,0,0,27
Jan-18,01-2018,CMC,30,0,0,0,9,0,3,0,0,0,42
Jan-18,01-2018,CMF,17,0,1,0,2,4,4,0,0,0,28
Jan-18,01-2018,COR,25,0,0,3,10,3,0,0,0,0,41
Jan-18,01-2018,CRC,18,0,0,5,8,5,2,0,0,0,38
Jan-18,01-2018,CTF,25,0,0,3,2,1,0,0,0,0,31
Jan-18,01-2018,CVSP,0,0,0,0,0,0,0,0,0,0,0
Jan-18,01-2018,DVI,23,0,0,5,5,0,0,0,0,0,33
Jan-18,01-2018,FOL,21,0,0,1,10,1,7,0,0,0,40
Jan-18,01-2018,HDSP,7,0,0,1,2,0,0,0,0,0,10
Jan-18,01-2018,ISP,14,0,0,5,0,1,0,0,0,0,20
Jan-18,01-2018,KVSP,19,0,0,4,1,5,1,0,0,0,30
Jan-18,01-2018,LAC,46,0,0,5,17,7,7,0,0,0,82
Jan-18,01-2018,MCSP,5,0,0,8,7,2,2,0,0,0,24
Jan-18,01-2018,NKSP,22,0,0,0,3,0,1,0,0,0,26
Jan-18,01-2018,PBSP,3,0,0,0,0,0,0,0,0,0,3
Jan-18,01-2018,PVSP,14,0,0,7,2,9,2,0,0,0,34
Jan-18,01-2018,RJD,4,2,0,4,8,0,4,0,0,0,22
Jan-18,01-2018,SAC,53,0,0,4,2,7,0,0,0,0,66
Jan-18,01-2018,SATF,11,0,0,3,0,2,0,0,0,0,16
Jan-18,01-2018,SCC,60,0,0,0,0,6,5,0,0,0,71
Jan-18,01-2018,SOL,29,0,0,6,4,4,5,0,0,0,48
Jan-18,01-2018,SQ,20,0,0,2,9,4,5,0,0,0,40
Jan-18,01-2018,SVSP,23,1,0,11,5,7,0,0,0,0,47
Jan-18,01-2018,VSP,5,0,0,0,3,2,1,0,0,0,11
Jan-18,01-2018,WSP,16,0,0,0,0,0,2,0,0,0,18
Feb-18,02-2018,ASP,1,0,0,0,0,2,0,0,0,0,3
Feb-18,02-2018,CAC,7,0,0,0,0,0,0,0,0,0,7
Feb-18,02-2018,CAL,45,0,0,7,3,3,0,0,0,0,58
Feb-18,02-2018,CCC,52,0,0,0,8,6,2,0,0,0,68
Feb-18,02-2018,CCI,10,0,0,1,0,1,2,0,0,0,14
Feb-18,02-2018,CCWF,4,0,0,4,1,0,0,0,0,0,9
Feb-18,02-2018,CEN,16,0,0,0,7,4,3,0,0,0,30
Feb-18,02-2018,CHCF,2,0,0,0,3,0,2,0,0,0,7
Feb-18,02-2018,CIM,5,0,0,0,1,1,2,0,0,0,9
Feb-18,02-2018,CIW,5,0,0,2,1,6,1,0,0,0,15
Feb-18,02-2018,CMC,13,0,0,0,4,1,3,0,0,0,21
Feb-18,02-2018,CMF,20,0,0,0,0,1,0,0,0,0,21
Feb-18,02-2018,COR,21,0,0,13,10,7,0,0,0,0,51
Feb-18,02-2018,CRC,11,0,0,2,5,1,2,0,0,0,21
Feb-18,02-2018,CTF,13,0,0,4,2,4,2,0,0,0,25
Feb-18,02-2018,CVSP,0,0,0,0,0,0,0,0,0,0,0
Feb-18,02-2018,DVI,2,0,0,2,0,2,0,0,0,0,6
Feb-18,02-2018,FOL,21,0,0,1,9,6,1,0,0,0,38
Feb-18,02-2018,HDSP,5,0,0,6,6,7,0,0,0,0,24
Feb-18,02-2018,ISP,15,0,0,1,0,2,1,0,0,0,19
Feb-18,02-2018,KVSP,21,0,0,6,3,10,1,0,0,0,41
Feb-18,02-2018,LAC,41,0,0,4,5,2,3,0,0,0,55
Feb-18,02-2018,MCSP,7,0,0,1,1,5,1,1,0,0,16
Feb-18,02-2018,NKSP,23,0,0,4,3,5,3,0,0,0,38
Feb-18,02-2018,PBSP,3,0,0,3,0,1,1,0,0,0,8
Feb-18,02-2018,PVSP,3,0,0,0,0,1,0,0,0,0,4
Feb-18,02-2018,RJD,8,0,0,6,4,1,2,0,0,0,21
Feb-18,02-2018,SAC,52,0,0,4,4,7,3,0,0,0,70
Feb-18,02-2018,SATF,29,0,0,5,0,4,8,0,0,0,46
Feb-18,02-2018,SCC,53,0,0,0,7,4,13,0,0,0,77
Feb-18,02-2018,SOL,37,0,1,2,5,1,6,1,0,0,53
Feb-18,02-2018,SQ,16,0,0,4,1,2,2,0,0,0,25
Feb-18,02-2018,SVSP,28,0,0,7,7,5,1,0,0,0,48
Feb-18,02-2018,VSP,7,0,0,0,0,1,1,0,0,0,9
Feb-18,02-2018,WSP,18,1,0,2,5,1,4,0,0,0,31
Mar-18,03-2018,ASP,4,0,0,1,0,3,2,0,0,0,10
Mar-18,03-2018,CAC,0,0,0,0,0,0,0,0,0,0,0
Mar-18,03-2018,CAL,78,0,1,10,15,1,3,0,0,0,108
Mar-18,03-2018,CCC,50,0,0,0,5,3,1,1,0,0,60
Mar-18,03-2018,CCI,3,0,0,0,0,0,0,0,0,0,3
Mar-18,03-2018,CCWF,3,0,0,3,0,3,0,0,0,0,9
Mar-18,03-2018,CEN,9,0,0,4,8,1,2,0,0,0,24
Mar-18,03-2018,CHCF,6,0,0,0,4,0,2,0,0,0,12
Mar-18,03-2018,CIM,5,0,0,1,1,2,2,0,0,0,11
Mar-18,03-2018,CIW,19,0,0,4,1,6,2,0,0,0,32
Mar-18,03-2018,CMC,28,0,0,0,0,3,5,0,0,0,36
Mar-18,03-2018,CMF,25,0,0,3,0,0,2,0,0,0,30
Mar-18,03-2018,COR,38,0,0,5,13,4,5,0,0,0,65
Mar-18,03-2018,CRC,28,0,0,4,4,4,0,0,0,0,40
Mar-18,03-2018,CTF,18,0,0,3,1,3,1,0,0,0,26
Mar-18,03-2018,CVSP,0,0,0,0,0,0,0,0,0,0,0
Mar-18,03-2018,DVI,1,0,0,0,3,3,0,1,0,0,8
Mar-18,03-2018,FOL,36,0,1,10,15,3,4,1,0,0,70
Mar-18,03-2018,HDSP,8,1,0,2,1,6,0,0,0,0,18
Mar-18,03-2018,ISP,18,0,0,3,1,2,0,0,0,0,24
Mar-18,03-2018,KVSP,29,0,0,13,9,15,2,0,0,0,68
Mar-18,03-2018,LAC,44,0,0,1,4,5,4,0,0,0,58
Mar-18,03-2018,MCSP,7,0,0,3,0,0,2,0,0,0,12
Mar-18,03-2018,NKSP,11,0,0,5,6,7,3,0,0,0,32
Mar-18,03-2018,PBSP,0,0,0,1,1,1,0,0,0,0,3
Mar-18,03-2018,PVSP,6,0,0,0,1,2,0,0,0,0,9
Mar-18,03-2018,RJD,8,1,0,2,6,1,2,0,0,0,20
Mar-18,03-2018,SAC,38,0,0,5,11,4,4,0,0,0,62
Mar-18,03-2018,SATF,16,1,0,2,3,5,2,1,0,0,30
Mar-18,03-2018,SCC,55,0,0,5,9,9,12,0,0,0,90
Mar-18,03-2018,SOL,37,0,1,3,5,2,2,1,0,0,51
Mar-18,03-2018,SQ,30,0,0,3,6,4,3,0,0,0,46
Mar-18,03-2018,SVSP,54,0,0,10,20,7,9,6,0,0,106
Mar-18,03-2018,VSP,5,0,0,2,1,0,8,0,0,0,16
Mar-18,03-2018,WSP,10,0,0,2,3,2,1,1,0,0,19
Apr-18,04-2018,ASP,7,0,0,4,0,0,0,0,0,0,11
Apr-18,04-2018,CAC,4,0,0,2,0,0,0,0,0,0,6
Apr-18,04-2018,CAL,63,0,0,7,2,1,0,0,0,0,73
Apr-18,04-2018,CCC,49,1,0,5,8,12,9,0,0,0,84
Apr-18,04-2018,CCI,8,0,0,0,0,1,1,0,0,0,10
Apr-18,04-2018,CCWF,0,0,0,0,0,0,0,0,0,0,0
Apr-18,04-2018,CEN,29,0,0,4,5,1,1,0,0,0,40
Apr-18,04-2018,CHCF,3,0,0,0,0,2,3,0,0,0,8
Apr-18,04-2018,CIM,8,0,0,1,2,2,0,0,0,0,13
Apr-18,04-2018,CIW,4,0,0,0,0,1,0,0,0,0,5
Apr-18,04-2018,CMC,15,0,0,0,2,2,2,0,0,0,21
Apr-18,04-2018,CMF,15,0,0,2,11,2,2,1,0,0,33
Apr-18,04-2018,COR,20,0,0,1,9,3,5,0,0,0,38
Apr-18,04-2018,CRC,9,0,0,4,3,3,0,0,0,0,19
Apr-18,04-2018,CTF,16,0,0,1,1,0,0,0,0,0,18
Apr-18,04-2018,CVSP,0,0,0,0,0,0,2,0,0,0,2
Apr-18,04-2018,DVI,2,0,0,0,1,0,0,1,0,0,4
Apr-18,04-2018,FOL,25,0,0,4,13,2,2,0,0,0,46
Apr-18,04-2018,HDSP,7,0,0,6,3,6,0,2,0,0,24
Apr-18,04-2018,ISP,18,0,0,4,1,2,2,0,0,0,27
Apr-18,04-2018,KVSP,24,0,0,5,2,8,0,0,0,0,39
Apr-18,04-2018,LAC,45,0,0,3,7,5,8,0,0,0,68
Apr-18,04-2018,MCSP,6,0,0,3,4,1,0,0,0,0,14
Apr-18,04-2018,NKSP,12,0,0,2,4,2,0,0,0,0,20
Apr-18,04-2018,PBSP,2,0,0,2,0,2,1,0,0,0,7
Apr-18,04-2018,PVSP,5,0,0,0,1,1,2,1,0,0,10
Apr-18,04-2018,RJD,5,0,0,3,3,3,2,0,0,0,16
Apr-18,04-2018,SAC,32,0,0,4,8,4,5,0,0,0,53
Apr-18,04-2018,SATF,16,0,0,4,0,2,0,0,0,0,22
Apr-18,04-2018,SCC,66,0,0,6,16,15,22,0,0,0,125
Apr-18,04-2018,SOL,48,0,0,3,15,4,5,0,0,0,75
Apr-18,04-2018,SQ,16,1,1,0,5,0,1,0,0,0,24
Apr-18,04-2018,SVSP,30,0,0,6,11,13,2,3,0,0,65
Apr-18,04-2018,VSP,5,0,0,2,1,0,1,0,0,0,9
Apr-18,04-2018,WSP,18,0,0,4,10,8,5,0,0,0,45
May-18,05-2018,ASP,6,0,0,1,1,1,0,0,0,0,9
May-18,05-2018,CAC,3,0,1,5,1,3,0,0,0,0,13
May-18,05-2018,CAL,61,0,0,5,1,5,0,1,0,0,73
May-18,05-2018,CCC,55,0,0,0,5,3,1,0,0,0,64
May-18,05-2018,CCI,8,0,0,5,3,2,0,0,0,0,18
May-18,05-2018,CCWF,5,0,0,1,0,1,1,0,0,0,8
May-18,05-2018,CEN,35,0,1,6,9,5,2,0,0,0,58
May-18,05-2018,CHCF,9,0,0,1,1,0,2,0,0,0,13
May-18,05-2018,CIM,5,0,0,0,0,2,1,0,0,0,8
May-18,05-2018,CIW,6,0,0,3,0,1,6,0,0,0,16
May-18,05-2018,CMC,21,0,0,2,0,1,2,0,0,0,26
May-18,05-2018,CMF,16,0,0,0,6,2,3,0,0,0,27
May-18,05-2018,COR,25,0,0,10,19,3,7,0,0,0,64
May-18,05-2018,CRC,3,0,0,4,4,3,0,0,0,0,14
May-18,05-2018,CTF,31,0,0,1,8,13,0,0,0,0,53
May-18,05-2018,CVSP,0,0,0,0,0,4,0,0,0,0,4
May-18,05-2018,DVI,3,0,0,2,4,1,0,0,0,0,10
May-18,05-2018,FOL,8,0,0,7,11,6,1,0,0,0,33
May-18,05-2018,HDSP,3,0,0,5,4,1,0,2,0,0,15
May-18,05-2018,ISP,23,0,0,2,1,3,0,0,0,0,29
May-18,05-2018,KVSP,20,0,0,6,4,2,2,0,0,0,34
May-18,05-2018,LAC,26,0,0,5,16,7,3,0,0,0,57
May-18,05-2018,MCSP,4,0,0,1,5,0,2,0,0,0,12
May-18,05-2018,NKSP,20,0,0,3,7,1,0,0,0,0,31
May-18,05-2018,PBSP,2,0,0,2,0,0,0,0,0,0,4
May-18,05-2018,PVSP,13,0,0,3,3,1,0,0,0,0,20
May-18,05-2018,RJD,8,0,0,5,5,8,1,0,0,0,27
May-18,05-2018,SAC,58,0,1,9,7,3,4,0,0,0,82
May-18,05-2018,SATF,22,0,0,3,4,7,0,0,0,0,36
May-18,05-2018,SCC,51,0,0,10,13,12,8,0,0,0,94
May-18,05-2018,SOL,40,0,0,0,9,5,4,1,0,0,59
May-18,05-2018,SQ,25,0,0,5,3,2,2,0,0,0,37
May-18,05-2018,SVSP,26,0,0,6,4,2,0,2,0,0,40
May-18,05-2018,VSP,4,0,0,1,3,2,1,0,0,0,11
May-18,05-2018,WSP,17,0,0,1,0,2,3,0,0,0,23
Jun-18,06-2018,ASP,2,0,0,1,0,3,1,0,0,0,7
Jun-18,06-2018,CAC,25,0,0,0,1,1,0,0,0,0,27
Jun-18,06-2018,CAL,36,0,0,4,3,2,1,0,0,0,46
Jun-18,06-2018,CCC,52,0,0,1,25,6,13,0,0,0,97
Jun-18,06-2018,CCI,7,0,0,9,0,4,0,0,0,0,20
Jun-18,06-2018,CCWF,2,0,0,0,0,3,1,0,0,0,6
Jun-18,06-2018,CEN,24,0,0,3,11,3,1,0,0,0,42
Jun-18,06-2018,CHCF,19,0,0,0,15,2,7,0,0,0,43
Jun-18,06-2018,CIM,6,0,0,1,2,2,6,0,0,0,17
Jun-18,06-2018,CIW,3,0,0,1,0,4,0,0,0,0,8
Jun-18,06-2018,CMC,23,0,0,6,5,2,7,0,0,0,43
Jun-18,06-2018,CMF,20,0,0,1,1,0,2,0,0,0,24
Jun-18,06-2018,COR,22,0,0,6,1,2,3,0,0,0,34
Jun-18,06-2018,CRC,4,0,0,1,4,2,0,0,0,0,11
Jun-18,06-2018,CTF,14,0,0,3,5,5,0,0,0,0,27
Jun-18,06-2018,CVSP,0,0,0,0,0,0,0,0,0,0,0
Jun-18,06-2018,DVI,1,0,0,0,3,0,1,0,0,0,5
Jun-18,06-2018,FOL,18,0,0,1,4,3,0,0,0,0,26
Jun-18,06-2018,HDSP,1,0,0,0,4,3,0,1,0,0,9
Jun-18,06-2018,ISP,12,0,0,5,5,3,0,0,0,0,25
Jun-18,06-2018,KVSP,6,0,0,8,2,7,0,0,0,0,23
Jun-18,06-2018,LAC,36,0,0,13,10,1,7,1,0,0,68
Jun-18,06-2018,MCSP,4,0,0,2,0,0,1,0,0,0,7
Jun-18,06-2018,NKSP,20,0,0,1,3,1,0,0,0,0,25
Jun-18,06-2018,PBSP,2,0,0,1,0,0,0,0,0,0,3
Jun-18,06-2018,PVSP,9,0,0,6,2,3,1,0,0,0,21
Jun-18,06-2018,RJD,5,0,0,10,8,11,3,0,0,0,37
Jun-18,06-2018,SAC,47,0,0,4,0,2,4,0,0,0,57
Jun-18,06-2018,SATF,21,0,0,1,2,1,3,0,0,0,28
Jun-18,06-2018,SCC,52,0,0,2,4,4,9,0,0,0,71
Jun-18,06-2018,SOL,50,0,0,4,5,2,1,2,0,0,64
Jun-18,06-2018,SQ,30,0,0,13,16,11,10,0,0,0,80
Jun-18,06-2018,SVSP,36,1,0,5,10,8,5,1,0,0,66
Jun-18,06-2018,VSP,5,0,0,2,0,1,1,0,0,0,9
Jun-18,06-2018,WSP,13,0,0,0,0,1,5,0,0,0,19
Jul-18,07-2018,ASP,2,0,0,2,1,1,0,0,0,0,6
Jul-18,07-2018,CAC,29,0,0,1,0,0,0,0,0,0,30
Jul-18,07-2018,CAL,31,1,0,4,1,3,0,1,0,0,41
Jul-18,07-2018,CCC,29,0,0,1,4,0,0,0,0,0,34
Jul-18,07-2018,CCI,2,0,0,2,0,2,1,0,0,0,7
Jul-18,07-2018,CCWF,4,0,0,4,0,1,0,0,0,0,9
Jul-18,07-2018,CEN,24,0,0,14,9,10,3,0,0,0,60
Jul-18,07-2018,CHCF,8,0,0,0,3,4,1,0,0,0,16
Jul-18,07-2018,CIM,5,0,0,1,0,3,0,0,0,0,9
Jul-18,07-2018,CIW,0,0,0,0,0,3,0,0,0,0,3
Jul-18,07-2018,CMC,11,0,0,3,1,1,5,0,0,0,21
Jul-18,07-2018,CMF,11,0,0,4,3,3,0,0,0,0,21
Jul-18,07-2018,COR,21,0,0,1,8,2,5,0,0,0,37
Jul-18,07-2018,CRC,1,0,0,2,9,0,1,0,0,0,13
Jul-18,07-2018,CTF,17,0,0,1,1,1,0,0,0,0,20
Jul-18,07-2018,CVSP,0,0,0,0,0,0,1,0,0,0,1
Jul-18,07-2018,DVI,3,0,0,2,2,2,0,0,0,0,9
Jul-18,07-2018,FOL,16,0,0,1,7,1,7,0,0,0,32
Jul-18,07-2018,HDSP,9,0,0,2,4,3,0,2,0,0,20
Jul-18,07-2018,ISP,9,0,0,5,0,0,0,0,0,0,14
Jul-18,07-2018,KVSP,24,0,0,3,3,11,0,0,0,0,41
Jul-18,07-2018,LAC,44,0,0,6,6,3,1,1,0,0,61
Jul-18,07-2018,MCSP,6,0,0,2,7,1,1,1,0,0,18
Jul-18,07-2018,NKSP,28,0,0,2,2,2,0,0,0,0,34
Jul-18,07-2018,PBSP,1,0,0,0,1,0,0,0,0,0,2
Jul-18,07-2018,PVSP,1,0,0,2,0,2,0,2,0,0,7
Jul-18,07-2018,RJD,10,0,0,2,8,6,4,0,0,0,30
Jul-18,07-2018,SAC,23,0,0,7,7,3,3,0,0,0,43
Jul-18,07-2018,SATF,18,0,0,4,3,2,3,0,0,0,30
Jul-18,07-2018,SCC,42,0,0,1,2,11,5,0,0,0,61
Jul-18,07-2018,SOL,30,0,0,1,9,4,1,1,0,0,46
Jul-18,07-2018,SQ,34,0,0,16,23,21,7,0,0,0,101
Jul-18,07-2018,SVSP,26,0,0,5,3,4,0,0,0,0,38
Jul-18,07-2018,VSP,2,0,0,0,6,5,3,0,0,0,16
Jul-18,07-2018,WSP,13,0,0,5,2,1,0,0,0,0,21
Aug-18,08-2018,ASP,9,0,0,4,1,0,0,1,0,0,15
Aug-18,08-2018,CAC,0,0,0,7,1,0,0,0,0,0,8
Aug-18,08-2018,CAL,32,0,0,6,5,2,2,2,0,0,49
Aug-18,08-2018,CCC,36,0,0,3,4,2,0,1,0,0,46
Aug-18,08-2018,CCI,4,0,0,0,0,3,1,0,0,0,8
Aug-18,08-2018,CCWF,5,0,0,2,1,3,0,0,0,0,11
Aug-18,08-2018,CEN,16,0,0,4,3,3,1,0,0,0,27
Aug-18,08-2018,CHCF,7,0,0,0,2,0,1,0,0,0,10
Aug-18,08-2018,CIM,4,0,0,2,1,1,1,0,0,0,9
Aug-18,08-2018,CIW,1,0,0,1,1,1,0,0,0,0,4
Aug-18,08-2018,CMC,28,0,0,3,1,5,3,0,0,0,40
Aug-18,08-2018,CMF,28,0,0,3,11,1,0,0,0,0,43
Aug-18,08-2018,COR,35,0,0,8,4,2,0,0,0,0,49
Aug-18,08-2018,CRC,1,0,0,3,3,3,0,0,0,0,10
Aug-18,08-2018,CTF,20,0,0,4,1,3,0,0,0,0,28
Aug-18,08-2018,CVSP,0,0,0,0,0,0,0,0,0,0,0
Aug-18,08-2018,DVI,6,0,1,5,8,6,1,0,0,0,27
Aug-18,08-2018,FOL,25,0,0,6,24,3,13,0,0,0,71
Aug-18,08-2018,HDSP,5,0,0,10,7,7,0,5,0,0,34
Aug-18,08-2018,ISP,18,0,0,4,2,0,0,4,0,0,28
Aug-18,08-2018,KVSP,13,0,0,5,4,7,0,3,0,0,32
Aug-18,08-2018,LAC,63,0,0,7,11,6,5,8,0,0,100
Aug-18,08-2018,MCSP,10,1,0,5,5,7,1,0,0,0,29
Aug-18,08-2018,NKSP,14,0,0,0,2,0,1,0,0,0,17
Aug-18,08-2018,PBSP,2,0,0,1,5,0,0,0,0,0,8
Aug-18,08-2018,PVSP,7,0,0,2,3,1,0,0,0,0,13
Aug-18,08-2018,RJD,2,0,0,2,2,3,0,0,0,0,9
Aug-18,08-2018,SAC,8,0,0,3,6,1,3,0,0,0,21
Aug-18,08-2018,SATF,29,0,0,7,2,1,1,1,0,0,41
Aug-18,08-2018,SCC,34,0,0,2,3,7,7,0,0,0,53
Aug-18,08-2018,SOL,31,0,0,4,6,3,1,1,0,0,46
Aug-18,08-2018,SQ,20,0,0,1,6,2,5,0,0,0,34
Aug-18,08-2018,SVSP,28,0,0,9,4,6,2,0,0,0,49
Aug-18,08-2018,VSP,1,0,0,0,1,1,0,0,0,0,3
Aug-18,08-2018,WSP,7,0,0,0,1,1,0,1,0,0,10
Sep-18,09-2018,ASP,2,0,0,4,0,1,0,0,0,0,7
Sep-18,09-2018,CAC,4,0,0,4,2,2,0,0,0,0,12
Sep-18,09-2018,CAL,29,0,0,11,3,5,0,0,0,0,48
Sep-18,09-2018,CCC,40,1,0,1,4,4,0,0,0,0,50
Sep-18,09-2018,CCI,7,0,0,4,1,2,1,0,0,0,15
Sep-18,09-2018,CCWF,4,0,0,4,1,1,1,0,0,0,11
Sep-18,09-2018,CEN,31,0,0,5,5,3,0,0,0,0,44
Sep-18,09-2018,CHCF,7,0,0,0,1,1,0,0,0,0,9
Sep-18,09-2018,CIM,1,0,0,0,0,3,1,0,0,0,5
Sep-18,09-2018,CIW,1,0,0,2,0,0,1,0,0,0,4
Sep-18,09-2018,CMC,30,0,0,3,14,4,11,0,0,0,62
Sep-18,09-2018,CMF,21,0,0,2,7,8,5,0,0,0,43
Sep-18,09-2018,COR,18,0,0,5,6,2,3,0,0,0,34
Sep-18,09-2018,CRC,5,0,0,1,3,2,1,0,0,0,12
Sep-18,09-2018,CTF,10,0,0,0,0,0,0,0,0,0,10
Sep-18,09-2018,CVSP,0,0,0,0,0,3,0,0,0,0,3
Sep-18,09-2018,DVI,1,0,0,6,5,5,1,0,0,0,18
Sep-18,09-2018,FOL,15,0,0,1,6,2,2,0,0,0,26
Sep-18,09-2018,HDSP,2,0,0,6,2,4,0,1,0,0,15
Sep-18,09-2018,ISP,19,0,0,4,0,1,1,0,0,0,25
Sep-18,09-2018,KVSP,6,0,0,4,4,7,0,0,0,0,21
Sep-18,09-2018,LAC,22,0,0,4,2,11,1,1,0,0,41
Sep-18,09-2018,MCSP,1,0,0,2,2,2,1,0,0,0,8
Sep-18,09-2018,NKSP,16,0,0,4,3,4,2,0,0,0,29
Sep-18,09-2018,PBSP,2,0,1,0,0,0,0,0,0,0,3
Sep-18,09-2018,PVSP,8,0,0,4,2,1,1,2,0,0,18
Sep-18,09-2018,RJD,9,1,0,5,6,6,5,0,0,0,32
Sep-18,09-2018,SAC,46,0,0,4,4,3,1,0,0,0,58
Sep-18,09-2018,SATF,15,0,0,3,0,5,5,2,0,0,30
Sep-18,09-2018,SCC,40,0,0,1,8,7,3,0,0,0,59
Sep-18,09-2018,SOL,36,0,0,4,9,1,2,0,0,0,52
Sep-18,09-2018,SQ,31,0,0,3,1,4,1,0,0,0,40
Sep-18,09-2018,SVSP,21,0,0,15,6,10,1,1,0,0,54
Sep-18,09-2018,VSP,15,0,0,0,3,0,1,0,0,0,19
Sep-18,09-2018,WSP,16,0,0,1,3,1,9,0,0,0,30
Oct-18,10-2018,ASP,7,0,0,1,0,4,2,0,0,0,14
Oct-18,10-2018,CAC,0,0,0,0,2,1,0,0,0,0,3
Oct-18,10-2018,CAL,28,0,0,13,1,2,0,3,0,0,47
Oct-18,10-2018,CCC,56,0,0,2,4,0,4,0,0,0,66
Oct-18,10-2018,CCI,3,0,0,1,0,10,0,0,0,0,14
Oct-18,10-2018,CCWF,0,0,0,1,1,1,0,0,0,0,3
Oct-18,10-2018,CEN,31,0,0,3,12,2,4,0,0,0,52
Oct-18,10-2018,CHCF,8,0,0,0,3,1,2,0,0,0,14
Oct-18,10-2018,CIM,1,0,0,0,1,1,1,0,0,0,4
Oct-18,10-2018,CIW,6,0,0,0,0,4,2,0,0,0,12
Oct-18,10-2018,CMC,36,0,0,0,8,1,13,0,0,0,58
Oct-18,10-2018,CMF,24,1,0,2,6,0,3,0,0,0,36
Oct-18,10-2018,COR,19,0,0,3,2,2,1,0,0,0,27
Oct-18,10-2018,CRC,11,0,0,0,4,0,4,0,0,0,19
Oct-18,10-2018,CTF,23,0,0,2,0,0,0,0,0,0,25
Oct-18,10-2018,CVSP,2,0,0,0,0,0,0,0,0,0,2
Oct-18,10-2018,DVI,6,0,0,0,6,0,4,0,0,0,16
Oct-18,10-2018,FOL,24,0,0,6,3,7,1,0,0,0,41
Oct-18,10-2018,HDSP,5,0,0,2,2,4,0,0,0,0,13
Oct-18,10-2018,ISP,37,0,0,6,1,2,0,2,0,0,48
Oct-18,10-2018,KVSP,23,0,0,4,5,4,0,0,0,0,36
Oct-18,10-2018,LAC,31,0,0,9,12,4,8,0,0,0,64
Oct-18,10-2018,MCSP,13,0,0,6,3,3,1,0,0,0,26
Oct-18,10-2018,NKSP,44,0,0,0,0,1,0,0,0,0,45
Oct-18,10-2018,PBSP,2,0,0,1,0,1,0,0,0,0,4
Oct-18,10-2018,PVSP,7,0,0,1,1,1,2,0,0,0,12
Oct-18,10-2018,RJD,12,1,0,0,4,1,5,0,0,0,23
Oct-18,10-2018,SAC,35,0,0,6,1,1,4,0,0,0,47
Oct-18,10-2018,SATF,21,0,0,3,2,11,3,1,0,0,41
Oct-18,10-2018,SCC,64,1,0,5,10,5,8,0,0,0,93
Oct-18,10-2018,SOL,38,0,0,3,9,5,1,1,0,0,57
Oct-18,10-2018,SQ,43,0,0,4,7,3,5,0,0,0,62
Oct-18,10-2018,SVSP,28,0,0,6,6,8,5,0,0,0,53
Oct-18,10-2018,VSP,4,0,0,0,6,2,1,0,0,0,13
Oct-18,10-2018,WSP,8,0,0,1,0,1,0,0,0,0,10
Nov-18,11-2018,ASP,4,0,0,2,3,1,0,0,0,0,10
Nov-18,11-2018,CAC,3,0,0,2,0,0,0,0,0,0,5
Nov-18,11-2018,CAL,31,0,0,4,4,1,2,0,0,0,42
Nov-18,11-2018,CCC,33,0,0,1,15,1,1,3,0,0,54
Nov-18,11-2018,CCI,2,0,0,0,1,1,0,0,0,0,4
Nov-18,11-2018,CCWF,3,0,0,4,0,2,0,0,0,0,9
Nov-18,11-2018,CEN,30,0,0,9,6,2,4,0,0,0,51
Nov-18,11-2018,CHCF,8,0,0,0,2,1,1,0,0,0,12
Nov-18,11-2018,CIM,5,0,0,2,0,4,0,0,0,0,11
Nov-18,11-2018,CIW,4,0,0,0,0,4,0,0,0,0,8
Nov-18,11-2018,CMC,21,0,0,4,9,3,2,1,0,0,40
Nov-18,11-2018,CMF,33,0,0,1,4,1,2,0,0,0,41
Nov-18,11-2018,COR,46,0,0,3,4,3,4,0,0,0,60
Nov-18,11-2018,CRC,15,0,0,0,8,3,2,0,0,0,28
Nov-18,11-2018,CTF,15,0,0,1,1,0,1,0,0,0,18
Nov-18,11-2018,CVSP,0,0,0,0,0,0,0,0,0,0,0
Nov-18,11-2018,DVI,3,0,0,1,5,0,3,0,0,0,12
Nov-18,11-2018,FOL,21,0,0,5,9,7,0,0,0,0,42
Nov-18,11-2018,HDSP,5,0,0,10,1,4,0,0,0,0,20
Nov-18,11-2018,ISP,32,0,0,6,1,1,1,3,0,0,44
Nov-18,11-2018,KVSP,17,0,0,4,5,7,1,0,0,0,34
Nov-18,11-2018,LAC,21,0,0,6,12,20,2,0,0,0,61
Nov-18,11-2018,MCSP,10,0,1,8,2,0,1,0,0,0,22
Nov-18,11-2018,NKSP,12,0,0,7,2,4,2,0,0,0,27
Nov-18,11-2018,PBSP,1,0,0,2,0,0,0,0,0,0,3
Nov-18,11-2018,PVSP,11,0,0,1,1,1,0,0,0,0,14
Nov-18,11-2018,RJD,4,0,0,3,7,9,0,0,0,0,23
Nov-18,11-2018,SAC,44,0,0,5,10,6,10,1,0,0,76
Nov-18,11-2018,SATF,10,0,0,4,2,2,0,1,0,0,19
Nov-18,11-2018,SCC,39,1,0,4,16,10,9,0,0,0,79
Nov-18,11-2018,SOL,14,0,0,1,2,0,0,2,0,0,19
Nov-18,11-2018,SQ,26,0,0,1,9,3,0,0,0,0,39
Nov-18,11-2018,SVSP,42,0,0,5,5,1,4,0,0,0,57
Nov-18,11-2018,VSP,8,0,0,4,3,3,1,0,0,0,19
Nov-18,11-2018,WSP,23,0,0,2,4,1,2,1,0,0,33
Dec-18,12-2018,ASP,3,0,0,2,0,1,1,0,0,0,7
Dec-18,12-2018,CAC,0,0,0,5,0,2,0,0,0,0,7
Dec-18,12-2018,CAL,41,0,0,10,3,1,1,1,0,0,57
Dec-18,12-2018,CCC,34,0,0,0,10,4,2,0,0,0,50
Dec-18,12-2018,CCI,6,0,0,9,0,3,0,0,0,0,18
Dec-18,12-2018,CCWF,3,0,0,4,2,3,0,0,0,0,12
Dec-18,12-2018,CEN,20,0,0,3,4,0,1,0,0,0,28
Dec-18,12-2018,CHCF,7,0,0,0,0,0,0,0,0,0,7
Dec-18,12-2018,CIM,5,0,0,0,1,0,1,0,0,0,7
Dec-18,12-2018,CIW,3,0,0,1,0,2,0,0,0,0,6
Dec-18,12-2018,CMC,19,0,0,4,3,2,1,0,0,0,29
Dec-18,12-2018,CMF,39,0,0,1,13,0,6,1,0,0,60
Dec-18,12-2018,COR,16,0,0,4,6,2,9,0,0,0,37
Dec-18,12-2018,CRC,17,0,0,1,5,2,0,0,0,0,25
Dec-18,12-2018,CTF,6,0,0,0,0,1,0,0,0,0,7
Dec-18,12-2018,CVSP,0,0,0,0,0,0,0,0,0,0,0
Dec-18,12-2018,DVI,6,0,0,0,10,4,2,0,0,0,22
Dec-18,12-2018,FOL,36,0,0,5,17,8,10,2,0,0,78
Dec-18,12-2018,HDSP,7,0,0,9,8,6,0,0,0,0,30
Dec-18,12-2018,ISP,21,0,0,7,1,1,1,0,0,0,31
Dec-18,12-2018,KVSP,14,0,0,13,10,9,0,0,0,0,46
Dec-18,12-2018,LAC,21,0,0,6,5,3,2,0,0,0,37
Dec-18,12-2018,MCSP,11,0,0,2,1,2,1,0,0,0,17
Dec-18,12-2018,NKSP,13,0,0,0,1,0,1,1,0,0,16
Dec-18,12-2018,PBSP,1,0,0,2,0,2,0,1,0,0,6
Dec-18,12-2018,PVSP,16,0,0,3,2,2,3,0,0,0,26
Dec-18,12-2018,RJD,4,0,0,2,3,2,1,0,0,0,12
Dec-18,12-2018,SAC,35,0,0,7,5,1,3,0,0,0,51
Dec-18,12-2018,SATF,19,0,0,2,4,5,2,0,0,0,32
Dec-18,12-2018,SCC,42,0,0,1,6,5,5,0,0,0,59
Dec-18,12-2018,SOL,18,0,0,1,2,0,1,1,0,0,23
Dec-18,12-2018,SQ,35,0,0,2,20,11,4,0,0,0,72
Dec-18,12-2018,SVSP,27,0,0,5,7,8,4,3,0,0,54
Dec-18,12-2018,VSP,11,0,0,1,4,1,0,0,0,0,17
Dec-18,12-2018,WSP,18,0,0,3,3,2,0,0,0,0,26
Jan-19,01-2019,ASP,7,0,0,1,0,0,0,0,7,0,15
Jan-19,01-2019,CAC,9,0,0,3,0,3,0,0,0,0,15
Jan-19,01-2019,CAL,20,1,0,12,3,3,4,0,0,0,43
Jan-19,01-2019,CCC,52,0,0,1,6,3,1,0,0,0,63
Jan-19,01-2019,CCI,12,1,0,6,3,7,0,0,0,0,29
Jan-19,01-2019,CCWF,6,0,0,3,0,1,1,0,0,0,11
Jan-19,01-2019,CEN,43,0,0,4,13,2,5,0,0,0,67
Jan-19,01-2019,CHCF,18,0,0,0,0,1,0,0,0,0,19
Jan-19,01-2019,CIM,4,0,0,10,5,6,4,0,0,0,29
Jan-19,01-2019,CIW,3,0,0,0,1,1,0,0,0,0,5
Jan-19,01-2019,CMC,26,1,0,3,11,4,2,1,0,0,48
Jan-19,01-2019,CMF,46,0,0,1,6,5,7,0,0,0,65
Jan-19,01-2019,COR,13,0,0,1,4,2,0,0,0,0,20
Jan-19,01-2019,CRC,22,0,0,3,0,4,0,0,0,0,29
Jan-19,01-2019,CTF,13,0,0,1,4,2,1,0,0,0,21
Jan-19,01-2019,CVSP,0,0,0,0,0,0,2,0,0,0,2
Jan-19,01-2019,DVI,7,0,0,2,7,1,1,0,0,0,18
Jan-19,01-2019,FOL,23,0,0,13,8,3,1,0,0,0,48
Jan-19,01-2019,HDSP,11,0,0,2,4,3,0,0,0,0,20
Jan-19,01-2019,ISP,24,0,0,5,0,5,0,0,0,0,34
Jan-19,01-2019,KVSP,42,1,0,6,11,6,3,1,0,0,70
Jan-19,01-2019,LAC,29,0,0,4,12,5,11,0,0,0,61
Jan-19,01-2019,MCSP,12,0,0,14,16,3,5,0,0,0,50
Jan-19,01-2019,NKSP,21,0,1,2,0,2,0,0,0,0,26
Jan-19,01-2019,PBSP,0,0,0,0,0,0,0,0,0,0,0
Jan-19,01-2019,PVSP,3,0,0,1,0,1,0,0,0,0,5
Jan-19,01-2019,RJD,38,0,0,5,5,2,5,0,0,0,55
Jan-19,01-2019,SAC,29,0,0,5,5,0,4,0,0,0,43
Jan-19,01-2019,SATF,10,0,0,0,2,4,0,0,0,0,16
Jan-19,01-2019,SCC,56,2,0,0,10,6,14,0,0,0,88
Jan-19,01-2019,SOL,30,1,0,3,1,0,1,1,0,0,37
Jan-19,01-2019,SQ,22,0,0,2,7,2,5,0,0,0,38
Jan-19,01-2019,SVSP,27,0,0,5,12,2,1,0,0,0,47
Jan-19,01-2019,VSP,5,0,0,1,3,1,0,0,0,0,10
Jan-19,01-2019,WSP,14,0,0,0,9,5,6,1,0,0,35
Feb-19,02-2019,ASP,11,0,0,2,0,1,0,0,0,0,14
Feb-19,02-2019,CAC,10,0,0,5,0,0,0,0,0,0,15
Feb-19,02-2019,CAL,26,0,0,3,4,2,3,5,0,0,43
Feb-19,02-2019,CCC,29,0,0,1,8,0,1,0,0,0,39
Feb-19,02-2019,CCI,6,0,0,6,4,4,0,0,0,0,20
Feb-19,02-2019,CCWF,1,0,0,2,3,3,0,0,0,0,9
Feb-19,02-2019,CEN,15,0,0,5,5,0,3,0,0,0,28
Feb-19,02-2019,CHCF,6,0,0,0,1,1,5,0,0,0,13
Feb-19,02-2019,CIM,2,0,0,2,2,1,0,0,0,0,7
Feb-19,02-2019,CIW,2,0,0,1,1,4,0,0,0,0,8
Feb-19,02-2019,CMC,12,0,0,0,1,1,0,0,0,0,14
Feb-19,02-2019,CMF,27,0,0,0,3,1,3,0,0,0,34
Feb-19,02-2019,COR,24,0,0,5,9,3,3,0,0,0,44
Feb-19,02-2019,CRC,11,0,0,0,2,3,2,0,0,0,18
Feb-19,02-2019,CTF,14,0,0,2,0,0,0,0,0,0,16
Feb-19,02-2019,CVSP,0,0,0,0,0,0,0,0,0,0,0
Feb-19,02-2019,DVI,4,0,0,1,2,1,0,0,0,0,8
Feb-19,02-2019,FOL,12,0,0,3,5,4,3,1,0,0,28
Feb-19,02-2019,HDSP,7,0,0,2,5,5,0,0,0,0,19
Feb-19,02-2019,ISP,26,0,0,3,0,0,2,0,0,0,31
Feb-19,02-2019,KVSP,20,0,0,3,4,7,1,1,0,0,36
Feb-19,02-2019,LAC,37,0,0,6,7,10,2,0,0,0,62
Feb-19,02-2019,MCSP,15,0,0,2,6,3,1,0,0,0,27
Feb-19,02-2019,NKSP,11,0,0,3,0,0,2,0,0,0,16
Feb-19,02-2019,PBSP,1,0,0,0,0,0,0,0,0,0,1
Feb-19,02-2019,PVSP,27,0,0,10,10,8,2,7,0,0,64
Feb-19,02-2019,RJD,25,0,0,1,2,2,1,0,0,0,31
Feb-19,02-2019,SAC,38,0,0,9,2,1,2,0,0,0,52
Feb-19,02-2019,SATF,9,0,0,2,2,2,2,2,0,0,19
Feb-19,02-2019,SCC,32,0,0,2,2,3,3,0,0,0,42
Feb-19,02-2019,SOL,22,0,1,1,4,2,0,0,0,0,30
Feb-19,02-2019,SQ,19,0,0,0,4,3,0,0,0,0,26
Feb-19,02-2019,SVSP,40,0,0,12,8,4,5,2,0,0,71
Feb-19,02-2019,VSP,5,0,0,0,0,1,0,0,0,0,6
Feb-19,02-2019,WSP,15,0,0,1,2,0,0,0,0,0,18
Mar-19,03-2019,ASP,1,0,0,0,0,1,0,0,0,0,2
Mar-19,03-2019,CAC,13,0,0,1,2,1,1,0,0,0,18
Mar-19,03-2019,CAL,27,0,0,9,5,1,2,1,0,0,45
Mar-19,03-2019,CCC,46,0,0,2,4,0,2,0,0,0,54
Mar-19,03-2019,CCI,3,0,0,5,1,2,0,0,0,2,13
Mar-19,03-2019,CCWF,4,0,0,1,1,1,0,0,0,0,7
Mar-19,03-2019,CEN,22,0,0,6,4,2,1,0,0,0,35
Mar-19,03-2019,CHCF,9,0,0,0,3,1,2,0,0,0,15
Mar-19,03-2019,CIM,5,0,0,1,1,1,2,0,0,0,10
Mar-19,03-2019,CIW,7,0,0,0,0,1,0,0,0,0,8
Mar-19,03-2019,CMC,15,1,0,3,1,9,0,0,0,0,29
Mar-19,03-2019,CMF,21,0,0,0,7,0,5,1,0,0,34
Mar-19,03-2019,COR,35,0,0,9,7,4,5,1,0,0,61
Mar-19,03-2019,CRC,0,0,0,0,5,5,1,0,0,0,11
Mar-19,03-2019,CTF,11,0,0,1,1,2,0,0,0,0,15
Mar-19,03-2019,CVSP,0,0,0,0,0,0,0,0,0,0,0
Mar-19,03-2019,DVI,10,1,0,4,9,1,5,0,0,0,30
Mar-19,03-2019,FOL,16,0,0,8,6,5,1,0,0,0,36
Mar-19,03-2019,HDSP,3,0,0,1,2,2,0,4,0,0,12
Mar-19,03-2019,ISP,38,0,0,3,2,0,0,0,0,0,43
Mar-19,03-2019,KVSP,36,0,0,4,5,8,1,0,0,0,54
Mar-19,03-2019,LAC,23,0,0,6,5,3,5,0,0,0,42
Mar-19,03-2019,MCSP,13,1,0,4,4,3,0,0,0,0,25
Mar-19,03-2019,NKSP,20,0,0,2,0,1,2,0,0,0,25
Mar-19,03-2019,PBSP,2,0,0,0,0,0,0,0,0,0,2
Mar-19,03-2019,PVSP,8,0,0,3,0,2,0,1,0,0,14
Mar-19,03-2019,RJD,15,0,0,4,2,2,0,0,0,0,23
Mar-19,03-2019,SAC,67,0,0,0,6,7,1,0,0,0,81
Mar-19,03-2019,SATF,12,0,0,7,3,4,0,1,0,0,27
Mar-19,03-2019,SCC,44,1,0,1,10,7,7,0,0,0,70
Mar-19,03-2019,SOL,21,0,0,0,3,2,1,1,0,0,28
Mar-19,03-2019,SQ,17,0,0,1,6,2,1,0,0,0,27
Mar-19,03-2019,SVSP,49,0,0,14,10,8,7,1,0,0,89
Mar-19,03-2019,VSP,6,0,0,1,1,0,0,0,0,0,8
Mar-19,03-2019,WSP,19,0,0,2,4,2,1,0,0,0,28
Apr-19,04-2019,ASP,5,0,0,0,0,3,0,0,0,0,8
Apr-19,04-2019,CAC,11,0,0,2,1,0,0,1,0,0,15
Apr-19,04-2019,CAL,32,0,0,8,3,2,8,1,0,0,54
Apr-19,04-2019,CCC,39,0,0,3,8,11,6,2,0,0,69
Apr-19,04-2019,CCI,3,0,0,1,2,4,0,0,0,0,10
Apr-19,04-2019,CCWF,4,0,0,5,1,2,0,0,0,0,12
Apr-19,04-2019,CEN,26,0,0,11,3,1,1,0,0,0,42
Apr-19,04-2019,CHCF,7,0,0,1,0,0,0,0,0,0,8
Apr-19,04-2019,CIM,4,0,0,2,0,2,1,0,0,0,9
Apr-19,04-2019,CIW,2,0,0,1,0,3,0,0,0,0,6
Apr-19,04-2019,CMC,16,0,0,2,0,5,0,0,0,0,23
Apr-19,04-2019,CMF,27,0,0,1,5,4,4,0,0,0,41
Apr-19,04-2019,COR,29,0,0,12,11,6,3,1,0,0,62
Apr-19,04-2019,CRC,1,0,0,0,5,3,1,0,0,0,10
Apr-19,04-2019,CTF,22,0,0,2,0,2,0,0,0,0,26
Apr-19,04-2019,CVSP,0,0,0,0,0,0,0,0,0,0,0
Apr-19,04-2019,DVI,4,0,0,3,4,4,0,0,0,1,16
Apr-19,04-2019,FOL,23,0,0,3,10,7,6,0,0,0,49
Apr-19,04-2019,HDSP,3,0,0,3,1,0,0,0,0,0,7
Apr-19,04-2019,ISP,29,0,0,6,0,1,3,0,0,0,39
Apr-19,04-2019,KVSP,10,0,0,4,3,7,3,0,0,0,27
Apr-19,04-2019,LAC,43,1,0,12,11,10,7,0,0,0,84
Apr-19,04-2019,MCSP,14,1,1,10,9,6,3,0,0,0,44
Apr-19,04-2019,NKSP,26,0,0,1,0,1,0,0,0,0,28
Apr-19,04-2019,PBSP,4,0,0,0,0,0,0,0,0,0,4
Apr-19,04-2019,PVSP,13,0,0,2,0,2,0,1,0,0,18
Apr-19,04-2019,RJD,21,0,0,5,7,5,3,0,0,0,41
Apr-19,04-2019,SAC,26,0,0,6,0,0,0,0,0,0,32
Apr-19,04-2019,SATF,8,0,0,2,2,2,1,2,0,0,17
Apr-19,04-2019,SCC,44,0,0,2,3,2,6,0,0,0,57
Apr-19,04-2019,SOL,31,0,0,3,4,1,2,1,0,0,42
Apr-19,04-2019,SQ,17,0,0,0,5,3,2,0,0,0,27
Apr-19,04-2019,SVSP,42,0,0,5,16,5,8,4,0,0,80
Apr-19,04-2019,VSP,8,0,0,2,0,0,1,0,0,0,11
Apr-19,04-2019,WSP,11,0,0,4,3,1,2,1,0,0,22
May-19,05-2019,ASP,8,0,0,3,1,3,0,0,2,0,17
May-19,05-2019,CAC,14,0,0,4,0,0,0,0,0,0,18
May-19,05-2019,CAL,25,0,0,3,4,0,1,1,1,0,35
May-19,05-2019,CCC,33,0,0,0,3,5,4,0,2,0,47
May-19,05-2019,CCI,15,0,0,4,2,5,0,0,0,0,26
May-19,05-2019,CCWF,13,0,0,6,6,1,2,0,2,0,30
May-19,05-2019,CEN,21,0,0,4,5,2,0,0,1,0,33
May-19,05-2019,CHCF,8,0,0,0,3,0,1,0,0,0,12
May-19,05-2019,CIM,9,0,0,1,2,3,6,0,3,0,24
May-19,05-2019,CIW,3,0,0,0,0,1,2,0,0,0,6
May-19,05-2019,CMC,6,0,0,4,2,0,0,0,0,0,12
May-19,05-2019,CMF,19,0,0,3,5,1,2,0,0,0,30
May-19,05-2019,COR,33,0,0,4,2,4,2,1,0,0,46
May-19,05-2019,CRC,9,0,0,1,2,4,0,0,0,0,16
May-19,05-2019,CTF,19,0,0,0,2,0,3,0,0,0,24
May-19,05-2019,CVSP,1,0,0,0,0,0,0,0,0,0,1
May-19,05-2019,DVI,4,0,0,2,8,2,1,0,0,0,17
May-19,05-2019,FOL,6,0,0,4,6,4,1,0,0,0,21
May-19,05-2019,HDSP,25,0,0,11,1,4,0,0,0,0,41
May-19,05-2019,ISP,20,0,0,10,4,5,3,0,0,0,42
May-19,05-2019,KVSP,15,0,0,12,9,8,0,0,1,0,45
May-19,05-2019,LAC,38,0,0,13,13,10,4,0,0,2,80
May-19,05-2019,MCSP,6,0,0,8,0,4,1,0,1,0,20
May-19,05-2019,NKSP,18,0,0,0,2,2,1,1,0,0,24
May-19,05-2019,PBSP,3,0,0,0,0,0,0,0,0,0,3
May-19,05-2019,PVSP,12,0,0,4,1,0,2,1,3,0,23
May-19,05-2019,RJD,42,0,0,7,11,11,5,0,0,1,77
May-19,05-2019,SAC,22,0,0,3,7,6,0,0,0,0,38
May-19,05-2019,SATF,4,0,0,6,6,7,0,0,0,0,23
May-19,05-2019,SCC,47,0,0,0,7,7,4,0,4,0,69
May-19,05-2019,SOL,16,0,1,6,2,4,4,6,0,0,39
May-19,05-2019,SQ,24,0,0,5,8,8,6,0,0,0,51
May-19,05-2019,SVSP,42,1,0,8,12,5,6,1,0,0,75
May-19,05-2019,VSP,12,0,0,1,1,0,0,0,2,0,16
May-19,05-2019,WSP,24,0,0,7,5,3,1,0,0,0,40
Jun-19,06-2019,ASP,4,0,0,1,1,4,1,0,0,0,11
Jun-19,06-2019,CAC,28,0,0,6,3,0,1,0,0,0,38
Jun-19,06-2019,CAL,14,0,0,2,2,4,3,0,3,0,28
Jun-19,06-2019,CCC,47,0,0,1,5,6,4,0,2,0,65
Jun-19,06-2019,CCI,9,0,0,8,3,4,1,0,2,0,27
Jun-19,06-2019,CCWF,2,0,0,2,0,1,0,0,6,0,11
Jun-19,06-2019,CEN,27,0,0,5,2,3,0,0,0,0,37
Jun-19,06-2019,CHCF,11,0,0,0,0,0,6,0,0,0,17
Jun-19,06-2019,CIM,4,0,0,1,1,2,1,0,2,0,11
Jun-19,06-2019,CIW,1,0,0,0,0,1,1,0,1,0,4
Jun-19,06-2019,CMC,10,0,0,0,0,1,1,0,0,0,12
Jun-19,06-2019,CMF,13,0,0,1,2,1,1,0,0,0,18
Jun-19,06-2019,COR,18,0,0,6,5,4,2,0,1,0,36
Jun-19,06-2019,CRC,10,0,0,0,6,3,1,0,0,0,20
Jun-19,06-2019,CTF,20,0,0,1,4,2,0,0,1,0,28
Jun-19,06-2019,CVSP,0,0,0,0,0,1,2,0,0,0,3
Jun-19,06-2019,DVI,1,0,0,3,0,1,1,0,0,0,6
Jun-19,06-2019,FOL,18,0,0,1,10,2,0,0,2,0,33
Jun-19,06-2019,HDSP,32,0,0,3,4,4,0,1,1,0,45
Jun-19,06-2019,ISP,24,0,2,6,0,6,2,0,0,0,40
Jun-19,06-2019,KVSP,10,1,0,13,8,7,0,0,1,0,40
Jun-19,06-2019,LAC,35,0,0,8,6,1,1,0,1,0,52
Jun-19,06-2019,MCSP,10,0,0,5,4,6,3,0,3,0,31
Jun-19,06-2019,NKSP,8,0,0,2,2,1,2,0,0,0,15
Jun-19,06-2019,PBSP,3,0,0,2,2,1,0,0,0,0,8
Jun-19,06-2019,PVSP,29,0,0,3,4,3,0,1,6,0,46
Jun-19,06-2019,RJD,41,0,0,10,6,6,5,0,0,0,68
Jun-19,06-2019,SAC,30,0,0,5,5,2,0,1,1,0,44
Jun-19,06-2019,SATF,4,0,0,5,0,3,0,0,2,0,14
Jun-19,06-2019,SCC,51,0,0,1,1,1,4,0,1,0,59
Jun-19,06-2019,SOL,21,0,0,2,7,0,0,1,0,0,31
Jun-19,06-2019,SQ,16,0,0,2,6,6,4,0,0,0,34
Jun-19,06-2019,SVSP,60,1,0,14,16,9,8,0,1,1,110
Jun-19,06-2019,VSP,9,0,0,0,1,3,0,0,4,0,17
Jun-19,06-2019,WSP,20,0,0,0,3,4,0,0,0,0,27
Jul-19,07-2019,ASP,1,0,0,0,0,1,0,0,0,0,2
Jul-19,07-2019,CAC,13,0,0,2,0,0,0,0,0,0,15
Jul-19,07-2019,CAL,24,0,0,6,8,6,1,0,2,0,47
Jul-19,07-2019,CCC,19,0,0,1,3,5,2,0,2,0,32
Jul-19,07-2019,CCI,17,0,0,6,2,2,1,0,0,0,28
Jul-19,07-2019,CCWF,3,0,0,3,3,2,0,0,4,0,15
Jul-19,07-2019,CEN,25,1,1,12,1,2,0,0,0,0,42
Jul-19,07-2019,CHCF,8,0,0,0,1,3,0,0,0,0,12
Jul-19,07-2019,CIM,3,0,0,0,1,1,2,0,0,0,7
Jul-19,07-2019,CIW,1,0,0,2,0,3,0,0,0,0,6
Jul-19,07-2019,CMC,10,0,0,2,3,2,1,0,0,0,18
Jul-19,07-2019,CMF,43,0,0,0,3,0,6,0,0,0,52
Jul-19,07-2019,COR,12,0,0,6,5,2,0,0,0,0,25
Jul-19,07-2019,CRC,10,0,0,2,8,7,0,0,0,0,27
Jul-19,07-2019,CTF,17,0,0,0,2,1,1,0,1,0,22
Jul-19,07-2019,CVSP,0,0,0,0,0,0,3,0,0,0,3
Jul-19,07-2019,DVI,1,0,0,8,3,5,0,0,0,0,17
Jul-19,07-2019,FOL,30,1,0,8,14,2,1,0,2,0,58
Jul-19,07-2019,HDSP,3,0,0,2,1,3,0,2,0,0,11
Jul-19,07-2019,ISP,31,0,3,6,3,2,6,0,0,0,51
Jul-19,07-2019,KVSP,16,0,0,11,3,9,0,1,4,0,44
Jul-19,07-2019,LAC,30,0,0,5,6,3,5,0,2,0,51
Jul-19,07-2019,MCSP,8,0,0,7,4,4,2,0,4,0,29
Jul-19,07-2019,NKSP,19,0,0,0,0,1,0,0,0,0,20
Jul-19,07-2019,PBSP,1,0,0,2,0,1,0,0,0,0,4
Jul-19,07-2019,PVSP,41,0,0,4,1,2,0,2,4,0,54
Jul-19,07-2019,RJD,16,0,0,2,4,2,1,0,0,0,25
Jul-19,07-2019,SAC,12,0,0,2,5,2,3,3,0,0,27
Jul-19,07-2019,SATF,11,0,1,8,3,3,1,3,1,0,31
Jul-19,07-2019,SCC,64,0,0,1,5,5,6,0,2,0,83
Jul-19,07-2019,SOL,26,0,1,2,2,2,0,2,0,0,35
Jul-19,07-2019,SQ,11,0,0,3,12,5,3,0,0,0,34
Jul-19,07-2019,SVSP,39,1,0,22,9,9,3,5,0,0,88
Jul-19,07-2019,VSP,4,0,0,0,1,0,0,0,0,0,5
Jul-19,07-2019,WSP,5,0,0,0,2,1,1,0,0,0,9
Aug-19,08-2019,ASP,3,0,0,0,0,0,0,0,5,0,8
Aug-19,08-2019,CAC,12,0,0,0,0,2,0,0,1,0,15
Aug-19,08-2019,CAL,26,0,0,11,4,3,2,2,1,0,49
Aug-19,08-2019,CCC,25,0,0,7,3,1,3,0,1,0,40
Aug-19,08-2019,CCI,21,0,0,1,2,2,0,0,1,0,27
Aug-19,08-2019,CCWF,4,0,0,5,2,3,0,0,0,0,14
Aug-19,08-2019,CEN,17,2,0,8,7,4,2,0,1,0,41
Aug-19,08-2019,CHCF,15,0,0,0,3,2,2,0,0,0,22
Aug-19,08-2019,CIM,3,0,0,2,2,1,0,0,0,0,8
Aug-19,08-2019,CIW,3,0,0,0,0,1,0,0,0,0,4
Aug-19,08-2019,CMC,13,0,0,0,3,0,3,2,0,0,21
Aug-19,08-2019,CMF,29,0,0,0,6,6,6,0,0,0,47
Aug-19,08-2019,COR,21,0,0,12,14,5,0,3,0,0,55
Aug-19,08-2019,CRC,30,0,0,2,4,2,2,0,1,0,41
Aug-19,08-2019,CTF,11,0,0,2,2,3,0,0,1,0,19
Aug-19,08-2019,CVSP,0,0,0,0,0,4,2,0,0,0,6
Aug-19,08-2019,DVI,3,0,0,1,3,3,1,0,0,0,11
Aug-19,08-2019,FOL,19,0,0,6,3,7,2,2,3,0,42
Aug-19,08-2019,HDSP,3,0,0,3,1,5,0,1,1,1,15
Aug-19,08-2019,ISP,27,0,1,3,2,1,2,0,0,0,36
Aug-19,08-2019,KVSP,17,0,0,11,2,6,0,0,3,0,39
Aug-19,08-2019,LAC,25,0,0,12,7,5,7,0,0,0,56
Aug-19,08-2019,MCSP,6,0,1,7,1,4,3,1,8,2,33
Aug-19,08-2019,NKSP,14,0,0,2,3,6,1,1,0,0,27
Aug-19,08-2019,PBSP,3,0,0,0,0,0,0,0,0,0,3
Aug-19,08-2019,PVSP,8,0,0,2,2,3,0,3,7,0,25
Aug-19,08-2019,RJD,19,0,0,1,6,9,2,0,0,0,37
Aug-19,08-2019,SAC,51,0,0,13,12,7,9,5,0,0,97
Aug-19,08-2019,SATF,9,0,0,7,4,8,2,4,2,0,36
Aug-19,08-2019,SCC,32,0,0,0,0,2,4,0,0,0,38
Aug-19,08-2019,SOL,33,0,0,2,1,1,1,0,0,0,38
Aug-19,08-2019,SQ,14,0,0,4,5,8,4,0,0,0,35
Aug-19,08-2019,SVSP,34,0,0,13,9,7,5,1,0,0,69
Aug-19,08-2019,VSP,10,0,0,0,0,0,0,0,0,0,10
Aug-19,08-2019,WSP,24,0,0,2,5,2,2,0,0,0,35
Sep-19,09-2019,ASP,4,0,0,0,8,2,4,3,0,0,21
Sep-19,09-2019,CAC,33,0,0,4,0,0,0,0,0,0,37
Sep-19,09-2019,CAL,23,0,0,6,0,4,0,0,1,0,34
Sep-19,09-2019,CCC,29,0,0,0,1,1,2,0,1,0,34
Sep-19,09-2019,CCI,8,0,0,5,0,7,0,0,0,0,20
Sep-19,09-2019,CCWF,2,0,0,0,1,2,0,0,4,0,9
Sep-19,09-2019,CEN,22,0,0,7,7,1,2,0,0,0,39
Sep-19,09-2019,CHCF,3,0,0,0,1,1,2,0,0,0,7
Sep-19,09-2019,CIM,9,0,0,1,2,1,2,0,0,0,15
Sep-19,09-2019,CIW,3,0,0,0,0,3,0,0,2,0,8
Sep-19,09-2019,CMC,16,0,0,1,6,2,0,0,0,0,25
Sep-19,09-2019,CMF,24,0,0,0,2,6,6,0,0,0,38
Sep-19,09-2019,COR,19,0,0,2,3,5,2,0,0,0,31
Sep-19,09-2019,CRC,31,0,0,2,8,5,3,0,3,0,52
Sep-19,09-2019,CTF,12,0,0,1,2,1,1,0,0,0,17
Sep-19,09-2019,CVSP,1,0,0,0,0,0,0,0,0,0,1
Sep-19,09-2019,DVI,2,0,0,2,1,2,0,0,0,0,7
Sep-19,09-2019,FOL,20,0,0,5,6,5,0,0,0,0,36
Sep-19,09-2019,HDSP,11,0,0,2,0,1,0,0,1,0,15
Sep-19,09-2019,ISP,18,0,1,2,0,0,0,0,0,0,21
Sep-19,09-2019,KVSP,11,0,0,4,6,6,0,0,0,0,27
Sep-19,09-2019,LAC,77,0,0,18,17,12,1,0,1,1,127
Sep-19,09-2019,MCSP,13,0,0,4,6,5,2,0,3,0,33
Sep-19,09-2019,NKSP,24,0,0,7,0,2,1,0,0,0,34
Sep-19,09-2019,PBSP,0,0,0,0,0,0,0,0,0,0,0
Sep-19,09-2019,PVSP,32,0,0,8,3,6,1,1,3,0,54
Sep-19,09-2019,RJD,14,0,0,1,5,3,1,0,0,0,24
Sep-19,09-2019,SAC,44,0,0,10,5,5,3,1,0,0,68
Sep-19,09-2019,SATF,7,0,0,2,0,0,1,2,1,0,13
Sep-19,09-2019,SCC,34,0,0,0,1,0,2,0,0,0,37
Sep-19,09-2019,SOL,28,0,0,11,7,1,2,1,1,0,51
Sep-19,09-2019,SQ,43,0,0,1,17,16,25,0,0,0,102
Sep-19,09-2019,SVSP,27,0,0,8,8,8,4,3,0,0,58
Sep-19,09-2019,VSP,9,0,0,1,0,2,1,0,0,0,13
Sep-19,09-2019,WSP,37,0,0,6,14,7,6,1,1,0,72
Oct-19,10-2019,ASP,1,0,0,1,1,2,0,0,0,0,5
Oct-19,10-2019,CAC,25,0,0,5,1,2,0,0,0,0,33
Oct-19,10-2019,CAL,39,0,0,8,5,2,0,2,2,0,58
Oct-19,10-2019,CCC,19,0,0,2,2,3,1,2,2,0,31
Oct-19,10-2019,CCI,7,0,0,3,0,4,0,0,2,0,16
Oct-19,10-2019,CCWF,7,0,0,6,0,2,0,0,4,0,19
Oct-19,10-2019,CEN,28,1,0,7,5,0,1,0,1,0,43
Oct-19,10-2019,CHCF,8,0,0,2,1,1,5,0,0,0,17
Oct-19,10-2019,CIM,8,0,0,1,3,5,2,0,3,0,22
Oct-19,10-2019,CIW,0,0,0,1,0,2,0,0,2,0,5
Oct-19,10-2019,CMC,10,0,0,0,4,2,0,0,0,0,16
Oct-19,10-2019,CMF,51,0,0,1,10,4,2,1,0,0,69
Oct-19,10-2019,COR,29,0,0,6,12,4,1,1,0,0,53
Oct-19,10-2019,CRC,38,1,0,2,3,3,0,0,1,0,48
Oct-19,10-2019,CTF,7,1,0,7,5,6,2,0,4,0,32
Oct-19,10-2019,CVSP,1,0,0,1,0,0,2,0,0,0,4
Oct-19,10-2019,DVI,5,0,0,4,4,2,3,0,0,0,18
Oct-19,10-2019,FOL,17,0,0,13,2,4,1,0,2,0,39
Oct-19,10-2019,HDSP,8,0,0,2,0,6,0,0,4,0,20
Oct-19,10-2019,ISP,12,0,0,1,0,1,1,1,0,0,16
Oct-19,10-2019,KVSP,7,0,0,6,1,8,1,0,4,0,27
Oct-19,10-2019,LAC,29,0,0,11,11,4,0,0,3,6,64
Oct-19,10-2019,MCSP,17,0,0,4,2,1,0,0,3,1,28
Oct-19,10-2019,NKSP,11,0,0,1,0,2,0,0,0,0,14
Oct-19,10-2019,PBSP,0,0,0,2,0,0,0,0,0,0,2
Oct-19,10-2019,PVSP,15,0,0,4,2,2,0,0,2,0,25
Oct-19,10-2019,RJD,10,0,0,3,0,3,0,0,1,0,17
Oct-19,10-2019,SAC,60,1,0,8,6,10,6,1,0,0,92
Oct-19,10-2019,SATF,7,0,0,3,4,3,1,1,1,0,20
Oct-19,10-2019,SCC,25,0,0,0,5,5,1,0,2,0,38
Oct-19,10-2019,SOL,29,0,0,3,2,4,0,2,2,0,42
Oct-19,10-2019,SQ,4,0,0,2,8,5,2,0,0,0,21
Oct-19,10-2019,SVSP,27,0,0,15,5,5,2,6,0,0,60
Oct-19,10-2019,VSP,2,0,0,0,1,3,0,0,0,0,6
Oct-19,10-2019,WSP,9,0,0,1,1,3,2,0,0,0,16
Nov-19,11-2019,ASP,4,0,0,0,1,0,1,0,0,0,6
Nov-19,11-2019,CAC,38,0,0,3,2,0,0,0,0,0,43
Nov-19,11-2019,CAL,11,0,0,7,0,4,0,0,0,0,22
Nov-19,11-2019,CCC,29,0,0,0,2,2,1,0,0,0,34
Nov-19,11-2019,CCI,7,0,0,0,0,1,1,0,0,0,9
Nov-19,11-2019,CCWF,2,0,0,6,1,4,0,0,1,0,14
Nov-19,11-2019,CEN,27,0,0,0,2,0,0,0,0,0,29
Nov-19,11-2019,CHCF,4,0,0,1,0,0,1,0,0,0,6
Nov-19,11-2019,CIM,2,0,0,1,1,1,0,0,0,0,5
Nov-19,11-2019,CIW,1,0,0,0,0,2,0,0,1,0,4
Nov-19,11-2019,CMC,11,0,0,2,1,2,0,0,0,0,16
Nov-19,11-2019,CMF,34,0,0,1,6,0,1,0,0,0,42
Nov-19,11-2019,COR,19,0,1,5,2,7,0,0,1,0,35
Nov-19,11-2019,CRC,14,0,0,0,1,2,0,0,1,0,18
Nov-19,11-2019,CTF,8,0,0,3,4,5,1,0,2,0,23
Nov-19,11-2019,CVSP,0,0,0,0,0,2,0,0,0,0,2
Nov-19,11-2019,DVI,3,0,0,3,6,3,1,2,0,0,18
Nov-19,11-2019,FOL,12,0,0,7,4,5,1,3,2,0,34
Nov-19,11-2019,HDSP,7,0,0,9,5,2,0,0,0,0,23
Nov-19,11-2019,ISP,14,0,0,1,0,0,0,0,1,0,16
Nov-19,11-2019,KVSP,48,0,0,7,5,6,2,0,2,0,70
Nov-19,11-2019,LAC,22,0,0,4,6,4,1,0,0,2,39
Nov-19,11-2019,MCSP,18,0,0,0,14,10,2,1,1,1,47
Nov-19,11-2019,NKSP,10,0,0,1,0,1,0,0,1,0,13
Nov-19,11-2019,PBSP,0,0,0,0,1,0,0,0,0,0,1
Nov-19,11-2019,PVSP,17,0,0,5,2,2,0,2,1,0,29
Nov-19,11-2019,RJD,16,0,0,0,6,5,2,0,0,0,29
Nov-19,11-2019,SAC,38,0,0,5,6,5,2,2,1,0,59
Nov-19,11-2019,SATF,6,0,0,8,0,1,0,0,0,0,15
Nov-19,11-2019,SCC,39,0,0,0,9,4,11,0,3,0,66
Nov-19,11-2019,SOL,23,0,0,3,1,1,1,1,1,0,31
Nov-19,11-2019,SQ,19,0,0,7,10,1,0,0,0,0,37
Nov-19,11-2019,SVSP,29,0,0,6,6,4,2,4,0,0,51
Nov-19,11-2019,VSP,11,0,0,0,6,1,0,0,0,0,18
Nov-19,11-2019,WSP,12,0,0,0,1,0,0,1,0,0,14
Dec-19,12-2019,ASP,2,0,0,0,1,1,3,0,0,0,7
Dec-19,12-2019,CAC,14,0,0,4,3,0,0,0,1,0,22
Dec-19,12-2019,CAL,19,0,0,3,5,3,2,0,1,0,33
Dec-19,12-2019,CCC,32,0,0,0,0,1,2,0,0,0,35
Dec-19,12-2019,CCI,7,2,0,2,0,1,1,0,3,1,17
Dec-19,12-2019,CCWF,0,0,0,3,1,1,0,0,6,0,11
Dec-19,12-2019,CEN,18,0,0,3,2,1,0,0,0,0,24
Dec-19,12-2019,CHCF,5,0,0,0,0,0,0,0,0,0,5
Dec-19,12-2019,CIM,3,0,0,0,1,3,1,0,2,0,10
Dec-19,12-2019,CIW,3,0,0,4,0,4,0,0,1,0,12
Dec-19,12-2019,CMC,13,0,0,2,5,4,3,0,0,0,27
Dec-19,12-2019,CMF,24,0,0,0,0,0,0,0,0,0,24
Dec-19,12-2019,COR,14,1,0,7,5,4,5,1,0,0,37
Dec-19,12-2019,CRC,10,0,0,1,2,1,1,0,4,0,19
Dec-19,12-2019,CTF,12,0,0,0,7,0,0,0,0,0,19
Dec-19,12-2019,CVSP,1,0,0,0,0,0,0,0,0,0,1
Dec-19,12-2019,DVI,6,0,0,1,18,11,7,0,0,0,43
Dec-19,12-2019,FOL,30,0,6,7,21,3,0,2,7,0,76
Dec-19,12-2019,HDSP,10,0,1,3,0,2,0,0,0,0,16
Dec-19,12-2019,ISP,11,0,0,2,5,3,4,0,1,0,26
Dec-19,12-2019,KVSP,5,0,0,3,0,7,0,0,4,0,19
Dec-19,12-2019,LAC,33,0,0,11,7,4,7,0,1,0,63
Dec-19,12-2019,MCSP,4,1,0,4,0,3,0,0,1,1,14
Dec-19,12-2019,NKSP,14,0,0,1,0,0,1,0,1,0,17
Dec-19,12-2019,PBSP,0,0,0,0,1,0,0,0,0,0,1
Dec-19,12-2019,PVSP,13,0,0,6,1,3,0,2,0,0,25
Dec-19,12-2019,RJD,18,1,0,2,7,3,5,0,0,0,36
Dec-19,12-2019,SAC,36,2,0,4,6,0,1,0,0,0,49
Dec-19,12-2019,SATF,6,0,0,1,1,1,0,0,0,0,9
Dec-19,12-2019,SCC,47,0,0,2,11,4,14,0,0,0,78
Dec-19,12-2019,SOL,17,1,0,3,3,0,3,0,0,0,27
Dec-19,12-2019,SQ,12,0,1,2,6,4,2,0,0,0,27
Dec-19,12-2019,SVSP,24,0,0,8,5,3,1,2,0,0,43
Dec-19,12-2019,VSP,7,0,1,2,2,4,0,0,0,0,16
Dec-19,12-2019,WSP,11,0,0,1,0,2,0,1,0,0,15
Jan-20,01-2020,ASP,2,0,0,1,0,2,0,0,0,0,5
Jan-20,01-2020,CAC,17,0,0,2,0,7,0,0,2,0,28
Jan-20,01-2020,CAL,30,0,0,5,3,1,2,0,7,0,48
Jan-20,01-2020,CCC,34,0,0,3,9,5,2,1,0,0,54
Jan-20,01-2020,CCI,8,1,0,0,1,2,1,0,4,0,17
Jan-20,01-2020,CCWF,2,0,0,2,0,0,0,0,8,0,12
Jan-20,01-2020,CEN,22,0,0,6,4,2,1,0,1,0,36
Jan-20,01-2020,CHCF,3,0,0,0,0,1,1,0,0,0,5
Jan-20,01-2020,CIM,9,0,0,2,3,3,2,0,2,0,21
Jan-20,01-2020,CIW,2,0,0,1,0,3,1,0,0,0,7
Jan-20,01-2020,CMC,11,0,0,0,1,0,1,0,0,0,13
Jan-20,01-2020,CMF,36,0,0,1,7,1,0,0,0,0,45
Jan-20,01-2020,COR,24,0,0,11,4,5,3,1,1,0,49
Jan-20,01-2020,CRC,10,0,0,1,2,2,0,2,2,0,19
Jan-20,01-2020,CTF,8,0,0,0,2,1,1,0,0,0,12
Jan-20,01-2020,CVSP,1,0,0,0,1,0,1,0,2,0,5
Jan-20,01-2020,DVI,4,0,0,2,3,0,2,0,0,0,11
Jan-20,01-2020,FOL,14,0,0,2,5,2,1,2,0,0,26
Jan-20,01-2020,HDSP,4,0,0,1,2,2,0,1,2,0,12
Jan-20,01-2020,ISP,18,0,0,5,4,2,0,0,0,0,29
Jan-20,01-2020,KVSP,16,0,0,3,4,4,0,0,1,0,28
Jan-20,01-2020,LAC,43,0,0,11,12,3,5,0,2,1,77
Jan-20,01-2020,MCSP,6,0,0,5,2,2,0,0,0,0,15
Jan-20,01-2020,NKSP,28,0,0,3,1,0,1,0,0,0,33
Jan-20,01-2020,PBSP,0,0,0,0,1,0,0,0,0,0,1
Jan-20,01-2020,PVSP,6,0,1,8,7,1,0,1,1,0,25
Jan-20,01-2020,RJD,24,0,0,5,3,6,10,0,0,0,48
Jan-20,01-2020,SAC,76,0,0,4,9,1,7,3,0,0,100
Jan-20,01-2020,SATF,10,0,0,4,1,1,1,1,0,0,18
Jan-20,01-2020,SCC,32,0,0,1,4,1,9,0,5,0,52
Jan-20,01-2020,SOL,23,0,1,3,10,4,3,0,0,0,44
Jan-20,01-2020,SQ,34,0,0,4,7,5,2,1,0,0,53
Jan-20,01-2020,SVSP,22,0,0,6,4,8,6,2,0,0,48
Jan-20,01-2020,VSP,13,0,0,0,0,1,0,0,0,0,14
Jan-20,01-2020,WSP,2,0,0,0,0,0,0,0,0,0,2
Feb-20,02-2020,ASP,1,0,0,1,3,3,0,2,2,0,12
Feb-20,02-2020,CAC,8,0,0,5,0,0,0,0,0,0,13
Feb-20,02-2020,CAL,18,0,0,5,0,2,0,0,4,0,29
Feb-20,02-2020,CCC,29,0,0,3,2,1,1,2,1,0,39
Feb-20,02-2020,CCI,6,0,0,1,0,0,0,0,1,1,9
Feb-20,02-2020,CCWF,0,0,0,2,0,2,0,0,1,0,5
Feb-20,02-2020,CEN,15,0,0,5,4,3,0,0,0,0,27
Feb-20,02-2020,CHCF,3,0,0,0,0,1,0,0,0,0,4
Feb-20,02-2020,CIM,5,0,0,1,4,1,0,0,1,0,12
Feb-20,02-2020,CIW,3,0,0,1,0,1,0,0,0,0,5
Feb-20,02-2020,CMC,7,0,0,3,5,2,0,0,0,0,17
Feb-20,02-2020,CMF,14,0,0,2,6,4,0,0,0,0,26
Feb-20,02-2020,COR,15,0,0,9,4,3,2,0,1,0,34
Feb-20,02-2020,CRC,15,0,0,2,7,8,2,1,2,0,37
Feb-20,02-2020,CTF,11,0,0,3,0,2,0,0,5,0,21
Feb-20,02-2020,CVSP,0,0,0,0,0,2,1,0,2,0,5
Feb-20,02-2020,DVI,4,0,0,3,7,0,0,0,0,1,15
Feb-20,02-2020,FOL,16,0,0,5,6,3,2,0,3,0,35
Feb-20,02-2020,HDSP,3,0,0,2,0,4,0,2,2,0,13
Feb-20,02-2020,ISP,10,0,0,5,3,3,4,1,0,0,26
Feb-20,02-2020,KVSP,19,0,0,1,1,2,1,0,0,0,24
Feb-20,02-2020,LAC,43,0,0,22,14,4,3,0,5,0,91
Feb-20,02-2020,MCSP,6,0,0,1,2,0,0,0,1,0,10
Feb-20,02-2020,NKSP,15,0,1,5,3,2,0,1,0,0,27
Feb-20,02-2020,PBSP,0,0,0,2,0,2,0,0,2,0,6
Feb-20,02-2020,PVSP,18,0,0,6,2,2,0,4,0,0,32
Feb-20,02-2020,RJD,13,0,0,5,5,1,0,0,0,0,24
Feb-20,02-2020,SAC,31,0,0,7,2,3,5,0,0,0,48
Feb-20,02-2020,SATF,21,0,0,12,2,4,4,2,0,0,45
Feb-20,02-2020,SCC,33,0,0,2,6,4,7,0,1,0,53
Feb-20,02-2020,SOL,67,0,0,3,5,1,1,1,0,0,78
Feb-20,02-2020,SQ,6,0,0,7,1,3,2,0,0,0,19
Feb-20,02-2020,SVSP,34,0,0,6,2,4,3,3,1,0,53
Feb-20,02-2020,VSP,3,0,0,0,1,1,1,0,0,0,6
Feb-20,02-2020,WSP,15,0,0,2,0,1,0,0,0,0,18
Mar-20,03-2020,ASP,1,0,0,0,0,0,0,0,0,0,1
Mar-20,03-2020,CAC,21,0,0,2,1,0,0,0,0,0,24
Mar-20,03-2020,CAL,16,0,0,5,2,1,0,0,4,0,28
Mar-20,03-2020,CCC,25,0,0,3,4,5,7,0,1,0,45
Mar-20,03-2020,CCI,14,0,0,1,0,3,0,0,0,0,18
Mar-20,03-2020,CCWF,0,0,0,2,0,2,0,0,3,0,7
Mar-20,03-2020,CEN,26,0,1,4,4,1,1,0,1,0,38
Mar-20,03-2020,CHCF,1,0,0,0,0,0,0,0,0,0,1
Mar-20,03-2020,CIM,8,0,0,1,0,2,1,0,2,0,14
Mar-20,03-2020,CIW,5,0,0,0,0,1,0,0,0,0,6
Mar-20,03-2020,CMC,13,0,0,1,2,1,0,0,0,1,18
Mar-20,03-2020,CMF,22,0,0,3,4,5,2,0,0,0,36
Mar-20,03-2020,COR,29,0,0,6,14,6,2,3,4,0,64
Mar-20,03-2020,CRC,26,0,0,9,12,2,5,3,0,0,57
Mar-20,03-2020,CTF,6,0,0,4,3,1,3,0,1,0,18
Mar-20,03-2020,CVSP,0,0,0,0,0,1,0,0,0,0,1
Mar-20,03-2020,DVI,5,0,0,2,1,2,2,0,0,0,12
Mar-20,03-2020,FOL,21,0,1,2,5,0,2,1,0,0,32
Mar-20,03-2020,HDSP,5,0,0,8,2,5,0,0,3,0,23
Mar-20,03-2020,ISP,9,0,0,1,0,0,2,0,0,0,12
Mar-20,03-2020,KVSP,25,0,0,6,4,5,0,0,2,0,42
Mar-20,03-2020,LAC,34,0,0,1,8,4,0,0,4,0,51
Mar-20,03-2020,MCSP,2,0,0,3,2,3,2,1,0,0,13
Mar-20,03-2020,NKSP,17,0,1,1,1,3,1,1,0,0,25
Mar-20,03-2020,PBSP,0,0,0,1,0,0,0,0,0,0,1
Mar-20,03-2020,PVSP,5,0,0,4,1,0,1,0,1,0,12
Mar-20,03-2020,RJD,17,0,0,1,1,0,1,0,0,1,21
Mar-20,03-2020,SAC,116,0,1,3,0,2,3,2,0,0,127
Mar-20,03-2020,SATF,9,0,0,4,0,4,0,1,0,0,18
Mar-20,03-2020,SCC,47,1,0,2,8,6,10,0,0,0,74
Mar-20,03-2020,SOL,51,0,0,3,3,1,0,1,0,0,59
Mar-20,03-2020,SQ,2,0,0,1,2,0,2,0,0,0,7
Mar-20,03-2020,SVSP,34,0,0,6,7,10,4,1,0,0,62
Mar-20,03-2020,VSP,1,0,0,0,1,3,0,0,3,0,8
Mar-20,03-2020,WSP,4,0,0,0,0,0,1,0,0,0,5
Apr-20,04-2020,ASP,0,0,0,3,0,1,2,0,2,0,8
Apr-20,04-2020,CAC,1,0,0,3,0,0,1,0,0,0,5
Apr-20,04-2020,CAL,8,0,0,6,3,9,2,0,19,0,47
Apr-20,04-2020,CCC,37,0,0,0,1,2,0,0,2,0,42
Apr-20,04-2020,CCI,22,0,0,0,5,6,0,0,1,0,34
Apr-20,04-2020,CCWF,1,0,0,2,0,1,0,0,0,0,4
Apr-20,04-2020,CEN,24,0,2,4,2,2,0,0,2,0,36
Apr-20,04-2020,CHCF,3,0,0,0,0,0,0,0,0,0,3
Apr-20,04-2020,CIM,6,0,0,0,2,3,0,0,2,0,13
Apr-20,04-2020,CIW,4,0,0,0,0,4,2,0,1,0,11
Apr-20,04-2020,CMC,1,0,0,0,1,0,0,0,0,0,2
Apr-20,04-2020,CMF,41,0,0,2,4,8,1,0,0,0,56
Apr-20,04-2020,COR,18,0,6,27,2,6,3,8,0,0,70
Apr-20,04-2020,CRC,22,0,0,10,10,7,1,3,2,0,55
Apr-20,04-2020,CTF,9,0,0,2,0,0,2,0,1,0,14
Apr-20,04-2020,CVSP,0,0,0,0,0,0,2,0,0,0,2
Apr-20,04-2020,DVI,6,0,0,4,2,3,2,0,0,1,18
Apr-20,04-2020,FOL,6,0,0,1,1,1,0,0,0,0,9
Apr-20,04-2020,HDSP,8,1,0,2,0,3,1,0,7,0,22
Apr-20,04-2020,ISP,13,0,0,1,0,0,1,0,0,0,15
Apr-20,04-2020,KVSP,18,0,0,7,2,8,1,0,10,0,46
Apr-20,04-2020,LAC,28,0,0,8,13,3,5,0,6,0,63
Apr-20,04-2020,MCSP,9,0,0,0,0,4,1,0,1,0,15
Apr-20,04-2020,NKSP,22,0,0,2,0,1,0,0,2,0,27
Apr-20,04-2020,PBSP,0,0,0,0,0,0,0,0,0,0,0
Apr-20,04-2020,PVSP,14,0,0,6,1,2,0,2,3,0,28
Apr-20,04-2020,RJD,6,0,0,3,8,2,1,0,3,0,23
Apr-20,04-2020,SAC,57,2,0,6,4,1,6,2,2,0,80
Apr-20,04-2020,SATF,5,0,0,2,0,12,0,2,3,0,24
Apr-20,04-2020,SCC,50,0,0,0,9,8,16,0,6,1,90
Apr-20,04-2020,SOL,39,0,0,3,5,1,0,1,0,0,49
Apr-20,04-2020,SQ,6,0,0,2,2,2,8,0,0,0,20
Apr-20,04-2020,SVSP,25,0,0,9,5,8,4,2,0,0,53
Apr-20,04-2020,VSP,9,0,0,0,0,0,0,0,1,0,10
Apr-20,04-2020,WSP,9,0,0,9,0,1,0,0,0,0,19
May-20,05-2020,ASP,0,0,0,0,0,1,0,0,3,0,4
May-20,05-2020,CAC,22,0,0,1,0,0,0,0,2,0,25
May-20,05-2020,CAL,14,2,0,3,0,6,0,0,14,0,39
May-20,05-2020,CCC,38,0,0,2,5,5,5,0,1,0,56
May-20,05-2020,CCI,15,0,0,14,7,6,1,0,1,0,44
May-20,05-2020,CCWF,6,0,0,3,0,4,0,0,6,0,19
May-20,05-2020,CEN,18,0,2,5,2,3,2,0,0,0,32
May-20,05-2020,CHCF,2,0,0,0,0,0,0,0,0,0,2
May-20,05-2020,CIM,1,0,0,1,0,2,0,0,0,0,4
May-20,05-2020,CIW,3,0,0,1,1,6,0,0,0,0,11
May-20,05-2020,CMC,4,0,0,0,1,0,0,0,3,0,8
May-20,05-2020,CMF,14,0,0,2,3,0,0,0,0,0,19
May-20,05-2020,COR,33,0,0,17,6,8,6,3,1,0,74
May-20,05-2020,CRC,37,0,4,16,6,5,1,1,4,1,75
May-20,05-2020,CTF,14,0,0,0,1,0,4,0,0,0,19
May-20,05-2020,CVSP,0,0,0,0,0,0,0,0,0,0,0
May-20,05-2020,DVI,3,0,0,1,1,0,0,0,0,0,5
May-20,05-2020,FOL,7,0,0,1,3,5,1,2,5,0,24
May-20,05-2020,HDSP,10,0,0,5,0,3,0,0,7,0,25
May-20,05-2020,ISP,18,0,0,0,1,2,1,0,0,0,22
May-20,05-2020,KVSP,30,0,0,5,4,10,1,0,3,0,53
May-20,05-2020,LAC,27,0,0,8,4,5,0,0,0,1,45
May-20,05-2020,MCSP,3,0,0,0,0,1,1,0,0,0,5
May-20,05-2020,NKSP,22,0,0,2,2,1,0,0,0,0,27
May-20,05-2020,PBSP,0,0,0,0,0,0,0,0,0,0,0
May-20,05-2020,PVSP,9,0,0,6,1,5,0,1,12,0,34
May-20,05-2020,RJD,13,0,0,7,7,4,3,0,15,0,49
May-20,05-2020,SAC,50,0,0,8,8,6,2,1,2,0,77
May-20,05-2020,SATF,5,0,0,3,0,1,0,0,1,0,10
May-20,05-2020,SCC,66,0,0,2,10,12,9,1,2,0,102
May-20,05-2020,SOL,65,0,0,2,1,0,0,0,0,0,68
May-20,05-2020,SQ,5,0,0,2,4,0,3,1,0,0,15
May-20,05-2020,SVSP,41,0,0,2,4,1,3,2,1,0,54
May-20,05-2020,VSP,4,0,0,0,0,0,0,0,2,0,6
May-20,05-2020,WSP,4,0,0,2,1,0,0,0,0,0,7
Jun-20,06-2020,ASP,0,0,0,0,0,6,0,0,4,0,10
Jun-20,06-2020,CAC,8,0,0,4,0,0,0,0,1,0,13
Jun-20,06-2020,CAL,15,0,0,15,6,0,0,0,17,0,53
Jun-20,06-2020,CCC,33,0,0,0,5,4,2,0,3,0,47
Jun-20,06-2020,CCI,13,0,0,1,0,4,1,0,4,0,23
Jun-20,06-2020,CCWF,0,0,0,0,4,5,0,0,2,0,11
Jun-20,06-2020,CEN,20,0,0,10,1,1,0,0,0,0,32
Jun-20,06-2020,CHCF,2,0,0,0,0,0,0,0,0,0,2
Jun-20,06-2020,CIM,1,0,0,0,0,0,0,0,0,0,1
Jun-20,06-2020,CIW,3,0,0,0,0,2,0,0,0,0,5
Jun-20,06-2020,CMC,3,0,0,0,0,0,0,0,1,0,4
Jun-20,06-2020,CMF,29,2,0,5,5,0,2,0,3,0,46
Jun-20,06-2020,COR,13,0,1,6,9,5,5,2,1,0,42
Jun-20,06-2020,CRC,29,1,0,1,2,7,2,1,3,0,46
Jun-20,06-2020,CTF,8,0,0,0,0,2,0,0,0,0,10
Jun-20,06-2020,CVSP,1,0,0,0,0,0,2,0,0,0,3
Jun-20,06-2020,DVI,3,0,0,0,1,1,4,0,4,0,13
Jun-20,06-2020,FOL,9,0,0,1,0,0,0,1,4,0,15
Jun-20,06-2020,HDSP,8,0,1,3,1,3,0,0,4,0,20
Jun-20,06-2020,ISP,10,0,0,1,0,0,3,0,1,0,15
Jun-20,06-2020,KVSP,10,0,0,4,7,18,2,0,6,0,47
Jun-20,06-2020,LAC,25,0,0,10,10,1,3,0,5,2,56
Jun-20,06-2020,MCSP,5,0,0,0,3,2,1,0,2,0,13
Jun-20,06-2020,NKSP,16,0,0,2,1,1,1,0,0,0,21
Jun-20,06-2020,PBSP,0,0,0,5,0,0,0,0,10,0,15
Jun-20,06-2020,PVSP,10,1,0,12,4,3,0,4,11,0,45
Jun-20,06-2020,RJD,23,0,0,6,4,8,4,0,10,0,55
Jun-20,06-2020,SAC,37,0,1,4,7,4,2,1,4,0,60
Jun-20,06-2020,SATF,6,0,0,4,1,1,1,0,2,0,15
Jun-20,06-2020,SCC,44,0,0,0,3,10,9,2,1,0,69
Jun-20,06-2020,SOL,36,0,0,1,1,1,0,0,0,0,39
Jun-20,06-2020,SQ,5,1,0,0,1,1,0,1,2,0,11
Jun-20,06-2020,SVSP,28,0,0,9,6,5,2,3,1,0,54
Jun-20,06-2020,VSP,8,0,0,1,5,0,2,0,0,0,16
Jun-20,06-2020,WSP,6,0,0,0,0,1,0,0,3,0,10
Jul-20,07-2020,ASP,1,0,0,0,0,2,0,0,5,0,8
Jul-20,07-2020,CAC,13,2,0,4,0,0,0,0,1,0,20
Jul-20,07-2020,CAL,19,0,0,7,2,6,0,0,5,0,39
Jul-20,07-2020,CCC,41,0,0,0,0,0,2,0,2,0,45
Jul-20,07-2020,CCI,8,0,0,0,0,4,1,0,0,0,13
Jul-20,07-2020,CCWF,3,0,0,1,0,6,0,0,1,0,11
Jul-20,07-2020,CEN,16,0,2,5,1,0,0,0,0,0,24
Jul-20,07-2020,CHCF,0,0,0,0,0,0,0,0,0,0,0
Jul-20,07-2020,CIM,4,0,0,1,0,0,1,0,0,0,6
Jul-20,07-2020,CIW,1,0,0,0,0,1,0,0,1,0,3
Jul-20,07-2020,CMC,2,0,0,0,0,1,0,0,0,0,3
Jul-20,07-2020,CMF,18,0,0,4,3,2,3,0,1,0,31
Jul-20,07-2020,COR,10,0,0,8,1,5,2,0,0,0,26
Jul-20,07-2020,CRC,16,0,0,2,1,2,2,0,0,0,23
Jul-20,07-2020,CTF,14,0,0,0,2,1,1,0,1,0,19
Jul-20,07-2020,CVSP,0,0,0,0,0,0,0,0,0,0,0
Jul-20,07-2020,DVI,3,1,0,2,7,1,1,0,1,0,16
Jul-20,07-2020,FOL,4,0,0,5,0,4,1,0,0,0,14
Jul-20,07-2020,HDSP,13,0,0,2,1,1,0,2,2,0,21
Jul-20,07-2020,ISP,19,0,0,2,9,2,0,0,1,0,33
Jul-20,07-2020,KVSP,14,0,0,7,4,35,0,0,5,0,65
Jul-20,07-2020,LAC,27,0,0,5,1,0,0,0,1,0,34
Jul-20,07-2020,MCSP,1,0,0,0,0,3,0,0,6,0,10
Jul-20,07-2020,NKSP,11,0,0,0,2,0,2,0,0,0,15
Jul-20,07-2020,PBSP,0,0,0,1,1,1,0,0,4,0,7
Jul-20,07-2020,PVSP,14,0,0,4,1,2,0,0,8,0,29
Jul-20,07-2020,RJD,15,0,0,6,12,7,1,0,2,0,43
Jul-20,07-2020,SAC,47,0,0,7,4,1,4,1,1,0,65
Jul-20,07-2020,SATF,6,0,0,0,0,0,0,0,1,0,7
Jul-20,07-2020,SCC,52,1,0,0,3,5,5,0,2,0,68
Jul-20,07-2020,SOL,43,0,0,0,2,0,0,0,2,0,47
Jul-20,07-2020,SQ,5,0,0,1,1,2,0,0,0,0,9
Jul-20,07-2020,SVSP,31,0,0,3,1,2,1,2,2,2,44
Jul-20,07-2020,VSP,6,1,0,0,0,2,0,0,4,0,13
Jul-20,07-2020,WSP,0,0,0,4,0,1,0,0,6,0,11
Aug-20,08-2020,ASP,1,0,0,0,0,0,0,1,0,0,2
Aug-20,08-2020,CAC,11,0,0,0,0,0,0,0,3,0,14
Aug-20,08-2020,CAL,15,0,0,11,2,7,0,0,10,0,45
Aug-20,08-2020,CCC,19,0,0,0,1,0,0,0,0,0,20
Aug-20,08-2020,CCI,10,0,0,4,4,3,0,0,4,0,25
Aug-20,08-2020,CCWF,0,0,0,0,0,0,0,0,0,0,0
Aug-20,08-2020,CEN,15,0,0,2,2,4,0,0,1,0,24
Aug-20,08-2020,CHCF,8,0,0,0,2,2,0,0,0,0,12
Aug-20,08-2020,CIM,2,0,0,1,5,3,2,0,1,0,14
Aug-20,08-2020,CIW,2,0,0,0,0,1,0,0,2,0,5
Aug-20,08-2020,CMC,2,0,0,0,0,1,0,0,0,0,3
Aug-20,08-2020,CMF,23,1,0,0,4,4,0,0,0,0,32
Aug-20,08-2020,COR,24,0,1,2,3,11,0,1,0,0,42
Aug-20,08-2020,CRC,17,0,0,0,0,1,0,0,0,0,18
Aug-20,08-2020,CTF,3,2,0,0,2,3,0,0,1,0,11
Aug-20,08-2020,CVSP,0,0,0,0,0,1,0,0,0,0,1
Aug-20,08-2020,DVI,7,0,0,1,3,0,3,0,0,0,14
Aug-20,08-2020,FOL,0,0,0,0,0,3,0,0,3,0,6
Aug-20,08-2020,HDSP,3,0,0,6,1,3,1,0,4,0,18
Aug-20,08-2020,ISP,26,0,0,1,2,0,1,0,0,0,30
Aug-20,08-2020,KVSP,12,0,0,8,5,19,0,0,3,0,47
Aug-20,08-2020,LAC,20,0,0,7,10,5,0,0,0,0,42
Aug-20,08-2020,MCSP,3,0,0,0,1,1,1,0,3,0,9
Aug-20,08-2020,NKSP,19,0,0,0,0,3,0,0,0,0,22
Aug-20,08-2020,PBSP,0,0,0,3,0,4,0,0,3,0,10
Aug-20,08-2020,PVSP,6,0,0,1,0,1,0,2,1,0,11
Aug-20,08-2020,RJD,25,2,0,7,5,3,6,0,1,0,49
Aug-20,08-2020,SAC,27,0,0,0,1,3,0,1,0,0,32
Aug-20,08-2020,SATF,12,0,0,1,1,2,0,1,2,0,19
Aug-20,08-2020,SCC,45,0,0,0,8,6,21,0,7,0,87
Aug-20,08-2020,SOL,31,0,0,1,2,0,0,0,0,0,34
Aug-20,08-2020,SQ,7,0,0,4,0,6,0,0,1,0,18
Aug-20,08-2020,SVSP,27,0,0,3,3,2,2,3,1,0,41
Aug-20,08-2020,VSP,3,0,0,1,1,2,0,0,0,0,7
Aug-20,08-2020,WSP,5,0,0,1,0,0,0,0,0,0,6
Sep-20,09-2020,ASP,0,0,0,1,0,1,0,1,0,0,3
Sep-20,09-2020,CAC,39,0,0,1,0,0,0,1,0,0,41
Sep-20,09-2020,CAL,10,0,0,6,4,9,0,0,10,0,39
Sep-20,09-2020,CCC,23,0,0,2,3,4,2,1,0,0,35
Sep-20,09-2020,CCI,36,0,0,3,4,10,0,0,2,0,55
Sep-20,09-2020,CCWF,1,0,0,1,0,5,0,0,3,0,10
Sep-20,09-2020,CEN,35,0,0,4,0,4,0,0,0,0,43
Sep-20,09-2020,CHCF,4,0,0,0,4,2,0,0,0,0,10
Sep-20,09-2020,CIM,6,0,0,0,0,0,0,0,1,0,7
Sep-20,09-2020,CIW,1,0,0,3,0,5,0,0,2,0,11
Sep-20,09-2020,CMC,5,0,0,0,0,2,2,0,1,0,10
Sep-20,09-2020,CMF,19,5,0,1,6,1,1,0,2,0,35
Sep-20,09-2020,COR,9,0,0,4,8,11,4,2,0,0,38
Sep-20,09-2020,CRC,15,0,0,2,1,2,0,0,0,0,20
Sep-20,09-2020,CTF,8,0,0,0,0,0,0,0,3,0,11
Sep-20,09-2020,CVSP,0,0,0,0,0,0,0,0,0,0,0
Sep-20,09-2020,DVI,3,0,1,3,5,2,0,0,2,0,16
Sep-20,09-2020,FOL,0,0,0,0,0,0,0,0,0,0,0
Sep-20,09-2020,HDSP,16,0,1,2,0,3,2,0,1,0,25
Sep-20,09-2020,ISP,12,0,0,0,0,0,0,0,0,0,12
Sep-20,09-2020,KVSP,55,0,0,10,3,7,2,0,0,0,77
Sep-20,09-2020,LAC,29,0,0,2,16,4,0,0,0,0,51
Sep-20,09-2020,MCSP,0,0,0,1,0,0,0,0,5,0,6
Sep-20,09-2020,NKSP,19,0,0,0,0,1,0,0,0,0,20
Sep-20,09-2020,PBSP,3,0,0,1,0,1,0,0,2,0,7
Sep-20,09-2020,PVSP,21,0,0,2,1,4,0,1,0,0,29
Sep-20,09-2020,RJD,22,0,0,8,4,13,3,0,0,0,50
Sep-20,09-2020,SAC,46,0,0,0,2,6,0,1,1,0,56
Sep-20,09-2020,SATF,8,0,0,0,3,1,0,0,2,0,14
Sep-20,09-2020,SCC,36,0,0,2,4,4,9,0,5,0,60
Sep-20,09-2020,SOL,72,0,0,1,10,0,0,0,0,0,83
Sep-20,09-2020,SQ,17,0,0,1,0,4,0,3,1,0,26
Sep-20,09-2020,SVSP,25,0,0,6,11,5,4,4,1,0,56
Sep-20,09-2020,VSP,3,0,0,0,0,1,0,0,0,0,4
Sep-20,09-2020,WSP,8,0,0,2,0,0,0,0,2,0,12
Oct-20,10-2020,ASP,1,0,0,0,1,5,0,0,1,0,8
Oct-20,10-2020,CAC,20,0,0,1,0,0,0,0,0,0,21
Oct-20,10-2020,CAL,11,0,0,7,3,23,0,0,6,0,50
Oct-20,10-2020,CCC,33,0,0,2,2,2,1,0,2,0,42
Oct-20,10-2020,CCI,11,0,0,3,4,35,1,0,5,0,59
Oct-20,10-2020,CCWF,1,0,0,3,0,5,0,0,4,0,13
Oct-20,10-2020,CEN,43,0,0,2,1,3,0,0,1,0,50
Oct-20,10-2020,CHCF,6,0,0,0,2,0,3,0,0,0,11
Oct-20,10-2020,CIM,12,0,0,2,7,2,2,0,1,0,26
Oct-20,10-2020,CIW,1,0,0,2,0,4,0,0,0,0,7
Oct-20,10-2020,CMC,4,0,0,0,0,0,0,0,0,0,4
Oct-20,10-2020,CMF,20,0,0,0,0,4,0,0,0,0,24
Oct-20,10-2020,COR,6,0,0,2,5,5,2,3,0,0,23
Oct-20,10-2020,CRC,16,1,0,3,5,5,4,0,0,0,34
Oct-20,10-2020,CTF,6,0,0,6,1,1,0,0,3,0,17
Oct-20,10-2020,CVSP,2,0,0,0,0,0,0,0,0,0,2
Oct-20,10-2020,DVI,3,0,6,4,6,0,2,0,2,0,23
Oct-20,10-2020,FOL,9,0,0,0,1,0,0,1,0,0,11
Oct-20,10-2020,HDSP,5,0,0,0,0,5,0,0,0,0,10
Oct-20,10-2020,ISP,3,0,0,0,0,0,0,0,0,0,3
Oct-20,10-2020,KVSP,22,0,0,8,2,7,0,0,0,0,39
Oct-20,10-2020,LAC,28,1,0,8,5,5,1,0,0,0,48
Oct-20,10-2020,MCSP,2,0,0,0,0,1,0,0,0,0,3
Oct-20,10-2020,NKSP,3,0,0,0,0,2,0,0,1,0,6
Oct-20,10-2020,PBSP,2,1,0,2,1,13,0,0,4,0,23
Oct-20,10-2020,PVSP,8,0,0,2,0,3,1,0,1,0,15
Oct-20,10-2020,RJD,19,0,0,1,4,8,4,0,2,0,38
Oct-20,10-2020,SAC,21,0,0,0,2,7,2,4,2,0,38
Oct-20,10-2020,SATF,21,0,0,3,2,1,0,0,0,0,27
Oct-20,10-2020,SCC,51,0,0,0,7,4,15,0,2,0,79
Oct-20,10-2020,SOL,87,0,0,0,0,0,0,0,0,0,87
Oct-20,10-2020,SQ,13,0,0,0,5,9,0,0,4,0,31
Oct-20,10-2020,SVSP,45,0,0,11,5,13,1,6,0,0,81
Oct-20,10-2020,VSP,3,0,0,0,0,0,1,0,0,0,4
Oct-20,10-2020,WSP,1,0,0,1,0,2,0,0,2,0,6
Nov-20,11-2020,ASP,0,0,0,0,0,2,0,0,1,0,3
Nov-20,11-2020,CAC,11,0,0,2,2,2,0,0,0,0,17
Nov-20,11-2020,CAL,13,0,0,2,8,15,0,0,6,0,44
Nov-20,11-2020,CCC,32,0,0,2,3,1,3,0,0,0,41
Nov-20,11-2020,CCI,5,0,0,1,0,7,0,0,1,0,14
Nov-20,11-2020,CCWF,3,0,0,3,1,6,0,0,3,0,16
Nov-20,11-2020,CEN,31,0,0,2,0,2,2,0,0,0,37
Nov-20,11-2020,CHCF,5,0,0,0,0,5,0,0,0,0,10
Nov-20,11-2020,CIM,11,0,0,0,2,2,1,0,1,0,17
Nov-20,11-2020,CIW,3,0,0,2,2,2,1,0,0,0,10
Nov-20,11-2020,CMC,2,0,0,1,0,1,0,1,1,0,6
Nov-20,11-2020,CMF,12,0,0,0,1,1,0,0,0,0,14
Nov-20,11-2020,COR,15,0,0,2,3,2,0,0,0,0,22
Nov-20,11-2020,CRC,13,0,0,2,1,1,0,0,0,0,17
Nov-20,11-2020,CTF,2,0,0,2,1,2,0,0,5,0,12
Nov-20,11-2020,CVSP,0,0,0,0,0,0,0,0,0,0,0
Nov-20,11-2020,DVI,5,0,1,0,1,0,1,0,0,0,8
Nov-20,11-2020,FOL,13,0,0,1,0,0,0,0,0,0,14
Nov-20,11-2020,HDSP,3,0,1,0,2,8,0,0,2,0,16
Nov-20,11-2020,ISP,11,0,0,0,0,0,0,0,0,0,11
Nov-20,11-2020,KVSP,10,0,0,4,3,7,2,0,1,0,27
Nov-20,11-2020,LAC,45,1,0,13,20,7,1,0,4,1,92
Nov-20,11-2020,MCSP,1,0,0,0,0,0,0,0,0,0,1
Nov-20,11-2020,NKSP,16,0,0,0,1,1,0,0,0,0,18
Nov-20,11-2020,PBSP,0,1,0,1,0,2,0,0,0,0,4
Nov-20,11-2020,PVSP,5,0,0,2,0,0,0,0,0,0,7
Nov-20,11-2020,RJD,16,0,0,3,1,14,4,0,5,0,43
Nov-20,11-2020,SAC,18,0,0,6,2,5,0,1,1,0,33
Nov-20,11-2020,SATF,2,0,0,0,0,1,0,1,0,0,4
Nov-20,11-2020,SCC,47,0,0,1,11,6,9,0,4,0,78
Nov-20,11-2020,SOL,35,0,0,0,0,0,0,0,0,0,35
Nov-20,11-2020,SQ,17,0,0,3,4,9,0,0,0,0,33
Nov-20,11-2020,SVSP,34,0,0,7,6,3,3,0,1,0,54
Nov-20,11-2020,VSP,0,0,0,0,0,0,0,0,0,0,0
Nov-20,11-2020,WSP,2,0,0,0,0,2,0,0,1,1,6
Dec-20,12-2020,ASP,0,0,0,0,0,1,1,0,1,0,3
Dec-20,12-2020,CAC,2,0,0,0,0,0,0,0,0,0,2
Dec-20,12-2020,CAL,4,0,0,5,0,9,0,0,1,0,19
Dec-20,12-2020,CCC,27,0,0,0,8,3,2,0,0,0,40
Dec-20,12-2020,CCI,2,0,0,0,1,5,0,0,1,0,9
Dec-20,12-2020,CCWF,2,1,0,2,2,2,0,0,0,0,9
Dec-20,12-2020,CEN,12,0,0,1,1,3,1,0,2,0,20
Dec-20,12-2020,CHCF,1,0,0,0,0,2,0,0,0,0,3
Dec-20,12-2020,CIM,9,0,0,1,2,4,2,0,2,0,20
Dec-20,12-2020,CIW,1,0,0,0,1,3,0,0,2,0,7
Dec-20,12-2020,CMC,4,0,0,0,2,0,0,0,2,0,8
Dec-20,12-2020,CMF,8,0,0,5,2,2,0,0,1,0,18
Dec-20,12-2020,COR,8,0,0,1,1,9,0,0,1,0,20
Dec-20,12-2020,CRC,19,0,0,0,3,4,3,0,0,0,29
Dec-20,12-2020,CTF,3,0,0,0,4,5,0,0,2,0,14
Dec-20,12-2020,CVSP,0,0,0,0,0,0,0,0,0,0,0
Dec-20,12-2020,DVI,6,0,0,1,8,1,2,0,0,0,18
Dec-20,12-2020,FOL,18,0,0,0,0,0,0,0,0,0,18
Dec-20,12-2020,HDSP,0,0,0,1,0,6,1,0,2,0,10
Dec-20,12-2020,ISP,12,0,0,0,0,0,0,0,0,0,12
Dec-20,12-2020,KVSP,13,0,0,1,7,1,1,0,0,0,23
Dec-20,12-2020,LAC,9,0,0,6,2,6,2,0,0,0,25
Dec-20,12-2020,MCSP,0,0,0,0,0,0,0,0,0,0,0
Dec-20,12-2020,NKSP,6,0,0,1,0,0,0,0,1,0,8
Dec-20,12-2020,PBSP,0,0,0,0,0,0,0,0,0,0,0
Dec-20,12-2020,PVSP,3,0,0,2,0,1,0,0,0,0,6
Dec-20,12-2020,RJD,7,0,0,1,1,6,1,0,0,0,16
Dec-20,12-2020,SAC,24,0,0,7,5,4,2,0,0,0,42
Dec-20,12-2020,SATF,7,0,0,1,0,2,0,1,0,0,11
Dec-20,12-2020,SCC,48,0,0,1,12,6,12,0,2,0,81
Dec-20,12-2020,SOL,16,0,0,1,1,1,0,0,0,0,19
Dec-20,12-2020,SQ,16,0,0,2,0,3,0,0,2,0,23
Dec-20,12-2020,SVSP,25,0,0,0,3,3,2,2,3,0,38
Dec-20,12-2020,VSP,0,0,0,0,0,0,0,0,0,0,0
Dec-20,12-2020,WSP,2,0,0,0,0,0,0,0,0,0,2
